dateiname;relativer_pfad;quell_url;quelle_institution;berichtsjahr;version;abrufdatum;dateigroesse_bytes;sha256;lizenz;format;bemerkung
pks2018Aenderungsnachweis.pdf;data/raw/pks/interpretationshilfen/2018/pks2018Aenderungsnachweis.pdf;https://www.bka.de/SharedDocs/Downloads/DE/Publikationen/PolizeilicheKriminalstatistik/2018/pks2018Aenderungsnachweis.pdf?__blob=publicationFile&v=32;Bundeskriminalamt;2018;;2026-08-26;323405;760f3180554fa4c315590e8a545298933d9c1d34ac2a7b13ba68d31f8b40dece;dl-de/by-2-0;pdf;aenderungsnachweis
pks2018Jahrbuch1Faelle.pdf;data/raw/pks/bund/2018/pks2018Jahrbuch1Faelle.pdf;https://www.bka.de/SharedDocs/Downloads/DE/Publikationen/PolizeilicheKriminalstatistik/2018/pks2018Jahrbuch1Faelle.pdf?__blob=publicationFile&v=11;Bundeskriminalamt;2018;;2026-08-26;1823030;5544a4b3b1770429bd5c68a7ae7c3ab10c01e681e3a92b34bd954639831de174;dl-de/by-2-0;pdf;faelle
pks2018Jahrbuch2Opfer.pdf;data/raw/pks/bund/2018/pks2018Jahrbuch2Opfer.pdf;https://www.bka.de/SharedDocs/Downloads/DE/Publikationen/PolizeilicheKriminalstatistik/2018/pks2018Jahrbuch2Opfer.pdf?__blob=publicationFile&v=7;Bundeskriminalamt;2018;;2026-08-26;753163;0cf0bd4a1fdd03361c120eb2f5c2652e25ca8bd676e8d5d7206cb9a50780debe;dl-de/by-2-0;pdf;opfer
straftatenkatalog_pdf.pdf;data/raw/pks/interpretationshilfen/2018/straftatenkatalog_pdf.pdf;https://www.bka.de/SharedDocs/Downloads/DE/Publikationen/PolizeilicheKriminalstatistik/2018/Standardtabellen/straftatenkatalog_pdf.pdf?__blob=publicationFile&v=6;Bundeskriminalamt;2018;;2026-08-26;1039494;5740d067360daa87761a843c6f2b842910c0bbc55ca1d369c8eacd9b08f46a45;dl-de/by-2-0;pdf;interpretation standard
pks2018UebersichtSummenschluessel.pdf;data/raw/pks/interpretationshilfen/2018/pks2018UebersichtSummenschluessel.pdf;https://www.bka.de/SharedDocs/Downloads/DE/Publikationen/PolizeilicheKriminalstatistik/2018/pks2018UebersichtSummenschluessel.pdf?__blob=publicationFile&v=5;Bundeskriminalamt;2018;;2026-08-26;246062;3255a0d30f9d8cba12b9f85ada2b6b1cb6cbe22c517ae1e3e5cbb569dc572329;dl-de/by-2-0;pdf;interpretation
pks2018Richtlinien.pdf;data/raw/pks/interpretationshilfen/2018/pks2018Richtlinien.pdf;https://www.bka.de/SharedDocs/Downloads/DE/Publikationen/PolizeilicheKriminalstatistik/2018/pks2018Richtlinien.pdf?__blob=publicationFile&v=3;Bundeskriminalamt;2018;;2026-08-26;433021;db950fb1b697e083588e23d3e196b5a552ec9061c06b7d22fde5e8f503a11201;dl-de/by-2-0;pdf;richtlinien
pks2018RichtlinienAnlage2.pdf;data/raw/pks/interpretationshilfen/2018/pks2018RichtlinienAnlage2.pdf;https://www.bka.de/SharedDocs/Downloads/DE/Publikationen/PolizeilicheKriminalstatistik/2018/pks2018RichtlinienAnlage2.pdf?__blob=publicationFile&v=3;Bundeskriminalamt;2018;;2026-08-26;187624;dccba2303f00c952e0e422908d6a3276de860a2a282f2a585b58e1b6c844e966;dl-de/by-2-0;pdf;richtlinien
pks2018RichtlinienAnlage3.pdf;data/raw/pks/interpretationshilfen/2018/pks2018RichtlinienAnlage3.pdf;https://www.bka.de/SharedDocs/Downloads/DE/Publikationen/PolizeilicheKriminalstatistik/2018/pks2018RichtlinienAnlage3.pdf?__blob=publicationFile&v=3;Bundeskriminalamt;2018;;2026-08-26;335142;9fbd7fa60f985ef700169a95741dfdfeac4003ffa2d5c27506f7f267d7e265b5;dl-de/by-2-0;pdf;richtlinien
pks2018RichtlinienAnlage4.pdf;data/raw/pks/interpretationshilfen/2018/pks2018RichtlinienAnlage4.pdf;https://www.bka.de/SharedDocs/Downloads/DE/Publikationen/PolizeilicheKriminalstatistik/2018/pks2018RichtlinienAnlage4.pdf?__blob=publicationFile&v=3;Bundeskriminalamt;2018;;2026-08-26;153070;02e4bc27868df063be38cbfc18e2482ebce5e0d9bd842a6e52b2dab60cafb35c;dl-de/by-2-0;pdf;richtlinien
pks2018RichtlinienAnlage5.pdf;data/raw/pks/interpretationshilfen/2018/pks2018RichtlinienAnlage5.pdf;https://www.bka.de/SharedDocs/Downloads/DE/Publikationen/PolizeilicheKriminalstatistik/2018/pks2018RichtlinienAnlage5.pdf?__blob=publicationFile&v=3;Bundeskriminalamt;2018;;2026-08-26;498711;2f3d552637f84e66d41af6c201560b0954b4efb570eda4b82571fbc8e67bf1bc;dl-de/by-2-0;pdf;richtlinien
pks2018RichtlinienAnlage5Anlage1.pdf;data/raw/pks/interpretationshilfen/2018/pks2018RichtlinienAnlage5Anlage1.pdf;https://www.bka.de/SharedDocs/Downloads/DE/Publikationen/PolizeilicheKriminalstatistik/2018/pks2018RichtlinienAnlage5Anlage1.pdf?__blob=publicationFile&v=3;Bundeskriminalamt;2018;;2026-08-26;363798;01d932d9676a41802e9ff43ff5f2027488eb0c038b31c9fb54eb8b6442820849;dl-de/by-2-0;pdf;richtlinien
pks2017Aenderungsnachweis.pdf;data/raw/pks/interpretationshilfen/2017/pks2017Aenderungsnachweis.pdf;https://www.bka.de/SharedDocs/Downloads/DE/Publikationen/PolizeilicheKriminalstatistik/2017/pks2017Aenderungsnachweis.pdf?__blob=publicationFile&v=21;Bundeskriminalamt;2017;;2026-08-26;204244;3a81e2bc6d30bad2d0ba6bf699f50a4d9102eac738dfc27b31726f018122e51c;dl-de/by-2-0;pdf;aenderungsnachweis
pks2017Jahrbuch1Faelle.pdf;data/raw/pks/bund/2017/pks2017Jahrbuch1Faelle.pdf;https://www.bka.de/SharedDocs/Downloads/DE/Publikationen/PolizeilicheKriminalstatistik/2017/pks2017Jahrbuch1Faelle.pdf?__blob=publicationFile&v=7;Bundeskriminalamt;2017;;2026-08-26;1238897;8315380b72af3dd72c2d576afc05736f51adab96bebdb60530a6f1eadca19c41;dl-de/by-2-0;pdf;faelle
pks2017Jahrbuch2Opfer.pdf;data/raw/pks/bund/2017/pks2017Jahrbuch2Opfer.pdf;https://www.bka.de/SharedDocs/Downloads/DE/Publikationen/PolizeilicheKriminalstatistik/2017/pks2017Jahrbuch2Opfer.pdf?__blob=publicationFile&v=4;Bundeskriminalamt;2017;;2026-08-26;793396;e04ccb5f6521dee716b42b89ba05c4ab5e20917de5257d89afcd4e41adc59f16;dl-de/by-2-0;pdf;opfer
straftatenkatalog_pdf.pdf;data/raw/pks/interpretationshilfen/2017/straftatenkatalog_pdf.pdf;https://www.bka.de/SharedDocs/Downloads/DE/Publikationen/PolizeilicheKriminalstatistik/2017/Standardtabellen/straftatenkatalog_pdf.pdf?__blob=publicationFile&v=3;Bundeskriminalamt;2017;;2026-08-26;535607;1af27ee20d3f445ee4c1981640c3570166f6a6f91f159ac4fc57f1897c7e9c48;dl-de/by-2-0;pdf;interpretation standard
pks2017UebersichtSummenschluessel.pdf;data/raw/pks/interpretationshilfen/2017/pks2017UebersichtSummenschluessel.pdf;https://www.bka.de/SharedDocs/Downloads/DE/Publikationen/PolizeilicheKriminalstatistik/2017/pks2017UebersichtSummenschluessel.pdf?__blob=publicationFile&v=3;Bundeskriminalamt;2017;;2026-08-26;282533;eb265bf03bdffc0dcd21610e7ae90a8850c982e291f459ee2081b0dac4442d90;dl-de/by-2-0;pdf;interpretation
pks2017Richtlinien.pdf;data/raw/pks/interpretationshilfen/2017/pks2017Richtlinien.pdf;https://www.bka.de/SharedDocs/Downloads/DE/Publikationen/PolizeilicheKriminalstatistik/2017/pks2017Richtlinien.pdf?__blob=publicationFile&v=3;Bundeskriminalamt;2017;;2026-08-26;646540;cdd6584eb8a7fe880b29f8d7b4bdb419b9b4503d7b7d1b9d08c4fbf170cda180;dl-de/by-2-0;pdf;richtlinien
pks2017RichtlinienAnlage2.pdf;data/raw/pks/interpretationshilfen/2017/pks2017RichtlinienAnlage2.pdf;https://www.bka.de/SharedDocs/Downloads/DE/Publikationen/PolizeilicheKriminalstatistik/2017/pks2017RichtlinienAnlage2.pdf?__blob=publicationFile&v=3;Bundeskriminalamt;2017;;2026-08-26;359415;1d3d3882d707e10be80c78e1fab083e3e9ea37ef3932bda8338d6290018b5182;dl-de/by-2-0;pdf;richtlinien
pks2017RichtlinienAnlage3.pdf;data/raw/pks/interpretationshilfen/2017/pks2017RichtlinienAnlage3.pdf;https://www.bka.de/SharedDocs/Downloads/DE/Publikationen/PolizeilicheKriminalstatistik/2017/pks2017RichtlinienAnlage3.pdf?__blob=publicationFile&v=3;Bundeskriminalamt;2017;;2026-08-26;533596;40d99c42c5d5361f6cbfaf07022135c2544d3019ac753409f975f86f8c32b514;dl-de/by-2-0;pdf;richtlinien
pks2017RichtlinienAnlage4.pdf;data/raw/pks/interpretationshilfen/2017/pks2017RichtlinienAnlage4.pdf;https://www.bka.de/SharedDocs/Downloads/DE/Publikationen/PolizeilicheKriminalstatistik/2017/pks2017RichtlinienAnlage4.pdf?__blob=publicationFile&v=3;Bundeskriminalamt;2017;;2026-08-26;281431;f6dd402b85d84c4d2c46c697cc418ba58501bf26ef29a4e8ced4793b83dc2f0f;dl-de/by-2-0;pdf;richtlinien
pks2017RichtlinienAnlage5.pdf;data/raw/pks/interpretationshilfen/2017/pks2017RichtlinienAnlage5.pdf;https://www.bka.de/SharedDocs/Downloads/DE/Publikationen/PolizeilicheKriminalstatistik/2017/pks2017RichtlinienAnlage5.pdf?__blob=publicationFile&v=3;Bundeskriminalamt;2017;;2026-08-26;745307;bba74377c1a5d7d5c4e670219e80d553be516ab9a6cfc3ddfb17c9db038f4774;dl-de/by-2-0;pdf;richtlinien
pks2017RichtlinienAnlage5Anlage1.pdf;data/raw/pks/interpretationshilfen/2017/pks2017RichtlinienAnlage5Anlage1.pdf;https://www.bka.de/SharedDocs/Downloads/DE/Publikationen/PolizeilicheKriminalstatistik/2017/pks2017RichtlinienAnlage5Anlage1.pdf?__blob=publicationFile&v=3;Bundeskriminalamt;2017;;2026-08-26;619270;81a2b8198543bd82b70925992766c5f97fc3945dea64c6d92d08e5075bbb7484;dl-de/by-2-0;pdf;richtlinien
pks2016Aenderungsnachweis.pdf;data/raw/pks/interpretationshilfen/2016/pks2016Aenderungsnachweis.pdf;https://www.bka.de/SharedDocs/Downloads/DE/Publikationen/PolizeilicheKriminalstatistik/2016/pks2016Aenderungsnachweis.pdf?__blob=publicationFile&v=19;Bundeskriminalamt;2016;;2026-08-26;146315;93ee82ab59b47e1687e6611c5d01da5220c1dc335907877897818bcbca2f627f;dl-de/by-2-0;pdf;aenderungsnachweis
pks2016Jahrbuch1Faelle.pdf;data/raw/pks/bund/2016/pks2016Jahrbuch1Faelle.pdf;https://www.bka.de/SharedDocs/Downloads/DE/Publikationen/PolizeilicheKriminalstatistik/2016/pks2016Jahrbuch1Faelle.pdf?__blob=publicationFile&v=5;Bundeskriminalamt;2016;;2026-08-26;929618;f05239571e7367ea1fb2da5aa6b4cff17400e05b5861f5cb7ad6b286d88ef9dc;dl-de/by-2-0;pdf;faelle
pks2016Jahrbuch2Opfer.pdf;data/raw/pks/bund/2016/pks2016Jahrbuch2Opfer.pdf;https://www.bka.de/SharedDocs/Downloads/DE/Publikationen/PolizeilicheKriminalstatistik/2016/pks2016Jahrbuch2Opfer.pdf?__blob=publicationFile&v=3;Bundeskriminalamt;2016;;2026-08-26;599454;dd9c6cb2bc9db9bd4c14ef606a48cab25fa83c551fa82b203e2a7bf34ea5f12c;dl-de/by-2-0;pdf;opfer
straftatenkatalog_pdf.pdf;data/raw/pks/interpretationshilfen/2016/straftatenkatalog_pdf.pdf;https://www.bka.de/SharedDocs/Downloads/DE/Publikationen/PolizeilicheKriminalstatistik/2016/Standardtabellen/straftatenkatalog_pdf.pdf?__blob=publicationFile&v=3;Bundeskriminalamt;2016;;2026-08-26;81672;2e01f70326d6888b23c091385fd10297178be44e37d1c113eaabbd5c007c856c;dl-de/by-2-0;pdf;interpretation standard
pks2016Richtlinien.pdf;data/raw/pks/interpretationshilfen/2016/pks2016Richtlinien.pdf;https://www.bka.de/SharedDocs/Downloads/DE/Publikationen/PolizeilicheKriminalstatistik/2016/pks2016Richtlinien.pdf?__blob=publicationFile&v=3;Bundeskriminalamt;2016;;2026-08-26;206371;919f6eb8aa2045a26bd8ab1b829ae96e134db38f742328d4368bcf036c07a47e;dl-de/by-2-0;pdf;richtlinien
pks2016RichtlinienAnlage2.pdf;data/raw/pks/interpretationshilfen/2016/pks2016RichtlinienAnlage2.pdf;https://www.bka.de/SharedDocs/Downloads/DE/Publikationen/PolizeilicheKriminalstatistik/2016/pks2016RichtlinienAnlage2.pdf?__blob=publicationFile&v=3;Bundeskriminalamt;2016;;2026-08-26;40863;f3779c315108b8759fecdde659983f5e9e389f171bced794c47244a862167786;dl-de/by-2-0;pdf;richtlinien
pks2016RichtlinienAnlage3.pdf;data/raw/pks/interpretationshilfen/2016/pks2016RichtlinienAnlage3.pdf;https://www.bka.de/SharedDocs/Downloads/DE/Publikationen/PolizeilicheKriminalstatistik/2016/pks2016RichtlinienAnlage3.pdf?__blob=publicationFile&v=3;Bundeskriminalamt;2016;;2026-08-26;137892;85766e33cdda91871d52f472431f7f15bdc175a47e6303d47f99317444cbef43;dl-de/by-2-0;pdf;richtlinien
pks2016RichtlinienAnlage4.pdf;data/raw/pks/interpretationshilfen/2016/pks2016RichtlinienAnlage4.pdf;https://www.bka.de/SharedDocs/Downloads/DE/Publikationen/PolizeilicheKriminalstatistik/2016/pks2016RichtlinienAnlage4.pdf?__blob=publicationFile&v=3;Bundeskriminalamt;2016;;2026-08-26;34435;d553c6f9baf21e3e3c01b0cefa77df1b5a92dc648f35ea6c437d990b6f40e7c2;dl-de/by-2-0;pdf;richtlinien
pks2016RichtlinienAnlage5.pdf;data/raw/pks/interpretationshilfen/2016/pks2016RichtlinienAnlage5.pdf;https://www.bka.de/SharedDocs/Downloads/DE/Publikationen/PolizeilicheKriminalstatistik/2016/pks2016RichtlinienAnlage5.pdf?__blob=publicationFile&v=4;Bundeskriminalamt;2016;;2026-08-26;352457;ec23f85117ab9390605edfc3b7c001df2bb77051dfec44e03a3acaf968e05eed;dl-de/by-2-0;pdf;richtlinien
pks2016RichtlinienAnlage5Anlage1.pdf;data/raw/pks/interpretationshilfen/2016/pks2016RichtlinienAnlage5Anlage1.pdf;https://www.bka.de/SharedDocs/Downloads/DE/Publikationen/PolizeilicheKriminalstatistik/2016/pks2016RichtlinienAnlage5Anlage1.pdf?__blob=publicationFile&v=2;Bundeskriminalamt;2016;;2026-08-26;109416;e9d0eba3902a2c55b7e5c6063f0c8f5b0d798dad9b5412b8e8eda3e36431042a;dl-de/by-2-0;pdf;richtlinien
pks2015Aenderungsnachweis.pdf;data/raw/pks/interpretationshilfen/2015/pks2015Aenderungsnachweis.pdf;https://www.bka.de/SharedDocs/Downloads/DE/Publikationen/PolizeilicheKriminalstatistik/2015/pks2015Aenderungsnachweis.pdf?__blob=publicationFile&v=18;Bundeskriminalamt;2015;;2026-08-26;135358;14b66ebdde449d1c33c5fb271229af8aa25e6236f486c57b7d2a9b023dc10407;dl-de/by-2-0;pdf;aenderungsnachweis
straftatenkatalog_pdf.pdf;data/raw/pks/interpretationshilfen/2015/straftatenkatalog_pdf.pdf;https://www.bka.de/SharedDocs/Downloads/DE/Publikationen/PolizeilicheKriminalstatistik/2015/Standardtabellen/straftatenkatalog_pdf.pdf?__blob=publicationFile&v=2;Bundeskriminalamt;2015;;2026-08-26;81523;f7088ee8be0a88a7eab821fef8edee86f0967d59baa2f4e7f54e04fd5f3477cd;dl-de/by-2-0;pdf;interpretation standard
straftatenkatalog_pdf.pdf;data/raw/pks/zeitreihen/2015/straftatenkatalog_pdf.pdf;https://www.bka.de/SharedDocs/Downloads/DE/Publikationen/PolizeilicheKriminalstatistik/2015/Zeitreihen/straftatenkatalog_pdf.pdf?__blob=publicationFile&v=2;Bundeskriminalamt;2015;;2026-08-26;386060;38b0c304d12abad63d956c312e1e273f195b505646a5f903b4e3e9a5703d8c1b;dl-de/by-2-0;pdf;zeitreihen
pks2015Richtlinien.pdf;data/raw/pks/interpretationshilfen/2015/pks2015Richtlinien.pdf;https://www.bka.de/SharedDocs/Downloads/DE/Publikationen/PolizeilicheKriminalstatistik/2015/pks2015Richtlinien.pdf?__blob=publicationFile&v=3;Bundeskriminalamt;2015;;2026-08-26;286686;d9a9a42bf843d75036ef7bcfb4e460c05a6db0132ccf35eafdafcb47e3405af2;dl-de/by-2-0;pdf;richtlinien
pks2015RichtlinienAnlage2.pdf;data/raw/pks/interpretationshilfen/2015/pks2015RichtlinienAnlage2.pdf;https://www.bka.de/SharedDocs/Downloads/DE/Publikationen/PolizeilicheKriminalstatistik/2015/pks2015RichtlinienAnlage2.pdf?__blob=publicationFile&v=2;Bundeskriminalamt;2015;;2026-08-26;33061;015ad09bd703972103efa7ae3eece03c6b0f2d8e2aaf9ee18594fe9a0df7d48e;dl-de/by-2-0;pdf;richtlinien
pks2015RichtlinienAnlage3.pdf;data/raw/pks/interpretationshilfen/2015/pks2015RichtlinienAnlage3.pdf;https://www.bka.de/SharedDocs/Downloads/DE/Publikationen/PolizeilicheKriminalstatistik/2015/pks2015RichtlinienAnlage3.pdf?__blob=publicationFile&v=2;Bundeskriminalamt;2015;;2026-08-26;102016;a398bb8a66efb15404ddeb1e62099df3779536f17afd952920a1b0f1c0edc101;dl-de/by-2-0;pdf;richtlinien
pks2015RichtlinienAnlage4.pdf;data/raw/pks/interpretationshilfen/2015/pks2015RichtlinienAnlage4.pdf;https://www.bka.de/SharedDocs/Downloads/DE/Publikationen/PolizeilicheKriminalstatistik/2015/pks2015RichtlinienAnlage4.pdf?__blob=publicationFile&v=2;Bundeskriminalamt;2015;;2026-08-26;22715;a96925173c0dd1f8741aae84c93fd13c6a54227e34baff47cdfcb45d7915ae8c;dl-de/by-2-0;pdf;richtlinien
pks2015RichtlinienAnlage5.pdf;data/raw/pks/interpretationshilfen/2015/pks2015RichtlinienAnlage5.pdf;https://www.bka.de/SharedDocs/Downloads/DE/Publikationen/PolizeilicheKriminalstatistik/2015/pks2015RichtlinienAnlage5.pdf?__blob=publicationFile&v=2;Bundeskriminalamt;2015;;2026-08-26;342708;64299b6788468d4d48ea9e7e62660e82cce326ca0db23e35e363c79add21bacf;dl-de/by-2-0;pdf;richtlinien
pks2015RichtlinienAnlage5Anlage1.pdf;data/raw/pks/interpretationshilfen/2015/pks2015RichtlinienAnlage5Anlage1.pdf;https://www.bka.de/SharedDocs/Downloads/DE/Publikationen/PolizeilicheKriminalstatistik/2015/pks2015RichtlinienAnlage5Anlage1.pdf?__blob=publicationFile&v=2;Bundeskriminalamt;2015;;2026-08-26;109889;5c01d7b231d8a88c491db848d60d10c1bed27f2566c145f46a0b7d2acf42c6ac;dl-de/by-2-0;pdf;richtlinien
hinweiseZuDenDaten_pdf.pdf;data/raw/pks/zeitreihen/2015/hinweiseZuDenDaten_pdf.pdf;https://www.bka.de/SharedDocs/Downloads/DE/Publikationen/PolizeilicheKriminalstatistik/2015/Zeitreihen/hinweiseZuDenDaten_pdf.pdf?__blob=publicationFile&v=2;Bundeskriminalamt;2015;;2026-08-26;94270;2dbf2860be43afa232bcca08ebc16efc7576b8fdbca06079800aa32ebefa7dd9;dl-de/by-2-0;pdf;zeitreihen
wohnbevoelkerungInsgesamtAb2000_pdf.pdf;data/raw/pks/zeitreihen/2015/wohnbevoelkerungInsgesamtAb2000_pdf.pdf;https://www.bka.de/SharedDocs/Downloads/DE/Publikationen/PolizeilicheKriminalstatistik/2015/Sonstiges/wohnbevoelkerungInsgesamtAb2000_pdf.pdf?__blob=publicationFile&v=3;Bundeskriminalamt;2015;;2026-08-26;30627;dd2eea6141afd7b77b6b829007ce39a63dcf5de687019d6cc60d67ed727570b3;dl-de/by-2-0;pdf;bevoelkerung
wohnbevoelkerungInsgesamtAb2000_excel.xlsx;data/raw/pks/zeitreihen/2015/wohnbevoelkerungInsgesamtAb2000_excel.xlsx;https://www.bka.de/SharedDocs/Downloads/DE/Publikationen/PolizeilicheKriminalstatistik/2015/Sonstiges/wohnbevoelkerungInsgesamtAb2000_excel.xlsx?__blob=publicationFile&v=4;Bundeskriminalamt;2015;;2026-08-26;86904;a296f263083fc3b03d72f9b10fd452d243778046ca3c3aec157f9646fa2e080c;dl-de/by-2-0;xlsx;bevoelkerung
wohnbevoelkerungDeutscheAb1987_pdf.pdf;data/raw/pks/zeitreihen/2015/wohnbevoelkerungDeutscheAb1987_pdf.pdf;https://www.bka.de/SharedDocs/Downloads/DE/Publikationen/PolizeilicheKriminalstatistik/2015/Sonstiges/wohnbevoelkerungDeutscheAb1987_pdf.pdf?__blob=publicationFile&v=2;Bundeskriminalamt;2015;;2026-08-26;27241;c2c73b63ded35651179afd5a452874889395605ca9b24c67c476d3b784f37248;dl-de/by-2-0;pdf;bevoelkerung
wohnbevoelkerungDeutscheAb1987_excel.xlsx;data/raw/pks/zeitreihen/2015/wohnbevoelkerungDeutscheAb1987_excel.xlsx;https://www.bka.de/SharedDocs/Downloads/DE/Publikationen/PolizeilicheKriminalstatistik/2015/Sonstiges/wohnbevoelkerungDeutscheAb1987_excel.xlsx?__blob=publicationFile&v=2;Bundeskriminalamt;2015;;2026-08-26;38677;1b452ce212221472da3b295d3fac5f2f800fbfa10fa78c4fba30fa905e4e2612;dl-de/by-2-0;xlsx;bevoelkerung
Wichtige-Hinweise-zur-Interpretation.pdf;data/raw/pks/interpretationshilfen/2025/Wichtige-Hinweise-zur-Interpretation.pdf;https://www.bka.de/SharedDocs/Downloads/DE/Publikationen/PolizeilicheKriminalstatistik/2025/Interpretation/01_div_Dok/Wichtige-Hinweise-zur-Interpretation.pdf?__blob=publicationFile&v=5;Bundeskriminalamt;2025;;2026-08-26;344535;05143a092c05f4bd947881f2505070fe6097a47c33f25659192da61e4426409f;dl-de/by-2-0;pdf;interpretation
Straftatenkatalog.pdf;data/raw/pks/interpretationshilfen/2025/Straftatenkatalog.pdf;https://www.bka.de/SharedDocs/Downloads/DE/Publikationen/PolizeilicheKriminalstatistik/2025/Interpretation/01_div_Dok/Straftatenkatalog.pdf?__blob=publicationFile&v=5;Bundeskriminalamt;2025;;2026-08-26;1214690;bde0ebded9356b8f6a0086fd8eb0aaeb89ff62c33776583df9a11d3925736eea;dl-de/by-2-0;pdf;interpretation
Straftatenkatalog-Historie.pdf;data/raw/pks/interpretationshilfen/2025/Straftatenkatalog-Historie.pdf;https://www.bka.de/SharedDocs/Downloads/DE/Publikationen/PolizeilicheKriminalstatistik/2025/Interpretation/01_div_Dok/Straftatenkatalog-Historie.pdf?__blob=publicationFile&v=4;Bundeskriminalamt;2025;;2026-08-26;1165510;3399bc0e8f2e53f2951f056b092578e395c8e8c368ace198142756f6f55c0b62;dl-de/by-2-0;pdf;interpretation
Uebersicht-Summenschluessel.pdf;data/raw/pks/interpretationshilfen/2025/Uebersicht-Summenschluessel.pdf;https://www.bka.de/SharedDocs/Downloads/DE/Publikationen/PolizeilicheKriminalstatistik/2025/Interpretation/01_div_Dok/Uebersicht-Summenschluessel.pdf?__blob=publicationFile&v=3;Bundeskriminalamt;2025;;2026-08-26;353239;9d24b18b64fc98aede490de7f108e249c30fe1bd52bf3680c5881ed142355a30;dl-de/by-2-0;pdf;interpretation
Ausgewaehlte-Straftaten-fuer-Kreise-und-Staedte.pdf;data/raw/pks/interpretationshilfen/2025/Ausgewaehlte-Straftaten-fuer-Kreise-und-Staedte.pdf;https://www.bka.de/SharedDocs/Downloads/DE/Publikationen/PolizeilicheKriminalstatistik/2025/Interpretation/01_div_Dok/Ausgewaehlte-Straftaten-fuer-Kreise-und-Staedte.pdf?__blob=publicationFile&v=3;Bundeskriminalamt;2025;;2026-08-26;296314;40e1db85ff27ad4e351440d26e91eef99d9848e8bae94b477d0abd1d0be6675f;dl-de/by-2-0;pdf;interpretation kreise
Tabellenbeschreibung.pdf;data/raw/pks/interpretationshilfen/2025/Tabellenbeschreibung.pdf;https://www.bka.de/SharedDocs/Downloads/DE/Publikationen/PolizeilicheKriminalstatistik/2025/Interpretation/01_div_Dok/Tabellenbeschreibung.pdf?__blob=publicationFile&v=5;Bundeskriminalamt;2025;;2026-08-26;919188;96f3622839407c5a1b733ba7111cc794c1c779a720c0f4b1bb86a5ecd86a1368;dl-de/by-2-0;pdf;interpretation
pks2025Aenderungsnachweis.pdf;data/raw/pks/interpretationshilfen/2025/pks2025Aenderungsnachweis.pdf;https://www.bka.de/SharedDocs/Downloads/DE/Publikationen/PolizeilicheKriminalstatistik/2025/Aenderungsnachweis/pks2025Aenderungsnachweis.pdf?__blob=publicationFile&v=3;Bundeskriminalamt;2025;;2026-08-26;311526;1ea013ff2361606b6a3af676b5667f415e89f11e25888e64b557b1770e6d73a6;dl-de/by-2-0;pdf;aenderungsnachweis
Richtlinien.pdf;data/raw/pks/interpretationshilfen/2025/Richtlinien.pdf;https://www.bka.de/SharedDocs/Downloads/DE/Publikationen/PolizeilicheKriminalstatistik/2025/Interpretation/02_Rili/Richtlinien.pdf?__blob=publicationFile&v=2;Bundeskriminalamt;2025;;2026-08-26;1066160;b4446fe4c22395d35b5e94aba1311bd135c7fa867ac32d97012af6ed16f54647;dl-de/by-2-0;pdf;interpretation
Anlage-2-Tabellenuebersicht.pdf;data/raw/pks/interpretationshilfen/2025/Anlage-2-Tabellenuebersicht.pdf;https://www.bka.de/SharedDocs/Downloads/DE/Publikationen/PolizeilicheKriminalstatistik/2025/Interpretation/02_Rili/Anlage-2-Tabellenuebersicht.pdf?__blob=publicationFile&v=3;Bundeskriminalamt;2025;;2026-08-26;179774;102a72f7f42f1dd4f124f51b1a7b58f4a3db2a7630d2bc408c5885af41e560fa;dl-de/by-2-0;pdf;interpretation
Anlage-3-Definitionskatalog.pdf;data/raw/pks/interpretationshilfen/2025/Anlage-3-Definitionskatalog.pdf;https://www.bka.de/SharedDocs/Downloads/DE/Publikationen/PolizeilicheKriminalstatistik/2025/Interpretation/02_Rili/Anlage-3-Definitionskatalog.pdf?__blob=publicationFile&v=3;Bundeskriminalamt;2025;;2026-08-26;229435;66fb480f79de14caa7b2478c14b8c24ba493d2f8fac318d50f1b055c3a8283aa;dl-de/by-2-0;pdf;interpretation
Anlage-4-Ablaufdiagramm-PKS-Erfassung.pdf;data/raw/pks/interpretationshilfen/2025/Anlage-4-Ablaufdiagramm-PKS-Erfassung.pdf;https://www.bka.de/SharedDocs/Downloads/DE/Publikationen/PolizeilicheKriminalstatistik/2025/Interpretation/02_Rili/Anlage-4-Ablaufdiagramm-PKS-Erfassung.pdf?__blob=publicationFile&v=3;Bundeskriminalamt;2025;;2026-08-26;167894;88a9db453f97ac015fc27a1227475233d14a1463971ab7c4a28e36929473be7a;dl-de/by-2-0;pdf;interpretation
Anlage-5-Beispielsammlung.pdf;data/raw/pks/interpretationshilfen/2025/Anlage-5-Beispielsammlung.pdf;https://www.bka.de/SharedDocs/Downloads/DE/Publikationen/PolizeilicheKriminalstatistik/2025/Interpretation/02_Rili/Anlage-5-Beispielsammlung.pdf?__blob=publicationFile&v=3;Bundeskriminalamt;2025;;2026-08-26;461681;682486912c7122265bf2a947c154da06e9c5dbb5b5240e8c2e580c3be67a69bd;dl-de/by-2-0;pdf;interpretation
Anlage-6-Regelung_Auslandstaten.pdf;data/raw/pks/interpretationshilfen/2025/Anlage-6-Regelung_Auslandstaten.pdf;https://www.bka.de/SharedDocs/Downloads/DE/Publikationen/PolizeilicheKriminalstatistik/2025/Interpretation/02_Rili/Anlage-6-Regelung_Auslandstaten.pdf?__blob=publicationFile&v=3;Bundeskriminalamt;2025;;2026-08-26;359266;23bc88f16e5a9404aa80eae6cb62b9fc6261747da91fb567ae339330ae0623ff;dl-de/by-2-0;pdf;interpretation
Wichtige-Hinweise-zur-Interpretation.pdf;data/raw/pks/interpretationshilfen/2024/Wichtige-Hinweise-zur-Interpretation.pdf;https://www.bka.de/SharedDocs/Downloads/DE/Publikationen/PolizeilicheKriminalstatistik/2024/Interpretation/01_div_Dok/Wichtige-Hinweise-zur-Interpretation.pdf?__blob=publicationFile&v=4;Bundeskriminalamt;2024;;2026-08-26;305284;449785fc13e87033fc729c882f3407752f451ddd6c75a117d35a7dd803df3e08;dl-de/by-2-0;pdf;interpretation
Straftatenkatalog.pdf;data/raw/pks/interpretationshilfen/2024/Straftatenkatalog.pdf;https://www.bka.de/SharedDocs/Downloads/DE/Publikationen/PolizeilicheKriminalstatistik/2024/Interpretation/01_div_Dok/Straftatenkatalog.pdf?__blob=publicationFile&v=5;Bundeskriminalamt;2024;;2026-08-26;1022370;419694f3ba99724be26b90d7e4834738150753cfd60609bb80eefb6fad7d0c72;dl-de/by-2-0;pdf;interpretation
Straftatenkatalog-Historie.pdf;data/raw/pks/interpretationshilfen/2024/Straftatenkatalog-Historie.pdf;https://www.bka.de/SharedDocs/Downloads/DE/Publikationen/PolizeilicheKriminalstatistik/2024/Interpretation/01_div_Dok/Straftatenkatalog-Historie.pdf?__blob=publicationFile&v=5;Bundeskriminalamt;2024;;2026-08-26;1269398;da1d59c0fe4600c508dcb5fcdde476814d945454f757f61c94a42d834b768aa1;dl-de/by-2-0;pdf;interpretation
Uebersicht-Summenschluessel.pdf;data/raw/pks/interpretationshilfen/2024/Uebersicht-Summenschluessel.pdf;https://www.bka.de/SharedDocs/Downloads/DE/Publikationen/PolizeilicheKriminalstatistik/2024/Interpretation/01_div_Dok/Uebersicht-Summenschluessel.pdf?__blob=publicationFile&v=3;Bundeskriminalamt;2024;;2026-08-26;1757399;d5f4c77526b288dca629873fc54e116927d2b3e19d3302db5881028d2de4fe51;dl-de/by-2-0;pdf;interpretation
Ausgewaehlte-Straftaten-fuer-Kreise-und-Staedte.pdf;data/raw/pks/interpretationshilfen/2024/Ausgewaehlte-Straftaten-fuer-Kreise-und-Staedte.pdf;https://www.bka.de/SharedDocs/Downloads/DE/Publikationen/PolizeilicheKriminalstatistik/2024/Interpretation/01_div_Dok/Ausgewaehlte-Straftaten-fuer-Kreise-und-Staedte.pdf?__blob=publicationFile&v=3;Bundeskriminalamt;2024;;2026-08-26;1694857;43d3d2528f99dc1a4d1691610509a880f1de03a8427724c74f64a10e8580c257;dl-de/by-2-0;pdf;interpretation kreise
Tabellenbeschreibung.pdf;data/raw/pks/interpretationshilfen/2024/Tabellenbeschreibung.pdf;https://www.bka.de/SharedDocs/Downloads/DE/Publikationen/PolizeilicheKriminalstatistik/2024/Interpretation/01_div_Dok/Tabellenbeschreibung.pdf?__blob=publicationFile&v=3;Bundeskriminalamt;2024;;2026-08-26;2704443;3a8d5fbfac5fd7ac38d45e28a55e3954d03b7a0c6ddbf2b995517d55494b0ac9;dl-de/by-2-0;pdf;interpretation
pks2024Aenderungsnachweis.pdf;data/raw/pks/interpretationshilfen/2024/pks2024Aenderungsnachweis.pdf;https://www.bka.de/SharedDocs/Downloads/DE/Publikationen/PolizeilicheKriminalstatistik/2024/Aenderungsnachweis/pks2024Aenderungsnachweis.pdf?__blob=publicationFile&v=11;Bundeskriminalamt;2024;;2026-08-26;247874;56935dbb995aca3a99fe655ef51d7e0ccc0199a224143643412bce18dd743279;dl-de/by-2-0;pdf;aenderungsnachweis
Richtlinien.pdf;data/raw/pks/interpretationshilfen/2024/Richtlinien.pdf;https://www.bka.de/SharedDocs/Downloads/DE/Publikationen/PolizeilicheKriminalstatistik/2024/Interpretation/02_Rili/Richtlinien.pdf?__blob=publicationFile&v=4;Bundeskriminalamt;2024;;2026-08-26;1431722;04b6a6a28e9905ece88c07bc44a70a6cfd3355b697a6ef96eaea1ece12d0a940;dl-de/by-2-0;pdf;interpretation
Anlage-2-Tabellenuebersicht.pdf;data/raw/pks/interpretationshilfen/2024/Anlage-2-Tabellenuebersicht.pdf;https://www.bka.de/SharedDocs/Downloads/DE/Publikationen/PolizeilicheKriminalstatistik/2024/Interpretation/02_Rili/Anlage-2-Tabellenuebersicht.pdf?__blob=publicationFile&v=4;Bundeskriminalamt;2024;;2026-08-26;227284;68c080bff9be5b9dd729187dca03c6e2f25b4345b708f071547571318d2cd714;dl-de/by-2-0;pdf;interpretation
Anlage-3-Definitionskatalog.pdf;data/raw/pks/interpretationshilfen/2024/Anlage-3-Definitionskatalog.pdf;https://www.bka.de/SharedDocs/Downloads/DE/Publikationen/PolizeilicheKriminalstatistik/2024/Interpretation/02_Rili/Anlage-3-Definitionskatalog.pdf?__blob=publicationFile&v=3;Bundeskriminalamt;2024;;2026-08-26;392758;695f9f59847271fdaaaff4b2c3a8486db94ff78e6c1c79a5cad055075cf6503c;dl-de/by-2-0;pdf;interpretation
Anlage-4-Ablaufdiagramm-PKS-Erfassung.pdf;data/raw/pks/interpretationshilfen/2024/Anlage-4-Ablaufdiagramm-PKS-Erfassung.pdf;https://www.bka.de/SharedDocs/Downloads/DE/Publikationen/PolizeilicheKriminalstatistik/2024/Interpretation/02_Rili/Anlage-4-Ablaufdiagramm-PKS-Erfassung.pdf?__blob=publicationFile&v=3;Bundeskriminalamt;2024;;2026-08-26;224317;29521bc264f6952fb6e38e2bd55fae8170a839e6630ae26ff0b866f03291d412;dl-de/by-2-0;pdf;interpretation
Anlage-5-Beispielsammlung.pdf;data/raw/pks/interpretationshilfen/2024/Anlage-5-Beispielsammlung.pdf;https://www.bka.de/SharedDocs/Downloads/DE/Publikationen/PolizeilicheKriminalstatistik/2024/Interpretation/02_Rili/Anlage-5-Beispielsammlung.pdf?__blob=publicationFile&v=3;Bundeskriminalamt;2024;;2026-08-26;682871;d0581e31af21816e98dde523a54230bf0aea3b28a01039ee4beeb011e5f97f67;dl-de/by-2-0;pdf;interpretation
Wichtige-Hinweise-zur-Interpretation.pdf;data/raw/pks/interpretationshilfen/2023/Wichtige-Hinweise-zur-Interpretation.pdf;https://www.bka.de/SharedDocs/Downloads/DE/Publikationen/PolizeilicheKriminalstatistik/2023/Interpretation/01_div_Dok/Wichtige-Hinweise-zur-Interpretation.pdf?__blob=publicationFile&v=4;Bundeskriminalamt;2023;;2026-08-26;338516;e6bc147b7c377efa0b62bdcdc264fba62dc1d5336e46333103f1c909158ba113;dl-de/by-2-0;pdf;interpretation
Straftatenkatalog.pdf;data/raw/pks/interpretationshilfen/2023/Straftatenkatalog.pdf;https://www.bka.de/SharedDocs/Downloads/DE/Publikationen/PolizeilicheKriminalstatistik/2023/Interpretation/01_div_Dok/Straftatenkatalog.pdf?__blob=publicationFile&v=4;Bundeskriminalamt;2023;;2026-08-26;1647778;5123e85c42878aa028d8b605fe9bb49d1aa981d4fabcf2c177e7f88b49c26c97;dl-de/by-2-0;pdf;interpretation
Straftatenkatalog-Historie.pdf;data/raw/pks/interpretationshilfen/2023/Straftatenkatalog-Historie.pdf;https://www.bka.de/SharedDocs/Downloads/DE/Publikationen/PolizeilicheKriminalstatistik/2023/Interpretation/01_div_Dok/Straftatenkatalog-Historie.pdf?__blob=publicationFile&v=4;Bundeskriminalamt;2023;;2026-08-26;851009;66c1bf0146eb7c09798ee6531f87964f1a54845644929b63c898b6f521793cde;dl-de/by-2-0;pdf;interpretation
Uebersicht-Summenschluessel.pdf;data/raw/pks/interpretationshilfen/2023/Uebersicht-Summenschluessel.pdf;https://www.bka.de/SharedDocs/Downloads/DE/Publikationen/PolizeilicheKriminalstatistik/2023/Interpretation/01_div_Dok/Uebersicht-Summenschluessel.pdf?__blob=publicationFile&v=3;Bundeskriminalamt;2023;;2026-08-26;951869;9b35222130e146c96377d2193633de9a93e8b4806377e813690ec001f8c6e69f;dl-de/by-2-0;pdf;interpretation
Ausgewaehlte-Straftaten-fuer-Kreise-und-Staedte.pdf;data/raw/pks/interpretationshilfen/2023/Ausgewaehlte-Straftaten-fuer-Kreise-und-Staedte.pdf;https://www.bka.de/SharedDocs/Downloads/DE/Publikationen/PolizeilicheKriminalstatistik/2023/Interpretation/01_div_Dok/Ausgewaehlte-Straftaten-fuer-Kreise-und-Staedte.pdf?__blob=publicationFile&v=3;Bundeskriminalamt;2023;;2026-08-26;1501421;52e8da1682047d142f5c94ab1a9ac896df77c358c1f2d98aa9eeb2e7b28f84d2;dl-de/by-2-0;pdf;interpretation kreise
Tabellenbeschreibung.pdf;data/raw/pks/interpretationshilfen/2023/Tabellenbeschreibung.pdf;https://www.bka.de/SharedDocs/Downloads/DE/Publikationen/PolizeilicheKriminalstatistik/2023/Interpretation/01_div_Dok/Tabellenbeschreibung.pdf?__blob=publicationFile&v=3;Bundeskriminalamt;2023;;2026-08-26;18111011;0edbc9d1d6883a4c708bbb60e1b70a99585393477c4b55bfce1155caecc11f2e;dl-de/by-2-0;pdf;interpretation
pks2023Aenderungsnachweis.pdf;data/raw/pks/interpretationshilfen/2023/pks2023Aenderungsnachweis.pdf;https://www.bka.de/SharedDocs/Downloads/DE/Publikationen/PolizeilicheKriminalstatistik/2023/Aenderungsnachweis/pks2023Aenderungsnachweis.pdf?__blob=publicationFile&v=10;Bundeskriminalamt;2023;;2026-08-26;231446;ddd45ef6532a83c539b80fa37b3c35a52d57e8f837916c6c914d5d10564d4bfe;dl-de/by-2-0;pdf;aenderungsnachweis
Richtlinien.pdf;data/raw/pks/interpretationshilfen/2023/Richtlinien.pdf;https://www.bka.de/SharedDocs/Downloads/DE/Publikationen/PolizeilicheKriminalstatistik/2023/Interpretation/02_Rili/Richtlinien.pdf?__blob=publicationFile&v=3;Bundeskriminalamt;2023;;2026-08-26;3813132;b71be5818177f3072108692c95d835f881aae59f73a95862f65f797bd1e4ab70;dl-de/by-2-0;pdf;interpretation
Anlage-2-Tabellenuebersicht.pdf;data/raw/pks/interpretationshilfen/2023/Anlage-2-Tabellenuebersicht.pdf;https://www.bka.de/SharedDocs/Downloads/DE/Publikationen/PolizeilicheKriminalstatistik/2023/Interpretation/02_Rili/Anlage-2-Tabellenuebersicht.pdf?__blob=publicationFile&v=3;Bundeskriminalamt;2023;;2026-08-26;1673329;2a36ab635043433bf9e385c3a5a5dfb131abdf7e9256ff832c114510f0803582;dl-de/by-2-0;pdf;interpretation
Anlage-3-Definitionskatalog.pdf;data/raw/pks/interpretationshilfen/2023/Anlage-3-Definitionskatalog.pdf;https://www.bka.de/SharedDocs/Downloads/DE/Publikationen/PolizeilicheKriminalstatistik/2023/Interpretation/02_Rili/Anlage-3-Definitionskatalog.pdf?__blob=publicationFile&v=3;Bundeskriminalamt;2023;;2026-08-26;5785817;b47ce3d4c11d6231d07f1ce0c75b26bab2ab39f1834be06410bfa9fcd27388ef;dl-de/by-2-0;pdf;interpretation
Anlage-4-Ablaufdiagramm-PKS-Erfassung.pdf;data/raw/pks/interpretationshilfen/2023/Anlage-4-Ablaufdiagramm-PKS-Erfassung.pdf;https://www.bka.de/SharedDocs/Downloads/DE/Publikationen/PolizeilicheKriminalstatistik/2023/Interpretation/02_Rili/Anlage-4-Ablaufdiagramm-PKS-Erfassung.pdf?__blob=publicationFile&v=3;Bundeskriminalamt;2023;;2026-08-26;1121490;7feaaf87d64de63d68d8a392520a5aa874b9eddb163700ed3dfced536ac7598f;dl-de/by-2-0;pdf;interpretation
Anlage-5-Beispielsammlung.pdf;data/raw/pks/interpretationshilfen/2023/Anlage-5-Beispielsammlung.pdf;https://www.bka.de/SharedDocs/Downloads/DE/Publikationen/PolizeilicheKriminalstatistik/2023/Interpretation/02_Rili/Anlage-5-Beispielsammlung.pdf?__blob=publicationFile&v=3;Bundeskriminalamt;2023;;2026-08-26;11402131;329ea5b386e83e4f575e7804766f9edcfa21e3685ec93664f9ccec694622f2f0;dl-de/by-2-0;pdf;interpretation
pks2022Aenderungsnachweis.pdf;data/raw/pks/interpretationshilfen/2022/pks2022Aenderungsnachweis.pdf;https://www.bka.de/SharedDocs/Downloads/DE/Publikationen/PolizeilicheKriminalstatistik/2022/Aenderungsnachweis/pks2022Aenderungsnachweis.pdf?__blob=publicationFile&v=12;Bundeskriminalamt;2022;;2026-08-26;234786;2c7775a62b1de1947642a540834864f5a0ec3ce0ecd499c25adc64ecd52f1b7a;dl-de/by-2-0;pdf;aenderungsnachweis
Wichtige-Hinweise-zur-Interpretation.pdf;data/raw/pks/interpretationshilfen/2022/Wichtige-Hinweise-zur-Interpretation.pdf;https://www.bka.de/SharedDocs/Downloads/DE/Publikationen/PolizeilicheKriminalstatistik/2022/Interpretation/01_div_Dok/Wichtige-Hinweise-zur-Interpretation.pdf?__blob=publicationFile&v=5;Bundeskriminalamt;2022;;2026-08-26;1458474;dd38430f881c4462f65db785a504363b7e666cd673f90cc90500bcf67edd7534;dl-de/by-2-0;pdf;interpretation
Straftatenkatalog.pdf;data/raw/pks/interpretationshilfen/2022/Straftatenkatalog.pdf;https://www.bka.de/SharedDocs/Downloads/DE/Publikationen/PolizeilicheKriminalstatistik/2022/Interpretation/01_div_Dok/Straftatenkatalog.pdf?__blob=publicationFile&v=5;Bundeskriminalamt;2022;;2026-08-26;1238564;5b1b4675d372cf5a9e5cb50fc21045e12882658551591fb7a19926718a98c476;dl-de/by-2-0;pdf;interpretation
Straftatenkatalog-Historie.pdf;data/raw/pks/interpretationshilfen/2022/Straftatenkatalog-Historie.pdf;https://www.bka.de/SharedDocs/Downloads/DE/Publikationen/PolizeilicheKriminalstatistik/2022/Interpretation/01_div_Dok/Straftatenkatalog-Historie.pdf?__blob=publicationFile&v=6;Bundeskriminalamt;2022;;2026-08-26;1215532;8343bc9625b2fd2dbac5b81e766ebf9138a8d1240dda98715fc726f80e5df5a6;dl-de/by-2-0;pdf;interpretation
Uebersicht-Summenschluessel.pdf;data/raw/pks/interpretationshilfen/2022/Uebersicht-Summenschluessel.pdf;https://www.bka.de/SharedDocs/Downloads/DE/Publikationen/PolizeilicheKriminalstatistik/2022/Interpretation/01_div_Dok/Uebersicht-Summenschluessel.pdf?__blob=publicationFile&v=3;Bundeskriminalamt;2022;;2026-08-26;950963;3ffd9f613e6f553e6ac304c23add6fb8e2742c9541b182274366cb558c66ad6c;dl-de/by-2-0;pdf;interpretation
Ausgewaehlte-Straftaten-fuer-Kreise-und-Staedte.pdf;data/raw/pks/interpretationshilfen/2022/Ausgewaehlte-Straftaten-fuer-Kreise-und-Staedte.pdf;https://www.bka.de/SharedDocs/Downloads/DE/Publikationen/PolizeilicheKriminalstatistik/2022/Interpretation/01_div_Dok/Ausgewaehlte-Straftaten-fuer-Kreise-und-Staedte.pdf?__blob=publicationFile&v=3;Bundeskriminalamt;2022;;2026-08-26;1499461;8a1efbe6b6d48f043cebfeb8fbcc1ee44bb8749187fcb6620c17a8e31e196ba1;dl-de/by-2-0;pdf;interpretation kreise
Tabellenbeschreibung.pdf;data/raw/pks/interpretationshilfen/2022/Tabellenbeschreibung.pdf;https://www.bka.de/SharedDocs/Downloads/DE/Publikationen/PolizeilicheKriminalstatistik/2022/Interpretation/01_div_Dok/Tabellenbeschreibung.pdf?__blob=publicationFile&v=3;Bundeskriminalamt;2022;;2026-08-26;18073467;b2c96135694647713af31de469771a284b4674bf852a00896d74e10ecf77ca65;dl-de/by-2-0;pdf;interpretation
Richtlinien.pdf;data/raw/pks/interpretationshilfen/2022/Richtlinien.pdf;https://www.bka.de/SharedDocs/Downloads/DE/Publikationen/PolizeilicheKriminalstatistik/2022/Interpretation/02_Rili/Richtlinien.pdf?__blob=publicationFile&v=3;Bundeskriminalamt;2022;;2026-08-26;3795245;432fa430dd5b8ff8838e230b713a92e8d765127acc6ac79f8554b0fa7acdcdb2;dl-de/by-2-0;pdf;interpretation
Anlage-2-Tabellenuebersicht.pdf;data/raw/pks/interpretationshilfen/2022/Anlage-2-Tabellenuebersicht.pdf;https://www.bka.de/SharedDocs/Downloads/DE/Publikationen/PolizeilicheKriminalstatistik/2022/Interpretation/02_Rili/Anlage-2-Tabellenuebersicht.pdf?__blob=publicationFile&v=3;Bundeskriminalamt;2022;;2026-08-26;1672493;b40ead99a26cb3bbd6b6b22fb789e7f34d6a6d383ac98aa72d5fdd58986d462c;dl-de/by-2-0;pdf;interpretation
Anlage-3-Definitionskatalog.pdf;data/raw/pks/interpretationshilfen/2022/Anlage-3-Definitionskatalog.pdf;https://www.bka.de/SharedDocs/Downloads/DE/Publikationen/PolizeilicheKriminalstatistik/2022/Interpretation/02_Rili/Anlage-3-Definitionskatalog.pdf?__blob=publicationFile&v=3;Bundeskriminalamt;2022;;2026-08-26;5410415;fe331a39c8f114ee0430e97dedbc69b2d6faafce53fb661a87399c4300130ca4;dl-de/by-2-0;pdf;interpretation
Anlage-4-Ablaufdiagramm-PKS-Erfassung.pdf;data/raw/pks/interpretationshilfen/2022/Anlage-4-Ablaufdiagramm-PKS-Erfassung.pdf;https://www.bka.de/SharedDocs/Downloads/DE/Publikationen/PolizeilicheKriminalstatistik/2022/Interpretation/02_Rili/Anlage-4-Ablaufdiagramm-PKS-Erfassung.pdf?__blob=publicationFile&v=3;Bundeskriminalamt;2022;;2026-08-26;1120728;5d72e6b39b391d67462b8e9dfb3857e20b8f189344c7af6f995119748d2b8fb5;dl-de/by-2-0;pdf;interpretation
Anlage-5-Beispielsammlung.pdf;data/raw/pks/interpretationshilfen/2022/Anlage-5-Beispielsammlung.pdf;https://www.bka.de/SharedDocs/Downloads/DE/Publikationen/PolizeilicheKriminalstatistik/2022/Interpretation/02_Rili/Anlage-5-Beispielsammlung.pdf?__blob=publicationFile&v=3;Bundeskriminalamt;2022;;2026-08-26;11208829;aaf368417f1ef0a3d6338dbc828a4ea04fc96f99809195c05031237a66ef3f24;dl-de/by-2-0;pdf;interpretation
pks2021Aenderungsnachweis.pdf;data/raw/pks/interpretationshilfen/2021/pks2021Aenderungsnachweis.pdf;https://www.bka.de/SharedDocs/Downloads/DE/Publikationen/PolizeilicheKriminalstatistik/2021/Aenderungsnachweis/pks2021Aenderungsnachweis.pdf?__blob=publicationFile&v=10;Bundeskriminalamt;2021;;2026-08-26;233426;2877eb377be6492a8b91c5c866432385dfdd21c873528927f9a518a51bbe9449;dl-de/by-2-0;pdf;aenderungsnachweis
Wichtige-Hinweise-zur-Interpretation.pdf;data/raw/pks/interpretationshilfen/2021/Wichtige-Hinweise-zur-Interpretation.pdf;https://www.bka.de/SharedDocs/Downloads/DE/Publikationen/PolizeilicheKriminalstatistik/2021/Interpretation/01_div_Dok/Wichtige-Hinweise-zur-Interpretation.pdf?__blob=publicationFile&v=5;Bundeskriminalamt;2021;;2026-08-26;284397;e11d98e3e1276e67792baf28c3749efc7bf62d7ebdd7be72907aa11239767d4e;dl-de/by-2-0;pdf;interpretation
Straftatenkatalog.pdf;data/raw/pks/interpretationshilfen/2021/Straftatenkatalog.pdf;https://www.bka.de/SharedDocs/Downloads/DE/Publikationen/PolizeilicheKriminalstatistik/2021/Interpretation/01_div_Dok/Straftatenkatalog.pdf?__blob=publicationFile&v=5;Bundeskriminalamt;2021;;2026-08-26;1175124;4473531e0c2d3f30d8f5f4777e423aafc8bb3d950c6cfe04ad32086e480a3a30;dl-de/by-2-0;pdf;interpretation
Straftatenkatalog-Historie.pdf;data/raw/pks/interpretationshilfen/2021/Straftatenkatalog-Historie.pdf;https://www.bka.de/SharedDocs/Downloads/DE/Publikationen/PolizeilicheKriminalstatistik/2021/Interpretation/01_div_Dok/Straftatenkatalog-Historie.pdf?__blob=publicationFile&v=6;Bundeskriminalamt;2021;;2026-08-26;1139030;6e95920dfe5aeaec49b59609a8e1e18d327896165b3600b40aa3761d664b3cfc;dl-de/by-2-0;pdf;interpretation
Uebersicht-Summenschluessel.pdf;data/raw/pks/interpretationshilfen/2021/Uebersicht-Summenschluessel.pdf;https://www.bka.de/SharedDocs/Downloads/DE/Publikationen/PolizeilicheKriminalstatistik/2021/Interpretation/01_div_Dok/Uebersicht-Summenschluessel.pdf?__blob=publicationFile&v=7;Bundeskriminalamt;2021;;2026-08-26;337711;a8d981a505a4b3c8f536cb8f630635475e1d5fd6f0dd3e616de4b0404eb2d324;dl-de/by-2-0;pdf;interpretation
Ausgewaehlte-Straftaten-fuer-Kreise-und-Staedte.pdf;data/raw/pks/interpretationshilfen/2021/Ausgewaehlte-Straftaten-fuer-Kreise-und-Staedte.pdf;https://www.bka.de/SharedDocs/Downloads/DE/Publikationen/PolizeilicheKriminalstatistik/2021/Interpretation/01_div_Dok/Ausgewaehlte-Straftaten-fuer-Kreise-und-Staedte.pdf?__blob=publicationFile&v=6;Bundeskriminalamt;2021;;2026-08-26;293785;601ab553ca65d808dc6e8fc399acb8445049f10792b4db4e000ff42d7a4b2717;dl-de/by-2-0;pdf;interpretation kreise
Tabellenbeschreibung.pdf;data/raw/pks/interpretationshilfen/2021/Tabellenbeschreibung.pdf;https://www.bka.de/SharedDocs/Downloads/DE/Publikationen/PolizeilicheKriminalstatistik/2021/Interpretation/01_div_Dok/Tabellenbeschreibung.pdf?__blob=publicationFile&v=6;Bundeskriminalamt;2021;;2026-08-26;1492636;43b2f839b875d1a79f0eb09c62cb9db112656096f6b2666f046fa4309da20f83;dl-de/by-2-0;pdf;interpretation
Richtlinien.pdf;data/raw/pks/interpretationshilfen/2021/Richtlinien.pdf;https://www.bka.de/SharedDocs/Downloads/DE/Publikationen/PolizeilicheKriminalstatistik/2021/Interpretation/02_Rili/Richtlinien.pdf?__blob=publicationFile&v=4;Bundeskriminalamt;2021;;2026-08-26;654641;be8b29a81debb020ec1a466ca426791e78e3a37d7a8a6a854b5b2b0ec4bb6330;dl-de/by-2-0;pdf;interpretation
Anlage-2-Tabellenuebersicht.pdf;data/raw/pks/interpretationshilfen/2021/Anlage-2-Tabellenuebersicht.pdf;https://www.bka.de/SharedDocs/Downloads/DE/Publikationen/PolizeilicheKriminalstatistik/2021/Interpretation/02_Rili/Anlage-2-Tabellenuebersicht.pdf?__blob=publicationFile&v=5;Bundeskriminalamt;2021;;2026-08-26;354650;9bf48196eda23f87039c4416f65d020d29cfab77baeb65cc80e82bf7e10b98e6;dl-de/by-2-0;pdf;interpretation
Anlage-3-Definitionskatalog.pdf;data/raw/pks/interpretationshilfen/2021/Anlage-3-Definitionskatalog.pdf;https://www.bka.de/SharedDocs/Downloads/DE/Publikationen/PolizeilicheKriminalstatistik/2021/Interpretation/02_Rili/Anlage-3-Definitionskatalog.pdf?__blob=publicationFile&v=4;Bundeskriminalamt;2021;;2026-08-26;448293;1bd83484851e6445764754b791624dbde06a6b5158adeee2961100ad865dd9c8;dl-de/by-2-0;pdf;interpretation
Anlage-4-Ablaufdiagramm-PKS-Erfassung.pdf;data/raw/pks/interpretationshilfen/2021/Anlage-4-Ablaufdiagramm-PKS-Erfassung.pdf;https://www.bka.de/SharedDocs/Downloads/DE/Publikationen/PolizeilicheKriminalstatistik/2021/Interpretation/02_Rili/Anlage-4-Ablaufdiagramm-PKS-Erfassung.pdf?__blob=publicationFile&v=4;Bundeskriminalamt;2021;;2026-08-26;227015;6c8d84bf48e579191f57761167cbd4a481510a47500939c164a7b2ad2e6b65e5;dl-de/by-2-0;pdf;interpretation
Anlage-5-Beispielsammlung.pdf;data/raw/pks/interpretationshilfen/2021/Anlage-5-Beispielsammlung.pdf;https://www.bka.de/SharedDocs/Downloads/DE/Publikationen/PolizeilicheKriminalstatistik/2021/Interpretation/02_Rili/Anlage-5-Beispielsammlung.pdf?__blob=publicationFile&v=4;Bundeskriminalamt;2021;;2026-08-26;742053;287e3486bb993ca10de88786297eed9a4c83a9b799c787b40ff73fcdc351a3c1;dl-de/by-2-0;pdf;interpretation
pks2020Aenderungsnachweis.pdf;data/raw/pks/interpretationshilfen/2020/pks2020Aenderungsnachweis.pdf;https://www.bka.de/SharedDocs/Downloads/DE/Publikationen/PolizeilicheKriminalstatistik/2020/Aenderungsnachweis/pks2020Aenderungsnachweis.pdf?__blob=publicationFile&v=9;Bundeskriminalamt;2020;;2026-08-26;235048;5cf6198101994c44a860a9d9b6fc1aeccc83a8859d128f36f0f42e66608a0603;dl-de/by-2-0;pdf;aenderungsnachweis
Wichtige-Hinweise-zur-Interpretation.pdf;data/raw/pks/interpretationshilfen/2020/Wichtige-Hinweise-zur-Interpretation.pdf;https://www.bka.de/SharedDocs/Downloads/DE/Publikationen/PolizeilicheKriminalstatistik/2020/Interpretation/01_div_Dok/Wichtige-Hinweise-zur-Interpretation.pdf?__blob=publicationFile&v=5;Bundeskriminalamt;2020;;2026-08-26;283468;9af3e5090286115e953746313f52cac65e9f87b150bc28c55bd18b2f42fef9a1;dl-de/by-2-0;pdf;interpretation
Straftatenkatalog.pdf;data/raw/pks/interpretationshilfen/2020/Straftatenkatalog.pdf;https://www.bka.de/SharedDocs/Downloads/DE/Publikationen/PolizeilicheKriminalstatistik/2020/Interpretation/01_div_Dok/Straftatenkatalog.pdf?__blob=publicationFile&v=6;Bundeskriminalamt;2020;;2026-08-26;987044;cbf269f9bceda968e95844eb048282a4a88e2316877e74104a84734eddf20654;dl-de/by-2-0;pdf;interpretation
Straftatenkatalog-Historie.pdf;data/raw/pks/interpretationshilfen/2020/Straftatenkatalog-Historie.pdf;https://www.bka.de/SharedDocs/Downloads/DE/Publikationen/PolizeilicheKriminalstatistik/2020/Interpretation/01_div_Dok/Straftatenkatalog-Historie.pdf?__blob=publicationFile&v=6;Bundeskriminalamt;2020;;2026-08-26;1233853;2c1b4cb3ee41a813bb5b789f4a49ec59fae1fe5645870d67eac527523a0174de;dl-de/by-2-0;pdf;interpretation
Uebersicht-Summenschluessel.pdf;data/raw/pks/interpretationshilfen/2020/Uebersicht-Summenschluessel.pdf;https://www.bka.de/SharedDocs/Downloads/DE/Publikationen/PolizeilicheKriminalstatistik/2020/Interpretation/01_div_Dok/Uebersicht-Summenschluessel.pdf?__blob=publicationFile&v=6;Bundeskriminalamt;2020;;2026-08-26;238826;ee016d90a46f052c119f2579f8710aa976399e6799bf8aee34cf64f54e9492ed;dl-de/by-2-0;pdf;interpretation
Ausgewaehlte-Straftaten-fuer-Kreise-und-Staedte.pdf;data/raw/pks/interpretationshilfen/2020/Ausgewaehlte-Straftaten-fuer-Kreise-und-Staedte.pdf;https://www.bka.de/SharedDocs/Downloads/DE/Publikationen/PolizeilicheKriminalstatistik/2020/Interpretation/01_div_Dok/Ausgewaehlte-Straftaten-fuer-Kreise-und-Staedte.pdf?__blob=publicationFile&v=6;Bundeskriminalamt;2020;;2026-08-26;198859;78ef2678566d3fcb84936ddf08e105209d9df23bc394d9a104f72cf01c41062c;dl-de/by-2-0;pdf;interpretation kreise
Tabellenbeschreibung.pdf;data/raw/pks/interpretationshilfen/2020/Tabellenbeschreibung.pdf;https://www.bka.de/SharedDocs/Downloads/DE/Publikationen/PolizeilicheKriminalstatistik/2020/Interpretation/01_div_Dok/Tabellenbeschreibung.pdf?__blob=publicationFile&v=5;Bundeskriminalamt;2020;;2026-08-26;1471560;d09980967a11f9fd1162bf6a292ae35aa5b57e366a580db70040f3cbfa43adb7;dl-de/by-2-0;pdf;interpretation
Hinweise-zu-den-Zeitreihen.pdf;data/raw/pks/zeitreihen/2020/Hinweise-zu-den-Zeitreihen.pdf;https://www.bka.de/SharedDocs/Downloads/DE/Publikationen/PolizeilicheKriminalstatistik/2020/Interpretation/01_div_Dok/Hinweise-zu-den-Zeitreihen.pdf?__blob=publicationFile&v=5;Bundeskriminalamt;2020;;2026-08-26;608717;e47753e92c5f9282ed584742ece0f3b6afbe37ea70cff4b97233e9ff5bba7285;dl-de/by-2-0;pdf;zeitreihen
Richtlinien.pdf;data/raw/pks/interpretationshilfen/2020/Richtlinien.pdf;https://www.bka.de/SharedDocs/Downloads/DE/Publikationen/PolizeilicheKriminalstatistik/2020/Interpretation/02_Rili/Richtlinien.pdf?__blob=publicationFile&v=6;Bundeskriminalamt;2020;;2026-08-26;445239;0b296441396c35f1e56f3351101ad7e36813cd966e257838e0660fc858e49e55;dl-de/by-2-0;pdf;interpretation
Anlage-2-Tabellenuebersicht.pdf;data/raw/pks/interpretationshilfen/2020/Anlage-2-Tabellenuebersicht.pdf;https://www.bka.de/SharedDocs/Downloads/DE/Publikationen/PolizeilicheKriminalstatistik/2020/Interpretation/02_Rili/Anlage-2-Tabellenuebersicht.pdf?__blob=publicationFile&v=7;Bundeskriminalamt;2020;;2026-08-26;201148;2602dc09bbdeb63832a5b1650c9784d529927d42c8def24d6c39f721ad03421b;dl-de/by-2-0;pdf;interpretation
Anlage-3-Definitionskatalog.pdf;data/raw/pks/interpretationshilfen/2020/Anlage-3-Definitionskatalog.pdf;https://www.bka.de/SharedDocs/Downloads/DE/Publikationen/PolizeilicheKriminalstatistik/2020/Interpretation/02_Rili/Anlage-3-Definitionskatalog.pdf?__blob=publicationFile&v=6;Bundeskriminalamt;2020;;2026-08-26;333183;c07b910721996c2bc3e008f2af2db26a2bb421fce3f8952f508254df22013751;dl-de/by-2-0;pdf;interpretation
Anlage-4-Ablaufdiagramm-PKS-Erfassung.pdf;data/raw/pks/interpretationshilfen/2020/Anlage-4-Ablaufdiagramm-PKS-Erfassung.pdf;https://www.bka.de/SharedDocs/Downloads/DE/Publikationen/PolizeilicheKriminalstatistik/2020/Interpretation/02_Rili/Anlage-4-Ablaufdiagramm-PKS-Erfassung.pdf?__blob=publicationFile&v=6;Bundeskriminalamt;2020;;2026-08-26;136223;a39e88e3e2cfb4c09ec3632e44b14cadbf7828a755961f465f4d1b80be8609f7;dl-de/by-2-0;pdf;interpretation
Anlage-5-Beispielsammlung.pdf;data/raw/pks/interpretationshilfen/2020/Anlage-5-Beispielsammlung.pdf;https://www.bka.de/SharedDocs/Downloads/DE/Publikationen/PolizeilicheKriminalstatistik/2020/Interpretation/02_Rili/Anlage-5-Beispielsammlung.pdf?__blob=publicationFile&v=6;Bundeskriminalamt;2020;;2026-08-26;501695;815dc4ee9b65f44ebfd5e3b53d2b0c0aff01d7aef425405ac2a6f1881650b4fa;dl-de/by-2-0;pdf;interpretation
Anlage_zur_Beispielsammlung.pdf;data/raw/pks/interpretationshilfen/2020/Anlage_zur_Beispielsammlung.pdf;https://www.bka.de/SharedDocs/Downloads/DE/Publikationen/PolizeilicheKriminalstatistik/2020/Interpretation/02_Rili/Anlage_zur_Beispielsammlung.pdf?__blob=publicationFile&v=3;Bundeskriminalamt;2020;;2026-08-26;354368;f90f66d68335544dacd3f0f8cadf488befefd638b8fe6fdcea7cd5ff6a69841b;dl-de/by-2-0;pdf;interpretation
pks2019Aenderungsnachweis.pdf;data/raw/pks/interpretationshilfen/2019/pks2019Aenderungsnachweis.pdf;https://www.bka.de/SharedDocs/Downloads/DE/Publikationen/PolizeilicheKriminalstatistik/2019/Aenderungsnachweis/pks2019Aenderungsnachweis.pdf?__blob=publicationFile&v=12;Bundeskriminalamt;2019;;2026-08-26;193384;b4385f32204be71239eadccadd4fcf4b7db5768028499d87007a3e78b8127e12;dl-de/by-2-0;pdf;aenderungsnachweis
Wichtige-Hinweise-zur-Interpretation.pdf;data/raw/pks/interpretationshilfen/2019/Wichtige-Hinweise-zur-Interpretation.pdf;https://www.bka.de/SharedDocs/Downloads/DE/Publikationen/PolizeilicheKriminalstatistik/2019/Interpretation/01_div_Dok/Wichtige-Hinweise-zur-Interpretation.pdf?__blob=publicationFile&v=3;Bundeskriminalamt;2019;;2026-08-26;189512;da07f29e209b23ca850c2b21c64f57b3e9e573406526ea69ce845de9879fa10f;dl-de/by-2-0;pdf;interpretation
Straftatenkatalog.pdf;data/raw/pks/interpretationshilfen/2019/Straftatenkatalog.pdf;https://www.bka.de/SharedDocs/Downloads/DE/Publikationen/PolizeilicheKriminalstatistik/2019/Interpretation/01_div_Dok/Straftatenkatalog.pdf?__blob=publicationFile&v=4;Bundeskriminalamt;2019;;2026-08-26;752648;33a082e5b463160f6add620a2c1d3f9ee31650916a1ee23af376e9fd50607800;dl-de/by-2-0;pdf;interpretation
Straftatenkatalog-Historie.pdf;data/raw/pks/interpretationshilfen/2019/Straftatenkatalog-Historie.pdf;https://www.bka.de/SharedDocs/Downloads/DE/Publikationen/PolizeilicheKriminalstatistik/2019/Interpretation/01_div_Dok/Straftatenkatalog-Historie.pdf?__blob=publicationFile&v=3;Bundeskriminalamt;2019;;2026-08-26;556593;9c6164ded9402ca4747188bacb0750003507c5eed3b41ae414af01a1747197b8;dl-de/by-2-0;pdf;interpretation
Uebersicht-Summenschluessel.pdf;data/raw/pks/interpretationshilfen/2019/Uebersicht-Summenschluessel.pdf;https://www.bka.de/SharedDocs/Downloads/DE/Publikationen/PolizeilicheKriminalstatistik/2019/Interpretation/01_div_Dok/Uebersicht-Summenschluessel.pdf?__blob=publicationFile&v=3;Bundeskriminalamt;2019;;2026-08-26;225280;bec23ffc1694f16110423642289280e8455f34f7f07eb8a266483e0342164b75;dl-de/by-2-0;pdf;interpretation
Ausgewaehlte-Straftaten-fuer-Kreise-und-Staedte.pdf;data/raw/pks/interpretationshilfen/2019/Ausgewaehlte-Straftaten-fuer-Kreise-und-Staedte.pdf;https://www.bka.de/SharedDocs/Downloads/DE/Publikationen/PolizeilicheKriminalstatistik/2019/Interpretation/01_div_Dok/Ausgewaehlte-Straftaten-fuer-Kreise-und-Staedte.pdf?__blob=publicationFile&v=4;Bundeskriminalamt;2019;;2026-08-26;174095;f93b7546cf10d67003f4f9e1cd9c8bf5901fc997d5b75481a61817d282ffa50f;dl-de/by-2-0;pdf;interpretation kreise
Tabellenbeschreibung.pdf;data/raw/pks/interpretationshilfen/2019/Tabellenbeschreibung.pdf;https://www.bka.de/SharedDocs/Downloads/DE/Publikationen/PolizeilicheKriminalstatistik/2019/Interpretation/01_div_Dok/Tabellenbeschreibung.pdf?__blob=publicationFile&v=5;Bundeskriminalamt;2019;;2026-08-26;998699;d4c32230107011651c1ceb6208dfa4455b8b453c76a691bac849bea7055a8a38;dl-de/by-2-0;pdf;interpretation
Richtlinien.pdf;data/raw/pks/interpretationshilfen/2019/Richtlinien.pdf;https://www.bka.de/SharedDocs/Downloads/DE/Publikationen/PolizeilicheKriminalstatistik/2019/Interpretation/02_Rili/Richtlinien.pdf?__blob=publicationFile&v=3;Bundeskriminalamt;2019;;2026-08-26;439104;b81b0492320ab495380333dc07b354da0167a6b237a6434f6362cd1d1999caeb;dl-de/by-2-0;pdf;interpretation
Anlage-2-Tabellenuebersicht.pdf;data/raw/pks/interpretationshilfen/2019/Anlage-2-Tabellenuebersicht.pdf;https://www.bka.de/SharedDocs/Downloads/DE/Publikationen/PolizeilicheKriminalstatistik/2019/Interpretation/02_Rili/Anlage-2-Tabellenuebersicht.pdf?__blob=publicationFile&v=4;Bundeskriminalamt;2019;;2026-08-26;161012;d8a7c3d5e1f694d0124c988ec093cbd61ab46420fac94c1af77998364dc7408d;dl-de/by-2-0;pdf;interpretation
Anlage-3-Definitionskatalog.pdf;data/raw/pks/interpretationshilfen/2019/Anlage-3-Definitionskatalog.pdf;https://www.bka.de/SharedDocs/Downloads/DE/Publikationen/PolizeilicheKriminalstatistik/2019/Interpretation/02_Rili/Anlage-3-Definitionskatalog.pdf?__blob=publicationFile&v=3;Bundeskriminalamt;2019;;2026-08-26;349056;dec3d71a114b00a1c71a7776fdb70398e8b93b48d0381fd5ab8ba39ec26dc4c0;dl-de/by-2-0;pdf;interpretation
Anlage-4-Ablaufdiagramm-PKS-Erfassung.pdf;data/raw/pks/interpretationshilfen/2019/Anlage-4-Ablaufdiagramm-PKS-Erfassung.pdf;https://www.bka.de/SharedDocs/Downloads/DE/Publikationen/PolizeilicheKriminalstatistik/2019/Interpretation/02_Rili/Anlage-4-Ablaufdiagramm-PKS-Erfassung.pdf?__blob=publicationFile&v=3;Bundeskriminalamt;2019;;2026-08-26;133795;6175593df52980ed178684bf846005164ae008205212ab6c29be67742e85d5b3;dl-de/by-2-0;pdf;interpretation
Anlage-5-Beispielsammlung.pdf;data/raw/pks/interpretationshilfen/2019/Anlage-5-Beispielsammlung.pdf;https://www.bka.de/SharedDocs/Downloads/DE/Publikationen/PolizeilicheKriminalstatistik/2019/Interpretation/02_Rili/Anlage-5-Beispielsammlung.pdf?__blob=publicationFile&v=3;Bundeskriminalamt;2019;;2026-08-26;523233;b98412eca32ad30cfb29a8246e31ed50c996f2b1157689a46bf74386e3e6fb4f;dl-de/by-2-0;pdf;interpretation
Anlage-zur-Beispielsammlung-Bsp-40.pdf;data/raw/pks/interpretationshilfen/2019/Anlage-zur-Beispielsammlung-Bsp-40.pdf;https://www.bka.de/SharedDocs/Downloads/DE/Publikationen/PolizeilicheKriminalstatistik/2019/Interpretation/02_Rili/Anlage-zur-Beispielsammlung-Bsp-40.pdf?__blob=publicationFile&v=3;Bundeskriminalamt;2019;;2026-08-26;427250;6a5ada926017764647d92ecbc8b162cd70be197d2e66097333e02315eb230a15;dl-de/by-2-0;pdf;interpretation
pks2019Jahrbuch1Faelle.pdf;data/raw/pks/bund/2019/pks2019Jahrbuch1Faelle.pdf;https://www.bka.de/SharedDocs/Downloads/DE/Publikationen/PolizeilicheKriminalstatistik/2019/Jahrbuch/pks2019Jahrbuch1Faelle.pdf?__blob=publicationFile&v=3;Bundeskriminalamt;2019;;2026-08-26;1372153;23cf1fc6960cb3f27840d1f658dd2a5c24bbfedabe0125a3b3a83662624a12a5;dl-de/by-2-0;pdf;faelle
pks2019Jahrbuch2Opfer.pdf;data/raw/pks/bund/2019/pks2019Jahrbuch2Opfer.pdf;https://www.bka.de/SharedDocs/Downloads/DE/Publikationen/PolizeilicheKriminalstatistik/2019/Jahrbuch/pks2019Jahrbuch2Opfer.pdf?__blob=publicationFile&v=5;Bundeskriminalamt;2019;;2026-08-26;1399234;353214362817745fede10a206606205e9b5b6cfcd20edc9332a7ec246742a02d;dl-de/by-2-0;pdf;opfer
STD-F-01-T01-Faelle_excel.xlsx;data/raw/pks/bund/2018/STD-F-01-T01-Faelle_excel.xlsx;https://www.bka.de/SharedDocs/Downloads/DE/Publikationen/PolizeilicheKriminalstatistik/2018/Standardtabellen/Faelle/STD-F-01-T01-Faelle_excel.xlsx?__blob=publicationFile&v=3;Bundeskriminalamt;2018;;2026-08-26;171625;0fbcd2c70d4a6c5a7f625221d538c92f59084e98d66ad7ebee64518b657b0af2;dl-de/by-2-0;xlsx;faelle standard
STD-F-01-T01-Faelle_csv.csv;data/raw/pks/bund/2018/STD-F-01-T01-Faelle_csv.csv;https://www.bka.de/SharedDocs/Downloads/DE/Publikationen/PolizeilicheKriminalstatistik/2018/Standardtabellen/Faelle/STD-F-01-T01-Faelle_csv.csv?__blob=publicationFile&v=3;Bundeskriminalamt;2018;;2026-08-26;154064;8a03ab46ff5b4c00978f2fa7613387921d76dc2248bfb51281dfe286f9d6361a;dl-de/by-2-0;csv;faelle standard
STD-F-02-T02-Wikri_excel.xlsx;data/raw/pks/bund/2018/STD-F-02-T02-Wikri_excel.xlsx;https://www.bka.de/SharedDocs/Downloads/DE/Publikationen/PolizeilicheKriminalstatistik/2018/Standardtabellen/Faelle/STD-F-02-T02-Wikri_excel.xlsx?__blob=publicationFile&v=3;Bundeskriminalamt;2018;;2026-08-26;56109;7a35548e1dc2d1577698bc019640d5b62a4d6cf1e99734d3e35ce4f3897097fd;dl-de/by-2-0;xlsx;faelle standard
STD-F-02-T02-Wikri_csv.csv;data/raw/pks/bund/2018/STD-F-02-T02-Wikri_csv.csv;https://www.bka.de/SharedDocs/Downloads/DE/Publikationen/PolizeilicheKriminalstatistik/2018/Standardtabellen/Faelle/STD-F-02-T02-Wikri_csv.csv?__blob=publicationFile&v=3;Bundeskriminalamt;2018;;2026-08-26;41728;643d53ff0d4224d3f1b0019b9abbc56a8709d8aa5314a24e3f47d85939b7d0c0;dl-de/by-2-0;csv;faelle standard
STD-F-03-T03-BP_excel.xlsx;data/raw/pks/bund/2018/STD-F-03-T03-BP_excel.xlsx;https://www.bka.de/SharedDocs/Downloads/DE/Publikationen/PolizeilicheKriminalstatistik/2018/Standardtabellen/Faelle/STD-F-03-T03-BP_excel.xlsx?__blob=publicationFile&v=4;Bundeskriminalamt;2018;;2026-08-26;138796;76590e367192b69224ceebef3f56ad36d4f456b47b872274d29e7ec7cd0840e5;dl-de/by-2-0;xlsx;faelle standard
STD-F-03-T03-BP_csv.csv;data/raw/pks/bund/2018/STD-F-03-T03-BP_csv.csv;https://www.bka.de/SharedDocs/Downloads/DE/Publikationen/PolizeilicheKriminalstatistik/2018/Standardtabellen/Faelle/STD-F-03-T03-BP_csv.csv?__blob=publicationFile&v=3;Bundeskriminalamt;2018;;2026-08-26;129764;33b6036f29aede84487df9d4236470f9eae32f4379113cbe7473edbfd7bc13c3;dl-de/by-2-0;csv;faelle standard
STD-F-04-T05-TM-Internet_excel.xlsx;data/raw/pks/bund/2018/STD-F-04-T05-TM-Internet_excel.xlsx;https://www.bka.de/SharedDocs/Downloads/DE/Publikationen/PolizeilicheKriminalstatistik/2018/Standardtabellen/Faelle/STD-F-04-T05-TM-Internet_excel.xlsx?__blob=publicationFile&v=3;Bundeskriminalamt;2018;;2026-08-26;140135;e646b5757b863b5c56a7fb977e882974454aaf755f7df61301f4e59d4b0db4bd;dl-de/by-2-0;xlsx;faelle standard
STD-F-04-T05-TM-Internet_csv.csv;data/raw/pks/bund/2018/STD-F-04-T05-TM-Internet_csv.csv;https://www.bka.de/SharedDocs/Downloads/DE/Publikationen/PolizeilicheKriminalstatistik/2018/Standardtabellen/Faelle/STD-F-04-T05-TM-Internet_csv.csv?__blob=publicationFile&v=3;Bundeskriminalamt;2018;;2026-08-26;130124;a865669106c459e6d88b5ca3179735faed7abf3885c0f78bab56d10f6171c045;dl-de/by-2-0;csv;faelle standard
STD-F-05-T07-Schaden_excel.xlsx;data/raw/pks/bund/2018/STD-F-05-T07-Schaden_excel.xlsx;https://www.bka.de/SharedDocs/Downloads/DE/Publikationen/PolizeilicheKriminalstatistik/2018/Standardtabellen/Faelle/STD-F-05-T07-Schaden_excel.xlsx?__blob=publicationFile&v=3;Bundeskriminalamt;2018;;2026-08-26;67003;6cf033616316e51bc5062b5f8a83685adf27df2cf41e4b5e4e34f2a371a55f24;dl-de/by-2-0;xlsx;faelle standard
STD-F-05-T07-Schaden_csv.csv;data/raw/pks/bund/2018/STD-F-05-T07-Schaden_csv.csv;https://www.bka.de/SharedDocs/Downloads/DE/Publikationen/PolizeilicheKriminalstatistik/2018/Standardtabellen/Faelle/STD-F-05-T07-Schaden_csv.csv?__blob=publicationFile&v=3;Bundeskriminalamt;2018;;2026-08-26;58999;f7ea8c392ec273af2819ba2202891c94943722dffbc9e838c7c63d0ea0972b70;dl-de/by-2-0;csv;faelle standard
STD-F-06-T08-Tatzeit_excel.xlsx;data/raw/pks/bund/2018/STD-F-06-T08-Tatzeit_excel.xlsx;https://www.bka.de/SharedDocs/Downloads/DE/Publikationen/PolizeilicheKriminalstatistik/2018/Standardtabellen/Faelle/STD-F-06-T08-Tatzeit_excel.xlsx?__blob=publicationFile&v=6;Bundeskriminalamt;2018;;2026-08-26;164174;687fea0c0e403218a4f936ee71f65ce1b87fb9348895e63e6880ea84970522e4;dl-de/by-2-0;xlsx;faelle standard
STD-F-06-T08-Tatzeit_csv.csv;data/raw/pks/bund/2018/STD-F-06-T08-Tatzeit_csv.csv;https://www.bka.de/SharedDocs/Downloads/DE/Publikationen/PolizeilicheKriminalstatistik/2018/Standardtabellen/Faelle/STD-F-06-T08-Tatzeit_csv.csv?__blob=publicationFile&v=4;Bundeskriminalamt;2018;;2026-08-26;159536;47bc9d8ba1030fa650d5c86802e26d7d8b30d96c9669fb142e5f83859222bcce;dl-de/by-2-0;csv;faelle standard
STD-F-07-T09-Schaden-Wikri_excel.xlsx;data/raw/pks/bund/2018/STD-F-07-T09-Schaden-Wikri_excel.xlsx;https://www.bka.de/SharedDocs/Downloads/DE/Publikationen/PolizeilicheKriminalstatistik/2018/Standardtabellen/Faelle/STD-F-07-T09-Schaden-Wikri_excel.xlsx?__blob=publicationFile&v=3;Bundeskriminalamt;2018;;2026-08-26;24103;c6fba52efa6689bf37d5cf56a343fb0758069d28554016b7b02aac3ab4a4c1b6;dl-de/by-2-0;xlsx;faelle standard
STD-F-07-T09-Schaden-Wikri_csv.csv;data/raw/pks/bund/2018/STD-F-07-T09-Schaden-Wikri_csv.csv;https://www.bka.de/SharedDocs/Downloads/DE/Publikationen/PolizeilicheKriminalstatistik/2018/Standardtabellen/Faelle/STD-F-07-T09-Schaden-Wikri_csv.csv?__blob=publicationFile&v=3;Bundeskriminalamt;2018;;2026-08-26;11378;42bd35423591c67e05574a201ffd71a8ed71b23a463ccab906b4d3027d5f2bf3;dl-de/by-2-0;csv;faelle standard
STD-F-08-T12-aufgeklaert_excel.xlsx;data/raw/pks/bund/2018/STD-F-08-T12-aufgeklaert_excel.xlsx;https://www.bka.de/SharedDocs/Downloads/DE/Publikationen/PolizeilicheKriminalstatistik/2018/Standardtabellen/Faelle/STD-F-08-T12-aufgeklaert_excel.xlsx?__blob=publicationFile&v=3;Bundeskriminalamt;2018;;2026-08-26;128781;3802ce3a015c3f5b85ed71dde238f37006d615f1855205d41c2f833a0a25ae20;dl-de/by-2-0;xlsx;faelle standard
STD-F-08-T12-aufgeklaert_csv.csv;data/raw/pks/bund/2018/STD-F-08-T12-aufgeklaert_csv.csv;https://www.bka.de/SharedDocs/Downloads/DE/Publikationen/PolizeilicheKriminalstatistik/2018/Standardtabellen/Faelle/STD-F-08-T12-aufgeklaert_csv.csv?__blob=publicationFile&v=3;Bundeskriminalamt;2018;;2026-08-26;125826;f31dbbf0de09df2c9c50af68d772f5ca5355e340c3f4029f889ca7dc76b9a600;dl-de/by-2-0;csv;faelle standard
STD-O-01-T91-Opfer_excel.xlsx;data/raw/pks/bund/2018/STD-O-01-T91-Opfer_excel.xlsx;https://www.bka.de/SharedDocs/Downloads/DE/Publikationen/PolizeilicheKriminalstatistik/2018/Standardtabellen/Opfer/STD-O-01-T91-Opfer_excel.xlsx?__blob=publicationFile&v=4;Bundeskriminalamt;2018;;2026-08-26;105533;26811fb4ae91b875b87c6bfe5a389ee1e1fb611aaa0f392bff8d6fc8dea2df6e;dl-de/by-2-0;xlsx;opfer standard
STD-O-01-T91-Opfer_csv.csv;data/raw/pks/bund/2018/STD-O-01-T91-Opfer_csv.csv;https://www.bka.de/SharedDocs/Downloads/DE/Publikationen/PolizeilicheKriminalstatistik/2018/Standardtabellen/Opfer/STD-O-01-T91-Opfer_csv.csv?__blob=publicationFile&v=3;Bundeskriminalamt;2018;;2026-08-26;97830;d90a9abbaffaa32cb8d6c4ade513ab6fc43584ff910cb98aa12b796902d1edc7;dl-de/by-2-0;csv;opfer standard
STD-O-02-T911-O-Staatsangehoerigkeiten_excel.xlsx;data/raw/pks/bund/2018/STD-O-02-T911-O-Staatsangehoerigkeiten_excel.xlsx;https://www.bka.de/SharedDocs/Downloads/DE/Publikationen/PolizeilicheKriminalstatistik/2018/Standardtabellen/Opfer/STD-O-02-T911-O-Staatsangehoerigkeiten_excel.xlsx?__blob=publicationFile&v=3;Bundeskriminalamt;2018;;2026-08-26;435347;4f9fe1e372cd24e03afb2521da859b2ced7da06b8ae8c362159c0ad9f5a58dde;dl-de/by-2-0;xlsx;opfer standard
STD-O-02-T911-O-Staatsangehoerigkeiten_csv.csv;data/raw/pks/bund/2018/STD-O-02-T911-O-Staatsangehoerigkeiten_csv.csv;https://www.bka.de/SharedDocs/Downloads/DE/Publikationen/PolizeilicheKriminalstatistik/2018/Standardtabellen/Opfer/STD-O-02-T911-O-Staatsangehoerigkeiten_csv.csv?__blob=publicationFile&v=4;Bundeskriminalamt;2018;;2026-08-26;309166;ef079f70ebea24a1106521ca5a9d7f573cc2d7d231b13b95647a502b70f53fc4;dl-de/by-2-0;csv;opfer standard
STD-O-03-T92-O-TV-Bez_excel.xlsx;data/raw/pks/bund/2018/STD-O-03-T92-O-TV-Bez_excel.xlsx;https://www.bka.de/SharedDocs/Downloads/DE/Publikationen/PolizeilicheKriminalstatistik/2018/Standardtabellen/Opfer/STD-O-03-T92-O-TV-Bez_excel.xlsx?__blob=publicationFile&v=3;Bundeskriminalamt;2018;;2026-08-26;82613;f0ce6c8609afe9892c81381529855876d44f2fc9ae77497f6022538cd1c6b0c2;dl-de/by-2-0;xlsx;opfer standard
STD-O-03-T92-O-TV-Bez_csv.csv;data/raw/pks/bund/2018/STD-O-03-T92-O-TV-Bez_csv.csv;https://www.bka.de/SharedDocs/Downloads/DE/Publikationen/PolizeilicheKriminalstatistik/2018/Standardtabellen/Opfer/STD-O-03-T92-O-TV-Bez_csv.csv?__blob=publicationFile&v=3;Bundeskriminalamt;2018;;2026-08-26;83943;6615436d1f1775abbd1b3d11d34c4cdf46b116beabca54791146d8423966f172;dl-de/by-2-0;csv;opfer standard
STD-O-04-T921-O-TV-Partner_excel.xlsx;data/raw/pks/bund/2018/STD-O-04-T921-O-TV-Partner_excel.xlsx;https://www.bka.de/SharedDocs/Downloads/DE/Publikationen/PolizeilicheKriminalstatistik/2018/Standardtabellen/Opfer/STD-O-04-T921-O-TV-Partner_excel.xlsx?__blob=publicationFile&v=4;Bundeskriminalamt;2018;;2026-08-26;62774;d6fcdf452d0e51025828ba62aefc870dcd5b1f32533b94573751be8a1e1cf694;dl-de/by-2-0;xlsx;opfer standard
STD-O-04-T921-O-TV-Partner_csv.csv;data/raw/pks/bund/2018/STD-O-04-T921-O-TV-Partner_csv.csv;https://www.bka.de/SharedDocs/Downloads/DE/Publikationen/PolizeilicheKriminalstatistik/2018/Standardtabellen/Opfer/STD-O-04-T921-O-TV-Partner_csv.csv?__blob=publicationFile&v=4;Bundeskriminalamt;2018;;2026-08-26;70580;e73e8dd76a46aaee64509d4a20da700243fa46befddc4d5707e2a8afaa6d76eb;dl-de/by-2-0;csv;opfer standard
STD-O-05-T922-O-TV-Familie_excel.xlsx;data/raw/pks/bund/2018/STD-O-05-T922-O-TV-Familie_excel.xlsx;https://www.bka.de/SharedDocs/Downloads/DE/Publikationen/PolizeilicheKriminalstatistik/2018/Standardtabellen/Opfer/STD-O-05-T922-O-TV-Familie_excel.xlsx?__blob=publicationFile&v=4;Bundeskriminalamt;2018;;2026-08-26;74941;3c083e141b955471d8099c41de2f7e0cce8f3201cca349b72da48ef452ec7253;dl-de/by-2-0;xlsx;opfer standard
STD-O-05-T922-O-TV-Familie_csv.csv;data/raw/pks/bund/2018/STD-O-05-T922-O-TV-Familie_csv.csv;https://www.bka.de/SharedDocs/Downloads/DE/Publikationen/PolizeilicheKriminalstatistik/2018/Standardtabellen/Opfer/STD-O-05-T922-O-TV-Familie_csv.csv?__blob=publicationFile&v=4;Bundeskriminalamt;2018;;2026-08-26;78547;8227a2ff901763bc49310b41608ceee63787a2223ee1da6135b127f085c5df77;dl-de/by-2-0;csv;opfer standard
STD-O-06-T923-O-TV-informell_excel.xlsx;data/raw/pks/bund/2018/STD-O-06-T923-O-TV-informell_excel.xlsx;https://www.bka.de/SharedDocs/Downloads/DE/Publikationen/PolizeilicheKriminalstatistik/2018/Standardtabellen/Opfer/STD-O-06-T923-O-TV-informell_excel.xlsx?__blob=publicationFile&v=5;Bundeskriminalamt;2018;;2026-08-26;55237;d6034e448422b727785bc453000a415fa3d73e18c3f6469c5e2555c34519cb8c;dl-de/by-2-0;xlsx;opfer standard
STD-O-06-T923-O-TV-informell_csv.csv;data/raw/pks/bund/2018/STD-O-06-T923-O-TV-informell_csv.csv;https://www.bka.de/SharedDocs/Downloads/DE/Publikationen/PolizeilicheKriminalstatistik/2018/Standardtabellen/Opfer/STD-O-06-T923-O-TV-informell_csv.csv?__blob=publicationFile&v=5;Bundeskriminalamt;2018;;2026-08-26;65647;32990d22c16e25d44670ba3f9f5e70d93778d54e2a3ea6a8527b7dab4f8773b1;dl-de/by-2-0;csv;opfer standard
STD-O-07-T93-O-TV-raeumlich-sozial_excel.xlsx;data/raw/pks/bund/2018/STD-O-07-T93-O-TV-raeumlich-sozial_excel.xlsx;https://www.bka.de/SharedDocs/Downloads/DE/Publikationen/PolizeilicheKriminalstatistik/2018/Standardtabellen/Opfer/STD-O-07-T93-O-TV-raeumlich-sozial_excel.xlsx?__blob=publicationFile&v=3;Bundeskriminalamt;2018;;2026-08-26;68924;4bb5e3d8f641e9a56cddbb9376f9ed70ec642fb10d98089f827e5a95ae08320b;dl-de/by-2-0;xlsx;opfer standard
STD-O-07-T93-O-TV-raeumlich-sozial_csv.csv;data/raw/pks/bund/2018/STD-O-07-T93-O-TV-raeumlich-sozial_csv.csv;https://www.bka.de/SharedDocs/Downloads/DE/Publikationen/PolizeilicheKriminalstatistik/2018/Standardtabellen/Opfer/STD-O-07-T93-O-TV-raeumlich-sozial_csv.csv?__blob=publicationFile&v=3;Bundeskriminalamt;2018;;2026-08-26;74369;acc9b3acde67df4c9ff2a0a9eb43c56ad1f3a649e0ffca16d4250c9c0b00c2d5;dl-de/by-2-0;csv;opfer standard
STD-O-08-T931-O-TV-raeumlich-sozial-a_excel.xlsx;data/raw/pks/bund/2018/STD-O-08-T931-O-TV-raeumlich-sozial-a_excel.xlsx;https://www.bka.de/SharedDocs/Downloads/DE/Publikationen/PolizeilicheKriminalstatistik/2018/Standardtabellen/Opfer/STD-O-08-T931-O-TV-raeumlich-sozial-a_excel.xlsx?__blob=publicationFile&v=3;Bundeskriminalamt;2018;;2026-08-26;68968;76c388744776e4062ac853458cba6824d9a1055e5f00d4e13e8e2f638fc6f024;dl-de/by-2-0;xlsx;opfer standard
STD-O-08-T931-O-TV-raeumlich-sozial-a_csv.csv;data/raw/pks/bund/2018/STD-O-08-T931-O-TV-raeumlich-sozial-a_csv.csv;https://www.bka.de/SharedDocs/Downloads/DE/Publikationen/PolizeilicheKriminalstatistik/2018/Standardtabellen/Opfer/STD-O-08-T931-O-TV-raeumlich-sozial-a_csv.csv?__blob=publicationFile&v=3;Bundeskriminalamt;2018;;2026-08-26;75238;b715d2562eab6d21674a545b277db4d66805e42a3e75a7d959d329fab59e7247;dl-de/by-2-0;csv;opfer standard
STD-O-09-T932-O-TV-raeumlich-sozial-b_excel.xlsx;data/raw/pks/bund/2018/STD-O-09-T932-O-TV-raeumlich-sozial-b_excel.xlsx;https://www.bka.de/SharedDocs/Downloads/DE/Publikationen/PolizeilicheKriminalstatistik/2018/Standardtabellen/Opfer/STD-O-09-T932-O-TV-raeumlich-sozial-b_excel.xlsx?__blob=publicationFile&v=3;Bundeskriminalamt;2018;;2026-08-26;53551;4ca5e7f4bef6c5797a15391db2c8439ac84c02f843c36dd60635be397226d61c;dl-de/by-2-0;xlsx;opfer standard
STD-O-09-T932-O-TV-raeumlich-sozial-b_csv.csv;data/raw/pks/bund/2018/STD-O-09-T932-O-TV-raeumlich-sozial-b_csv.csv;https://www.bka.de/SharedDocs/Downloads/DE/Publikationen/PolizeilicheKriminalstatistik/2018/Standardtabellen/Opfer/STD-O-09-T932-O-TV-raeumlich-sozial-b_csv.csv?__blob=publicationFile&v=3;Bundeskriminalamt;2018;;2026-08-26;65767;548f59f340b68f96091a4754cee137b5e13a4748578bc153ce27c9aab2d8a465;dl-de/by-2-0;csv;opfer standard
STD-O-10-T933-O-TV-raeumlich-sozial-c_excel.xlsx;data/raw/pks/bund/2018/STD-O-10-T933-O-TV-raeumlich-sozial-c_excel.xlsx;https://www.bka.de/SharedDocs/Downloads/DE/Publikationen/PolizeilicheKriminalstatistik/2018/Standardtabellen/Opfer/STD-O-10-T933-O-TV-raeumlich-sozial-c_excel.xlsx?__blob=publicationFile&v=4;Bundeskriminalamt;2018;;2026-08-26;67844;0c8e91ddc249624013a15ecafefc99a2848f43c8557b3f3a2d7a7514f0ecee11;dl-de/by-2-0;xlsx;opfer standard
STD-O-10-T933-O-TV-raeumlich-sozial-c_csv.csv;data/raw/pks/bund/2018/STD-O-10-T933-O-TV-raeumlich-sozial-c_csv.csv;https://www.bka.de/SharedDocs/Downloads/DE/Publikationen/PolizeilicheKriminalstatistik/2018/Standardtabellen/Opfer/STD-O-10-T933-O-TV-raeumlich-sozial-c_csv.csv?__blob=publicationFile&v=4;Bundeskriminalamt;2018;;2026-08-26;73445;fdcf0f53cf2e9890d986c10947a6067472f8a3984da4636350428f6b13fb3466;dl-de/by-2-0;csv;opfer standard
STD-O-11-T94-Opferspezifik_excel.xlsx;data/raw/pks/bund/2018/STD-O-11-T94-Opferspezifik_excel.xlsx;https://www.bka.de/SharedDocs/Downloads/DE/Publikationen/PolizeilicheKriminalstatistik/2018/Standardtabellen/Opfer/STD-O-11-T94-Opferspezifik_excel.xlsx?__blob=publicationFile&v=3;Bundeskriminalamt;2018;;2026-08-26;63892;ceb1961946cf147374e524c888318d054126293eb23fc9e2289f7bede33b4eeb;dl-de/by-2-0;xlsx;opfer standard
STD-O-11-T94-Opferspezifik_csv.csv;data/raw/pks/bund/2018/STD-O-11-T94-Opferspezifik_csv.csv;https://www.bka.de/SharedDocs/Downloads/DE/Publikationen/PolizeilicheKriminalstatistik/2018/Standardtabellen/Opfer/STD-O-11-T94-Opferspezifik_csv.csv?__blob=publicationFile&v=3;Bundeskriminalamt;2018;;2026-08-26;70060;4a930bfdaef55c36e91d42a0c71a92f424634d989c561171953734f68c9e2059;dl-de/by-2-0;csv;opfer standard
STD-O-12-T941-Beeintraechtigung_excel.xlsx;data/raw/pks/bund/2018/STD-O-12-T941-Beeintraechtigung_excel.xlsx;https://www.bka.de/SharedDocs/Downloads/DE/Publikationen/PolizeilicheKriminalstatistik/2018/Standardtabellen/Opfer/STD-O-12-T941-Beeintraechtigung_excel.xlsx?__blob=publicationFile&v=3;Bundeskriminalamt;2018;;2026-08-26;69981;3de8fa04733449cde6422317e99d9b1384e6b9749234f773e22494cf48e8d312;dl-de/by-2-0;xlsx;opfer standard
STD-O-12-T941-Beeintraechtigung_csv.csv;data/raw/pks/bund/2018/STD-O-12-T941-Beeintraechtigung_csv.csv;https://www.bka.de/SharedDocs/Downloads/DE/Publikationen/PolizeilicheKriminalstatistik/2018/Standardtabellen/Opfer/STD-O-12-T941-Beeintraechtigung_csv.csv?__blob=publicationFile&v=3;Bundeskriminalamt;2018;;2026-08-26;74511;fcc57d3db2adfd49cf4ed14f390b79dbc5586d11b598bd20d459ac8565c89b0f;dl-de/by-2-0;csv;opfer standard
STD-O-13-T942-Beruf-Taetigkeit-1_excel.xlsx;data/raw/pks/bund/2018/STD-O-13-T942-Beruf-Taetigkeit-1_excel.xlsx;https://www.bka.de/SharedDocs/Downloads/DE/Publikationen/PolizeilicheKriminalstatistik/2018/Standardtabellen/Opfer/STD-O-13-T942-Beruf-Taetigkeit-1_excel.xlsx?__blob=publicationFile&v=3;Bundeskriminalamt;2018;;2026-08-26;62937;c8e911850246024aea57706003c7527b6f672a929c8d390ce05362160ed23bcf;dl-de/by-2-0;xlsx;opfer standard
STD-O-13-T942-Beruf-Taetigkeit-1_csv.csv;data/raw/pks/bund/2018/STD-O-13-T942-Beruf-Taetigkeit-1_csv.csv;https://www.bka.de/SharedDocs/Downloads/DE/Publikationen/PolizeilicheKriminalstatistik/2018/Standardtabellen/Opfer/STD-O-13-T942-Beruf-Taetigkeit-1_csv.csv?__blob=publicationFile&v=3;Bundeskriminalamt;2018;;2026-08-26;69646;b98c1aad1abc051063f445d60022895ae45dfe50aadddee94f880e7b75baa6d7;dl-de/by-2-0;csv;opfer standard
STD-O-14-T943-Beruf-Taetigkeit-2_excel.xlsx;data/raw/pks/bund/2018/STD-O-14-T943-Beruf-Taetigkeit-2_excel.xlsx;https://www.bka.de/SharedDocs/Downloads/DE/Publikationen/PolizeilicheKriminalstatistik/2018/Standardtabellen/Opfer/STD-O-14-T943-Beruf-Taetigkeit-2_excel.xlsx?__blob=publicationFile&v=3;Bundeskriminalamt;2018;;2026-08-26;74772;de47dcaaf577b7887e5ec3f17887955bab27c1645373a7726aff61ada1ccbbab;dl-de/by-2-0;xlsx;opfer standard
STD-O-14-T943-Beruf-Taetigkeit-2_csv.csv;data/raw/pks/bund/2018/STD-O-14-T943-Beruf-Taetigkeit-2_csv.csv;https://www.bka.de/SharedDocs/Downloads/DE/Publikationen/PolizeilicheKriminalstatistik/2018/Standardtabellen/Opfer/STD-O-14-T943-Beruf-Taetigkeit-2_csv.csv?__blob=publicationFile&v=4;Bundeskriminalamt;2018;;2026-08-26;79700;9af2d65a0bc5445ddcbf7c6089145c6c9cd71f0ec6b37c35d01078e901f87909;dl-de/by-2-0;csv;opfer standard
STD-O-15-T944-Asylbewerber-Fluechtling-Sonstiges_excel.xlsx;data/raw/pks/bund/2018/STD-O-15-T944-Asylbewerber-Fluechtling-Sonstiges_excel.xlsx;https://www.bka.de/SharedDocs/Downloads/DE/Publikationen/PolizeilicheKriminalstatistik/2018/Standardtabellen/Opfer/STD-O-15-T944-Asylbewerber-Fluechtling-Sonstiges_excel.xlsx?__blob=publicationFile&v=3;Bundeskriminalamt;2018;;2026-08-26;59256;3444c57cab62558f744e0517f321037ea1a3f54a4bd21560c7403367151293ee;dl-de/by-2-0;xlsx;opfer standard
STD-O-15-T944-Asylbewerber-Fluechtling-Sonstiges_csv.csv;data/raw/pks/bund/2018/STD-O-15-T944-Asylbewerber-Fluechtling-Sonstiges_csv.csv;https://www.bka.de/SharedDocs/Downloads/DE/Publikationen/PolizeilicheKriminalstatistik/2018/Standardtabellen/Opfer/STD-O-15-T944-Asylbewerber-Fluechtling-Sonstiges_csv.csv?__blob=publicationFile&v=3;Bundeskriminalamt;2018;;2026-08-26;67737;66f5187cc08fe89084ab8f9672b8127222ae52ae25f2ee3ddd2ae9b3bb9b9b70;dl-de/by-2-0;csv;opfer standard
BKA-F-01-T01-Fallentwicklung_excel.xlsx;data/raw/pks/bund/2018/BKA-F-01-T01-Fallentwicklung_excel.xlsx;https://www.bka.de/SharedDocs/Downloads/DE/Publikationen/PolizeilicheKriminalstatistik/2018/BKATabellen/Faelle/BKA-F-01-T01-Fallentwicklung_excel.xlsx?__blob=publicationFile&v=3;Bundeskriminalamt;2018;;2026-08-26;106609;2be7bbb7ce4ad7e49fc546f364ee824b9858bf358707c6df42f6b4d0a896e99e;dl-de/by-2-0;xlsx;faelle bund
BKA-F-01-T01-Fallentwicklung_csv.csv;data/raw/pks/bund/2018/BKA-F-01-T01-Fallentwicklung_csv.csv;https://www.bka.de/SharedDocs/Downloads/DE/Publikationen/PolizeilicheKriminalstatistik/2018/BKATabellen/Faelle/BKA-F-01-T01-Fallentwicklung_csv.csv?__blob=publicationFile&v=3;Bundeskriminalamt;2018;;2026-08-26;110695;c8ead73db053a8152967ac342c9b99ea538d783f1c52b6446513f839dc2dee1a;dl-de/by-2-0;csv;faelle bund
BKA-F-02-T01-vollendete-Faelle_excel.xlsx;data/raw/pks/bund/2018/BKA-F-02-T01-vollendete-Faelle_excel.xlsx;https://www.bka.de/SharedDocs/Downloads/DE/Publikationen/PolizeilicheKriminalstatistik/2018/BKATabellen/Faelle/BKA-F-02-T01-vollendete-Faelle_excel.xlsx?__blob=publicationFile&v=3;Bundeskriminalamt;2018;;2026-08-26;156476;09816b5a20ee9cc9cad15f89eab82c671462cfee3368613e6d05030dd1f09b76;dl-de/by-2-0;xlsx;faelle bund
BKA-F-02-T01-vollendete-Faelle_csv.csv;data/raw/pks/bund/2018/BKA-F-02-T01-vollendete-Faelle_csv.csv;https://www.bka.de/SharedDocs/Downloads/DE/Publikationen/PolizeilicheKriminalstatistik/2018/BKATabellen/Faelle/BKA-F-02-T01-vollendete-Faelle_csv.csv?__blob=publicationFile&v=3;Bundeskriminalamt;2018;;2026-08-26;145825;2abb9df9ebc9a6b439b748571d53c28662abb4589b996a6e8268b3182db46605;dl-de/by-2-0;csv;faelle bund
BKA-F-03-T01-Tatortverteilung-Prozent_excel.xlsx;data/raw/pks/bund/2018/BKA-F-03-T01-Tatortverteilung-Prozent_excel.xlsx;https://www.bka.de/SharedDocs/Downloads/DE/Publikationen/PolizeilicheKriminalstatistik/2018/BKATabellen/Faelle/BKA-F-03-T01-Tatortverteilung-Prozent_excel.xlsx?__blob=publicationFile&v=3;Bundeskriminalamt;2018;;2026-08-26;133298;45a339a35df208bb26d8cabe957ef73207fcfc0b75419668f77e3ba35d0691b9;dl-de/by-2-0;xlsx;faelle bund
BKA-F-03-T01-Tatortverteilung-Prozent_csv.csv;data/raw/pks/bund/2018/BKA-F-03-T01-Tatortverteilung-Prozent_csv.csv;https://www.bka.de/SharedDocs/Downloads/DE/Publikationen/PolizeilicheKriminalstatistik/2018/BKATabellen/Faelle/BKA-F-03-T01-Tatortverteilung-Prozent_csv.csv?__blob=publicationFile&v=3;Bundeskriminalamt;2018;;2026-08-26;108977;1bda9a7b759be82d7b89dfca1630678fe270511f509b868ce85a42ce6136d794;dl-de/by-2-0;csv;faelle bund
BKA-F-04-T01-Tatzeit-vor-Berichtsjahr_excel.xlsx;data/raw/pks/bund/2018/BKA-F-04-T01-Tatzeit-vor-Berichtsjahr_excel.xlsx;https://www.bka.de/SharedDocs/Downloads/DE/Publikationen/PolizeilicheKriminalstatistik/2018/BKATabellen/Faelle/BKA-F-04-T01-Tatzeit-vor-Berichtsjahr_excel.xlsx?__blob=publicationFile&v=5;Bundeskriminalamt;2018;;2026-08-26;198062;bb35a80899ff261092a705042cb66f46a65034278d221765bbf47bf85bb1d8ff;dl-de/by-2-0;xlsx;faelle bund
BKA-F-04-T01-Tatzeit-vor-Berichtsjahr_csv.csv;data/raw/pks/bund/2018/BKA-F-04-T01-Tatzeit-vor-Berichtsjahr_csv.csv;https://www.bka.de/SharedDocs/Downloads/DE/Publikationen/PolizeilicheKriminalstatistik/2018/BKATabellen/Faelle/BKA-F-04-T01-Tatzeit-vor-Berichtsjahr_csv.csv?__blob=publicationFile&v=5;Bundeskriminalamt;2018;;2026-08-26;163665;9d1f13c34c8ff7512a4cb46a690d520fc153e33a449843170f407f8bcdd9be05;dl-de/by-2-0;csv;faelle bund
BKA-F-05-T02-Wikri-Fallentwicklung_excel.xlsx;data/raw/pks/bund/2018/BKA-F-05-T02-Wikri-Fallentwicklung_excel.xlsx;https://www.bka.de/SharedDocs/Downloads/DE/Publikationen/PolizeilicheKriminalstatistik/2018/BKATabellen/Faelle/BKA-F-05-T02-Wikri-Fallentwicklung_excel.xlsx?__blob=publicationFile&v=3;Bundeskriminalamt;2018;;2026-08-26;57952;eec9f6847e19f4aedbe299b893c5ebb9a5f34f0148d9bbceb90115b21bff834e;dl-de/by-2-0;xlsx;faelle bund
BKA-F-05-T02-Wikri-Fallentwicklung_csv.csv;data/raw/pks/bund/2018/BKA-F-05-T02-Wikri-Fallentwicklung_csv.csv;https://www.bka.de/SharedDocs/Downloads/DE/Publikationen/PolizeilicheKriminalstatistik/2018/BKATabellen/Faelle/BKA-F-05-T02-Wikri-Fallentwicklung_csv.csv?__blob=publicationFile&v=3;Bundeskriminalamt;2018;;2026-08-26;31769;e5e7773bcaf1fa8b3fbabf304a8f56c9b566222854a5d15b46d1965af464f153;dl-de/by-2-0;csv;faelle bund
BKA-F-06-T05-TM-Internet-Fallentwicklung_excel.xlsx;data/raw/pks/bund/2018/BKA-F-06-T05-TM-Internet-Fallentwicklung_excel.xlsx;https://www.bka.de/SharedDocs/Downloads/DE/Publikationen/PolizeilicheKriminalstatistik/2018/BKATabellen/Faelle/BKA-F-06-T05-TM-Internet-Fallentwicklung_excel.xlsx?__blob=publicationFile&v=3;Bundeskriminalamt;2018;;2026-08-26;89486;a8180fc7ae56f57441b681e23c6b1133610cb8f8de5ebc44f8cd3c51e2db9b92;dl-de/by-2-0;xlsx;faelle bund
BKA-F-06-T05-TM-Internet-Fallentwicklung_csv.csv;data/raw/pks/bund/2018/BKA-F-06-T05-TM-Internet-Fallentwicklung_csv.csv;https://www.bka.de/SharedDocs/Downloads/DE/Publikationen/PolizeilicheKriminalstatistik/2018/BKATabellen/Faelle/BKA-F-06-T05-TM-Internet-Fallentwicklung_csv.csv?__blob=publicationFile&v=3;Bundeskriminalamt;2018;;2026-08-26;99888;56e02f8d7dbe3f77cb7dc8f143a04561fdb7c33bc9d28d5d19a02b8a736e08b2;dl-de/by-2-0;csv;faelle bund
BKA-TV-02-T20-TV-vollendete-Faelle_excel.xlsx;data/raw/pks/bund/2018/BKA-TV-02-T20-TV-vollendete-Faelle_excel.xlsx;https://www.bka.de/SharedDocs/Downloads/DE/Publikationen/PolizeilicheKriminalstatistik/2018/BKATabellen/Tatverdaechtige/BKA-TV-02-T20-TV-vollendete-Faelle_excel.xlsx?__blob=publicationFile&v=3;Bundeskriminalamt;2018;;2026-08-26;444023;1b29637a47b888630a69f8b4beed757342e17fa7e919922afabb4e06931d9f37;dl-de/by-2-0;xlsx;faelle bund
BKA-TV-02-T20-TV-vollendete-Faelle_csv.csv;data/raw/pks/bund/2018/BKA-TV-02-T20-TV-vollendete-Faelle_csv.csv;https://www.bka.de/SharedDocs/Downloads/DE/Publikationen/PolizeilicheKriminalstatistik/2018/BKATabellen/Tatverdaechtige/BKA-TV-02-T20-TV-vollendete-Faelle_csv.csv?__blob=publicationFile&v=3;Bundeskriminalamt;2018;;2026-08-26;448914;e1aaf94578dcc3cdaea7a8e1fafcb65e60dde7dcc85a7234aacb938cb19f99c9;dl-de/by-2-0;csv;faelle bund
BKA-O-01-T91-erweiterte-Altersklassen_excel.xlsx;data/raw/pks/bund/2018/BKA-O-01-T91-erweiterte-Altersklassen_excel.xlsx;https://www.bka.de/SharedDocs/Downloads/DE/Publikationen/PolizeilicheKriminalstatistik/2018/BKATabellen/Opfer/BKA-O-01-T91-erweiterte-Altersklassen_excel.xlsx?__blob=publicationFile&v=3;Bundeskriminalamt;2018;;2026-08-26;199145;698e4df18cf738047a293414b97124c5cf081f9ffc16ff3f45403126bfb8793d;dl-de/by-2-0;xlsx;opfer bund
BKA-O-01-T91-erweiterte-Altersklassen_csv.csv;data/raw/pks/bund/2018/BKA-O-01-T91-erweiterte-Altersklassen_csv.csv;https://www.bka.de/SharedDocs/Downloads/DE/Publikationen/PolizeilicheKriminalstatistik/2018/BKATabellen/Opfer/BKA-O-01-T91-erweiterte-Altersklassen_csv.csv?__blob=publicationFile&v=3;Bundeskriminalamt;2018;;2026-08-26;154657;5d4152d2b73720ed7fa9162d5611a288719b2df71121f373079063bf1f8fd1d0;dl-de/by-2-0;csv;opfer bund
BKA-O-02-T91-Opfer-ab-60-Jahre_excel.xlsx;data/raw/pks/bund/2018/BKA-O-02-T91-Opfer-ab-60-Jahre_excel.xlsx;https://www.bka.de/SharedDocs/Downloads/DE/Publikationen/PolizeilicheKriminalstatistik/2018/BKATabellen/Opfer/BKA-O-02-T91-Opfer-ab-60-Jahre_excel.xlsx?__blob=publicationFile&v=4;Bundeskriminalamt;2018;;2026-08-26;91710;483882da29cb9c0373199e65f2fd7c2bd01b57f06eff567400e3d5d5f9190eb4;dl-de/by-2-0;xlsx;opfer bund
BKA-O-02-T91-Opfer-ab-60-Jahre_csv.csv;data/raw/pks/bund/2018/BKA-O-02-T91-Opfer-ab-60-Jahre_csv.csv;https://www.bka.de/SharedDocs/Downloads/DE/Publikationen/PolizeilicheKriminalstatistik/2018/BKATabellen/Opfer/BKA-O-02-T91-Opfer-ab-60-Jahre_csv.csv?__blob=publicationFile&v=5;Bundeskriminalamt;2018;;2026-08-26;89589;77780ba803c30e8767d7657c307cefc037fef0799cd0f10cd2f7094fc5a43b4b;dl-de/by-2-0;csv;opfer bund
BKA-LKS-F-01-T01-Laender_excel.xlsx;data/raw/pks/laender/2018/BKA-LKS-F-01-T01-Laender_excel.xlsx;https://www.bka.de/SharedDocs/Downloads/DE/Publikationen/PolizeilicheKriminalstatistik/2018/BKATabellen/FaelleLaenderKreiseStaedte/BKA-LKS-F-01-T01-Laender_excel.xlsx?__blob=publicationFile&v=3;Bundeskriminalamt;2018;;2026-08-26;1580559;3b8972febc2a8f631da9f470bb8af2d2cea5cd1b4b39fc55ae1ff65af9c1b126;dl-de/by-2-0;xlsx;faelle laender
BKA-LKS-F-01-T01-Laender_csv.csv;data/raw/pks/laender/2018/BKA-LKS-F-01-T01-Laender_csv.csv;https://www.bka.de/SharedDocs/Downloads/DE/Publikationen/PolizeilicheKriminalstatistik/2018/BKATabellen/FaelleLaenderKreiseStaedte/BKA-LKS-F-01-T01-Laender_csv.csv?__blob=publicationFile&v=3;Bundeskriminalamt;2018;;2026-08-26;2133917;40bcded91819e551552096287e23bd0a3678ef69d7ad13b913b03649bf3a595e;dl-de/by-2-0;csv;faelle laender
BKA-LKS-F-02-T01-Laender-Fallentwicklung_excel.xlsx;data/raw/pks/laender/2018/BKA-LKS-F-02-T01-Laender-Fallentwicklung_excel.xlsx;https://www.bka.de/SharedDocs/Downloads/DE/Publikationen/PolizeilicheKriminalstatistik/2018/BKATabellen/FaelleLaenderKreiseStaedte/BKA-LKS-F-02-T01-Laender-Fallentwicklung_excel.xlsx?__blob=publicationFile&v=3;Bundeskriminalamt;2018;;2026-08-26;1492977;d00b6b1b5a98b36c1f13489f9c5321da4634471d7aa05f2c4f1dd23501493ac8;dl-de/by-2-0;xlsx;faelle laender
BKA-LKS-F-02-T01-Laender-Fallentwicklung_csv.csv;data/raw/pks/laender/2018/BKA-LKS-F-02-T01-Laender-Fallentwicklung_csv.csv;https://www.bka.de/SharedDocs/Downloads/DE/Publikationen/PolizeilicheKriminalstatistik/2018/BKATabellen/FaelleLaenderKreiseStaedte/BKA-LKS-F-02-T01-Laender-Fallentwicklung_csv.csv?__blob=publicationFile&v=3;Bundeskriminalamt;2018;;2026-08-26;2154191;49b333a6471ffac3146ff7ed73896dc36769a6f605f1bd0c7a51285ec4762a63;dl-de/by-2-0;csv;faelle laender
BKA-LKS-F-03-T01-Kreise_excel.xlsx;data/raw/pks/laender/2018/BKA-LKS-F-03-T01-Kreise_excel.xlsx;https://www.bka.de/SharedDocs/Downloads/DE/Publikationen/PolizeilicheKriminalstatistik/2018/BKATabellen/FaelleLaenderKreiseStaedte/BKA-LKS-F-03-T01-Kreise_excel.xlsx?__blob=publicationFile&v=3;Bundeskriminalamt;2018;;2026-08-26;2078296;1bfc2897baef627b68cd1c38b87f2d614a4ff3dccb202cf391c31bd67f75b0e4;dl-de/by-2-0;xlsx;faelle laender
BKA-LKS-F-03-T01-Kreise_csv.csv;data/raw/pks/laender/2018/BKA-LKS-F-03-T01-Kreise_csv.csv;https://www.bka.de/SharedDocs/Downloads/DE/Publikationen/PolizeilicheKriminalstatistik/2018/BKATabellen/FaelleLaenderKreiseStaedte/BKA-LKS-F-03-T01-Kreise_csv.csv?__blob=publicationFile&v=3;Bundeskriminalamt;2018;;2026-08-26;2184211;dbde9bf431288c4f45cf14c972af39f13153c3aecea08b79f9c6570c071efa71;dl-de/by-2-0;csv;faelle laender
BKA-LKS-F-04-T01-Kreise-Fallentwicklung_excel.xlsx;data/raw/pks/laender/2018/BKA-LKS-F-04-T01-Kreise-Fallentwicklung_excel.xlsx;https://www.bka.de/SharedDocs/Downloads/DE/Publikationen/PolizeilicheKriminalstatistik/2018/BKATabellen/FaelleLaenderKreiseStaedte/BKA-LKS-F-04-T01-Kreise-Fallentwicklung_excel.xlsx?__blob=publicationFile&v=3;Bundeskriminalamt;2018;;2026-08-26;1735114;ad6726c9df268bd428182d7e22197a4c95fd0cad46e9f8816149a7de6e138bea;dl-de/by-2-0;xlsx;faelle laender
BKA-LKS-F-04-T01-Kreise-Fallentwicklung_csv.csv;data/raw/pks/laender/2018/BKA-LKS-F-04-T01-Kreise-Fallentwicklung_csv.csv;https://www.bka.de/SharedDocs/Downloads/DE/Publikationen/PolizeilicheKriminalstatistik/2018/BKATabellen/FaelleLaenderKreiseStaedte/BKA-LKS-F-04-T01-Kreise-Fallentwicklung_csv.csv?__blob=publicationFile&v=3;Bundeskriminalamt;2018;;2026-08-26;2073904;a398105d2f4cd6480282d7980326987cf0e2a566769e39a2cbfceb2919e144e1;dl-de/by-2-0;csv;faelle laender
BKA-LKS-F-05-T01-Staedte-ab-100T-EW-und-Landeshauptstaedte_excel.xlsx;data/raw/pks/laender/2018/BKA-LKS-F-05-T01-Staedte-ab-100T-EW-und-Landeshauptstaedte_excel.xlsx;https://www.bka.de/SharedDocs/Downloads/DE/Publikationen/PolizeilicheKriminalstatistik/2018/BKATabellen/FaelleLaenderKreiseStaedte/BKA-LKS-F-05-T01-Staedte-ab-100T-EW-und-Landeshauptstaedte_excel.xlsx?__blob=publicationFile&v=4;Bundeskriminalamt;2018;;2026-08-26;346591;ae31bb1781c12782aea765feda9f81b0bebfe7cebcc099051549e6dff2a3d1e8;dl-de/by-2-0;xlsx;faelle laender
BKA-LKS-F-05-T01-Staedte-ab-100T-EW-und-Landeshauptstaedte_csv.csv;data/raw/pks/laender/2018/BKA-LKS-F-05-T01-Staedte-ab-100T-EW-und-Landeshauptstaedte_csv.csv;https://www.bka.de/SharedDocs/Downloads/DE/Publikationen/PolizeilicheKriminalstatistik/2018/BKATabellen/FaelleLaenderKreiseStaedte/BKA-LKS-F-05-T01-Staedte-ab-100T-EW-und-Landeshauptstaedte_csv.csv?__blob=publicationFile&v=4;Bundeskriminalamt;2018;;2026-08-26;452989;66fe4dd575cd572a46bd9dc100d0eb9292d87114c584f197ef5a12d1c53bc267;dl-de/by-2-0;csv;faelle laender
BKA-LKS-F-06-T01-Staedte-ab-100T-EW-und-Landeshauptstaedte-Fallentwicklung_excel.xlsx;data/raw/pks/laender/2018/BKA-LKS-F-06-T01-Staedte-ab-100T-EW-und-Landeshauptstaedte-Fallentwicklung_excel.xlsx;https://www.bka.de/SharedDocs/Downloads/DE/Publikationen/PolizeilicheKriminalstatistik/2018/BKATabellen/FaelleLaenderKreiseStaedte/BKA-LKS-F-06-T01-Staedte-ab-100T-EW-und-Landeshauptstaedte-Fallentwicklung_excel.xlsx?__blob=publicationFile&v=3;Bundeskriminalamt;2018;;2026-08-26;348605;6f6faacb5288782e90e6cc90c6a80e0c97e8f8c5a4c172e5f5094c90a6d33afb;dl-de/by-2-0;xlsx;faelle laender
BKA-LKS-F-06-T01-Staedte-ab-100T-EW-und-Landeshauptstaedte-Fallentwicklung_csv.csv;data/raw/pks/laender/2018/BKA-LKS-F-06-T01-Staedte-ab-100T-EW-und-Landeshauptstaedte-Fallentwicklung_csv.csv;https://www.bka.de/SharedDocs/Downloads/DE/Publikationen/PolizeilicheKriminalstatistik/2018/BKATabellen/FaelleLaenderKreiseStaedte/BKA-LKS-F-06-T01-Staedte-ab-100T-EW-und-Landeshauptstaedte-Fallentwicklung_csv.csv?__blob=publicationFile&v=3;Bundeskriminalamt;2018;;2026-08-26;421937;9bc601f44421af0a17f85bf46c45a97dddb8e8ff3d3285928a404f98539ef6b6;dl-de/by-2-0;csv;faelle laender
STD-F-01-T01-Faelle_excel.xlsx;data/raw/pks/bund/2017/STD-F-01-T01-Faelle_excel.xlsx;https://www.bka.de/SharedDocs/Downloads/DE/Publikationen/PolizeilicheKriminalstatistik/2017/Standardtabellen/Faelle/STD-F-01-T01-Faelle_excel.xlsx?__blob=publicationFile&v=4;Bundeskriminalamt;2017;;2026-08-26;173607;d8757466d9c8599a274808c9b6b6ef26002bbec27a23f7592135ff941a2861f9;dl-de/by-2-0;xlsx;faelle standard
STD-F-01-T01-Faelle_csv.csv;data/raw/pks/bund/2017/STD-F-01-T01-Faelle_csv.csv;https://www.bka.de/SharedDocs/Downloads/DE/Publikationen/PolizeilicheKriminalstatistik/2017/Standardtabellen/Faelle/STD-F-01-T01-Faelle_csv.csv?__blob=publicationFile&v=4;Bundeskriminalamt;2017;;2026-08-26;152398;92aa8fb819373c5261cf09d097a94504534e291acc9197af03d324771e2adc79;dl-de/by-2-0;csv;faelle standard
STD-F-02-T02-Wikri_excel.xlsx;data/raw/pks/bund/2017/STD-F-02-T02-Wikri_excel.xlsx;https://www.bka.de/SharedDocs/Downloads/DE/Publikationen/PolizeilicheKriminalstatistik/2017/Standardtabellen/Faelle/STD-F-02-T02-Wikri_excel.xlsx?__blob=publicationFile&v=4;Bundeskriminalamt;2017;;2026-08-26;58604;4a2f731cb8cda82240780be0c4e3df158f30d6a2d1d5c1b7e87780ca5ffad54c;dl-de/by-2-0;xlsx;faelle standard
STD-F-02-T02-Wikri_csv.csv;data/raw/pks/bund/2017/STD-F-02-T02-Wikri_csv.csv;https://www.bka.de/SharedDocs/Downloads/DE/Publikationen/PolizeilicheKriminalstatistik/2017/Standardtabellen/Faelle/STD-F-02-T02-Wikri_csv.csv?__blob=publicationFile&v=4;Bundeskriminalamt;2017;;2026-08-26;42357;7f788c362e496d895d0454eceeb422d728782ea0499e68984f42b44a0e4fe80c;dl-de/by-2-0;csv;faelle standard
STD-F-03-T03-BP_excel.xlsx;data/raw/pks/bund/2017/STD-F-03-T03-BP_excel.xlsx;https://www.bka.de/SharedDocs/Downloads/DE/Publikationen/PolizeilicheKriminalstatistik/2017/Standardtabellen/Faelle/STD-F-03-T03-BP_excel.xlsx?__blob=publicationFile&v=4;Bundeskriminalamt;2017;;2026-08-26;154620;b9a876250f665846886afb1898549484dfb79d9698fdb5b941db6412ba70284b;dl-de/by-2-0;xlsx;faelle standard
STD-F-03-T03-BP_csv.csv;data/raw/pks/bund/2017/STD-F-03-T03-BP_csv.csv;https://www.bka.de/SharedDocs/Downloads/DE/Publikationen/PolizeilicheKriminalstatistik/2017/Standardtabellen/Faelle/STD-F-03-T03-BP_csv.csv?__blob=publicationFile&v=4;Bundeskriminalamt;2017;;2026-08-26;130475;39ff9e36d620a7b7b7daf7d8305ecb0334913e6f851f77e292ca09205fa09b55;dl-de/by-2-0;csv;faelle standard
STD-F-04-T05-TM-Internet_excel.xlsx;data/raw/pks/bund/2017/STD-F-04-T05-TM-Internet_excel.xlsx;https://www.bka.de/SharedDocs/Downloads/DE/Publikationen/PolizeilicheKriminalstatistik/2017/Standardtabellen/Faelle/STD-F-04-T05-TM-Internet_excel.xlsx?__blob=publicationFile&v=4;Bundeskriminalamt;2017;;2026-08-26;142974;aa3d12a81f560b0b9952e33be5a4ac438fc77f317e68d1564642746c1afef149;dl-de/by-2-0;xlsx;faelle standard
STD-F-04-T05-TM-Internet_csv.csv;data/raw/pks/bund/2017/STD-F-04-T05-TM-Internet_csv.csv;https://www.bka.de/SharedDocs/Downloads/DE/Publikationen/PolizeilicheKriminalstatistik/2017/Standardtabellen/Faelle/STD-F-04-T05-TM-Internet_csv.csv?__blob=publicationFile&v=4;Bundeskriminalamt;2017;;2026-08-26;127087;d96d466c5f5ae5745ef93f960694653ea57ad0959a0a296cc310dfda0b04c0b8;dl-de/by-2-0;csv;faelle standard
STD-F-05-T07-Schaden_excel.xlsx;data/raw/pks/bund/2017/STD-F-05-T07-Schaden_excel.xlsx;https://www.bka.de/SharedDocs/Downloads/DE/Publikationen/PolizeilicheKriminalstatistik/2017/Standardtabellen/Faelle/STD-F-05-T07-Schaden_excel.xlsx?__blob=publicationFile&v=4;Bundeskriminalamt;2017;;2026-08-26;68780;dd65a3c1c51ece5b0cfb94b13c1d86e9e9c2a82f3eae7efeb3591e2476d960d7;dl-de/by-2-0;xlsx;faelle standard
STD-F-05-T07-Schaden_csv.csv;data/raw/pks/bund/2017/STD-F-05-T07-Schaden_csv.csv;https://www.bka.de/SharedDocs/Downloads/DE/Publikationen/PolizeilicheKriminalstatistik/2017/Standardtabellen/Faelle/STD-F-05-T07-Schaden_csv.csv?__blob=publicationFile&v=4;Bundeskriminalamt;2017;;2026-08-26;58693;b6b1e609b3fc2d4a7a8079726f1323bfefbd743b76609da18d8e37c6f7f59146;dl-de/by-2-0;csv;faelle standard
STD-F-06-T08-Tatzeit_excel.xlsx;data/raw/pks/bund/2017/STD-F-06-T08-Tatzeit_excel.xlsx;https://www.bka.de/SharedDocs/Downloads/DE/Publikationen/PolizeilicheKriminalstatistik/2017/Standardtabellen/Faelle/STD-F-06-T08-Tatzeit_excel.xlsx?__blob=publicationFile&v=3;Bundeskriminalamt;2017;;2026-08-26;151687;ff332f65c4e54ff79d2f3f19536e5524f7df411a28dcd7dd07eae82e5e00ab26;dl-de/by-2-0;xlsx;faelle standard
STD-F-06-T08-Tatzeit_csv.csv;data/raw/pks/bund/2017/STD-F-06-T08-Tatzeit_csv.csv;https://www.bka.de/SharedDocs/Downloads/DE/Publikationen/PolizeilicheKriminalstatistik/2017/Standardtabellen/Faelle/STD-F-06-T08-Tatzeit_csv.csv?__blob=publicationFile&v=5;Bundeskriminalamt;2017;;2026-08-26;165067;7fbeb97f81b76de7e2e367ac7de3f6f3708901fca1c72bbbcd089c040d8cdc22;dl-de/by-2-0;csv;faelle standard
STD-F-07-T09-Schaden-Wikri_excel.xlsx;data/raw/pks/bund/2017/STD-F-07-T09-Schaden-Wikri_excel.xlsx;https://www.bka.de/SharedDocs/Downloads/DE/Publikationen/PolizeilicheKriminalstatistik/2017/Standardtabellen/Faelle/STD-F-07-T09-Schaden-Wikri_excel.xlsx?__blob=publicationFile&v=4;Bundeskriminalamt;2017;;2026-08-26;25991;0f2b76463da2889c5a96b87752a6fcea0b0fcfc48a20b5a8d98a7ac5df000b1b;dl-de/by-2-0;xlsx;faelle standard
STD-F-07-T09-Schaden-Wikri_csv.csv;data/raw/pks/bund/2017/STD-F-07-T09-Schaden-Wikri_csv.csv;https://www.bka.de/SharedDocs/Downloads/DE/Publikationen/PolizeilicheKriminalstatistik/2017/Standardtabellen/Faelle/STD-F-07-T09-Schaden-Wikri_csv.csv?__blob=publicationFile&v=4;Bundeskriminalamt;2017;;2026-08-26;11153;1021626b5a4c570f8e600417b769f8323834807ae1da35c3808adb611451b1c3;dl-de/by-2-0;csv;faelle standard
STD-F-08-T12-aufgeklaert_excel.xlsx;data/raw/pks/bund/2017/STD-F-08-T12-aufgeklaert_excel.xlsx;https://www.bka.de/SharedDocs/Downloads/DE/Publikationen/PolizeilicheKriminalstatistik/2017/Standardtabellen/Faelle/STD-F-08-T12-aufgeklaert_excel.xlsx?__blob=publicationFile&v=4;Bundeskriminalamt;2017;;2026-08-26;129836;7e9486824deaefd266d162034985a10229b10a17d39f1214403f5e7fbd519656;dl-de/by-2-0;xlsx;faelle standard
STD-F-08-T12-aufgeklaert_csv.csv;data/raw/pks/bund/2017/STD-F-08-T12-aufgeklaert_csv.csv;https://www.bka.de/SharedDocs/Downloads/DE/Publikationen/PolizeilicheKriminalstatistik/2017/Standardtabellen/Faelle/STD-F-08-T12-aufgeklaert_csv.csv?__blob=publicationFile&v=4;Bundeskriminalamt;2017;;2026-08-26;124241;a296d2930cbec4a2ae3da81136de2ce7cd105b346c733e1dbc55fa696ccc86b3;dl-de/by-2-0;csv;faelle standard
STD-O-01-T91-Opfer_excel.xlsx;data/raw/pks/bund/2017/STD-O-01-T91-Opfer_excel.xlsx;https://www.bka.de/SharedDocs/Downloads/DE/Publikationen/PolizeilicheKriminalstatistik/2017/Standardtabellen/Opfer/STD-O-01-T91-Opfer_excel.xlsx?__blob=publicationFile&v=3;Bundeskriminalamt;2017;;2026-08-26;107236;1c34f7e49d515b2787d05a8059226163e731e86bbd77039b114f25843a78b1e2;dl-de/by-2-0;xlsx;opfer standard
STD-O-01-T91-Opfer_csv.csv;data/raw/pks/bund/2017/STD-O-01-T91-Opfer_csv.csv;https://www.bka.de/SharedDocs/Downloads/DE/Publikationen/PolizeilicheKriminalstatistik/2017/Standardtabellen/Opfer/STD-O-01-T91-Opfer_csv.csv?__blob=publicationFile&v=3;Bundeskriminalamt;2017;;2026-08-26;98297;86f9dc679893cea11cb5fd363b71973e3f87cd31cc0b036736ae98887cfd1833;dl-de/by-2-0;csv;opfer standard
STD-O-02-T911-O-Staatsangehoerigkeiten_excel.xlsx;data/raw/pks/bund/2017/STD-O-02-T911-O-Staatsangehoerigkeiten_excel.xlsx;https://www.bka.de/SharedDocs/Downloads/DE/Publikationen/PolizeilicheKriminalstatistik/2017/Standardtabellen/Opfer/STD-O-02-T911-O-Staatsangehoerigkeiten_excel.xlsx?__blob=publicationFile&v=3;Bundeskriminalamt;2017;;2026-08-26;451019;bd49f1085b2593a8fe6c9417b8f1c2a419704b5478beafcd267c8c1494805796;dl-de/by-2-0;xlsx;opfer standard
STD-O-02-T911-O-Staatsangehoerigkeiten_csv.csv;data/raw/pks/bund/2017/STD-O-02-T911-O-Staatsangehoerigkeiten_csv.csv;https://www.bka.de/SharedDocs/Downloads/DE/Publikationen/PolizeilicheKriminalstatistik/2017/Standardtabellen/Opfer/STD-O-02-T911-O-Staatsangehoerigkeiten_csv.csv?__blob=publicationFile&v=3;Bundeskriminalamt;2017;;2026-08-26;313465;5c27e7b9cb4ddd39b83ce65ae186fe2bdfd8257c4a9e22c0ecf30a03f9ea0450;dl-de/by-2-0;csv;opfer standard
STD-O-03-T92-O-TV-Bez_excel.xlsx;data/raw/pks/bund/2017/STD-O-03-T92-O-TV-Bez_excel.xlsx;https://www.bka.de/SharedDocs/Downloads/DE/Publikationen/PolizeilicheKriminalstatistik/2017/Standardtabellen/Opfer/STD-O-03-T92-O-TV-Bez_excel.xlsx?__blob=publicationFile&v=3;Bundeskriminalamt;2017;;2026-08-26;84146;79f7cdb78cdeccbc913ac542d6e95ca6b157d8a81609bdc50ddefca4b7a0a91f;dl-de/by-2-0;xlsx;opfer standard
STD-O-03-T92-O-TV-Bez_csv.csv;data/raw/pks/bund/2017/STD-O-03-T92-O-TV-Bez_csv.csv;https://www.bka.de/SharedDocs/Downloads/DE/Publikationen/PolizeilicheKriminalstatistik/2017/Standardtabellen/Opfer/STD-O-03-T92-O-TV-Bez_csv.csv?__blob=publicationFile&v=3;Bundeskriminalamt;2017;;2026-08-26;84482;1a9d1ec043fe86b1d73eb7fd4c017521f9841f515b00c951959d2d3daeddc14a;dl-de/by-2-0;csv;opfer standard
STD-O-04-T921-O-TV-Partner_excel.xlsx;data/raw/pks/bund/2017/STD-O-04-T921-O-TV-Partner_excel.xlsx;https://www.bka.de/SharedDocs/Downloads/DE/Publikationen/PolizeilicheKriminalstatistik/2017/Standardtabellen/Opfer/STD-O-04-T921-O-TV-Partner_excel.xlsx?__blob=publicationFile&v=3;Bundeskriminalamt;2017;;2026-08-26;64505;a7fad1d3ec3bff27b4d02a7cb1ee2c5c6a0d2d973ec4e8d271764033d0c5c709;dl-de/by-2-0;xlsx;opfer standard
STD-O-04-T921-O-TV-Partner_csv.csv;data/raw/pks/bund/2017/STD-O-04-T921-O-TV-Partner_csv.csv;https://www.bka.de/SharedDocs/Downloads/DE/Publikationen/PolizeilicheKriminalstatistik/2017/Standardtabellen/Opfer/STD-O-04-T921-O-TV-Partner_csv.csv?__blob=publicationFile&v=3;Bundeskriminalamt;2017;;2026-08-26;71476;b704987f491a3e4210bef1dc145764840e1f849eab48e330e34b99af6b9756fe;dl-de/by-2-0;csv;opfer standard
STD-O-05-T922-O-TV-Familie_excel.xlsx;data/raw/pks/bund/2017/STD-O-05-T922-O-TV-Familie_excel.xlsx;https://www.bka.de/SharedDocs/Downloads/DE/Publikationen/PolizeilicheKriminalstatistik/2017/Standardtabellen/Opfer/STD-O-05-T922-O-TV-Familie_excel.xlsx?__blob=publicationFile&v=3;Bundeskriminalamt;2017;;2026-08-26;76097;ab67df9a175e6587c0cf0a9a9d3ad9f28ea44d8a8eac8ef22192da830205ab6f;dl-de/by-2-0;xlsx;opfer standard
STD-O-05-T922-O-TV-Familie_csv.csv;data/raw/pks/bund/2017/STD-O-05-T922-O-TV-Familie_csv.csv;https://www.bka.de/SharedDocs/Downloads/DE/Publikationen/PolizeilicheKriminalstatistik/2017/Standardtabellen/Opfer/STD-O-05-T922-O-TV-Familie_csv.csv?__blob=publicationFile&v=3;Bundeskriminalamt;2017;;2026-08-26;79498;abe74e97e66bc1e6242b150747bf488a57a2cd6a997ed38d6a6362aab59aa35d;dl-de/by-2-0;csv;opfer standard
STD-O-06-T923-O-TV-informell_excel.xlsx;data/raw/pks/bund/2017/STD-O-06-T923-O-TV-informell_excel.xlsx;https://www.bka.de/SharedDocs/Downloads/DE/Publikationen/PolizeilicheKriminalstatistik/2017/Standardtabellen/Opfer/STD-O-06-T923-O-TV-informell_excel.xlsx?__blob=publicationFile&v=3;Bundeskriminalamt;2017;;2026-08-26;55676;ac89822a49c4141f1556d833d9c4805d30ee687ca26227f01636f131abafcca4;dl-de/by-2-0;xlsx;opfer standard
STD-O-06-T923-O-TV-informell_csv.csv;data/raw/pks/bund/2017/STD-O-06-T923-O-TV-informell_csv.csv;https://www.bka.de/SharedDocs/Downloads/DE/Publikationen/PolizeilicheKriminalstatistik/2017/Standardtabellen/Opfer/STD-O-06-T923-O-TV-informell_csv.csv?__blob=publicationFile&v=3;Bundeskriminalamt;2017;;2026-08-26;66421;41da80c0ab7f7f5f89bffbc54d97aa49d2edc60577014bd1bc74abb9af90f330;dl-de/by-2-0;csv;opfer standard
STD-O-07-T93-O-TV-raeumlich-sozial_excel.xlsx;data/raw/pks/bund/2017/STD-O-07-T93-O-TV-raeumlich-sozial_excel.xlsx;https://www.bka.de/SharedDocs/Downloads/DE/Publikationen/PolizeilicheKriminalstatistik/2017/Standardtabellen/Opfer/STD-O-07-T93-O-TV-raeumlich-sozial_excel.xlsx?__blob=publicationFile&v=3;Bundeskriminalamt;2017;;2026-08-26;71141;30c23ff0198bc5d19531acd9c374c9448933487943046d78f6d03c2036108b49;dl-de/by-2-0;xlsx;opfer standard
STD-O-07-T93-O-TV-raeumlich-sozial_csv.csv;data/raw/pks/bund/2017/STD-O-07-T93-O-TV-raeumlich-sozial_csv.csv;https://www.bka.de/SharedDocs/Downloads/DE/Publikationen/PolizeilicheKriminalstatistik/2017/Standardtabellen/Opfer/STD-O-07-T93-O-TV-raeumlich-sozial_csv.csv?__blob=publicationFile&v=3;Bundeskriminalamt;2017;;2026-08-26;75005;80cee1af600ccf090e8b6cdb829f65f9dcba6cec1ce346bf554de130b6afdbf3;dl-de/by-2-0;csv;opfer standard
STD-O-08-T931-O-TV-raeumlich-sozial-a_excel.xlsx;data/raw/pks/bund/2017/STD-O-08-T931-O-TV-raeumlich-sozial-a_excel.xlsx;https://www.bka.de/SharedDocs/Downloads/DE/Publikationen/PolizeilicheKriminalstatistik/2017/Standardtabellen/Opfer/STD-O-08-T931-O-TV-raeumlich-sozial-a_excel.xlsx?__blob=publicationFile&v=4;Bundeskriminalamt;2017;;2026-08-26;70089;29d5625050988df60c911f0ac5c20b5d33123d5cc7508cbb3eb2411b9dd58a49;dl-de/by-2-0;xlsx;opfer standard
STD-O-08-T931-O-TV-raeumlich-sozial-a_csv.csv;data/raw/pks/bund/2017/STD-O-08-T931-O-TV-raeumlich-sozial-a_csv.csv;https://www.bka.de/SharedDocs/Downloads/DE/Publikationen/PolizeilicheKriminalstatistik/2017/Standardtabellen/Opfer/STD-O-08-T931-O-TV-raeumlich-sozial-a_csv.csv?__blob=publicationFile&v=3;Bundeskriminalamt;2017;;2026-08-26;76124;c4fce363af0d5c55e3ab08cdbd5a9306820b61ed65283ad288f5855d2f6f4ce4;dl-de/by-2-0;csv;opfer standard
STD-O-09-T932-O-TV-raeumlich-sozial-b_excel.xlsx;data/raw/pks/bund/2017/STD-O-09-T932-O-TV-raeumlich-sozial-b_excel.xlsx;https://www.bka.de/SharedDocs/Downloads/DE/Publikationen/PolizeilicheKriminalstatistik/2017/Standardtabellen/Opfer/STD-O-09-T932-O-TV-raeumlich-sozial-b_excel.xlsx?__blob=publicationFile&v=4;Bundeskriminalamt;2017;;2026-08-26;55711;c164d417b68bdc896007779d9ee240646179b16424e630ce118236e1a17baa32;dl-de/by-2-0;xlsx;opfer standard
STD-O-09-T932-O-TV-raeumlich-sozial-b_csv.csv;data/raw/pks/bund/2017/STD-O-09-T932-O-TV-raeumlich-sozial-b_csv.csv;https://www.bka.de/SharedDocs/Downloads/DE/Publikationen/PolizeilicheKriminalstatistik/2017/Standardtabellen/Opfer/STD-O-09-T932-O-TV-raeumlich-sozial-b_csv.csv?__blob=publicationFile&v=3;Bundeskriminalamt;2017;;2026-08-26;66822;906bbb187dec9d347ae9cefc0b277bb4fc4eef14c658e6ea6bc67724ce0de566;dl-de/by-2-0;csv;opfer standard
STD-O-10-T933-O-TV-raeumlich-sozial-c_excel.xlsx;data/raw/pks/bund/2017/STD-O-10-T933-O-TV-raeumlich-sozial-c_excel.xlsx;https://www.bka.de/SharedDocs/Downloads/DE/Publikationen/PolizeilicheKriminalstatistik/2017/Standardtabellen/Opfer/STD-O-10-T933-O-TV-raeumlich-sozial-c_excel.xlsx?__blob=publicationFile&v=3;Bundeskriminalamt;2017;;2026-08-26;69324;e72b30a0697f34677ff0d97f41480a08f08a5aee61d8d3a531cb143a6663d693;dl-de/by-2-0;xlsx;opfer standard
STD-O-10-T933-O-TV-raeumlich-sozial-c_csv.csv;data/raw/pks/bund/2017/STD-O-10-T933-O-TV-raeumlich-sozial-c_csv.csv;https://www.bka.de/SharedDocs/Downloads/DE/Publikationen/PolizeilicheKriminalstatistik/2017/Standardtabellen/Opfer/STD-O-10-T933-O-TV-raeumlich-sozial-c_csv.csv?__blob=publicationFile&v=3;Bundeskriminalamt;2017;;2026-08-26;74162;872e3770793c0cfbe046b57561d2d36720cffa64cfc11dac6e79126e5dead466;dl-de/by-2-0;csv;opfer standard
STD-O-11-T94-Opferspezifik_excel.xlsx;data/raw/pks/bund/2017/STD-O-11-T94-Opferspezifik_excel.xlsx;https://www.bka.de/SharedDocs/Downloads/DE/Publikationen/PolizeilicheKriminalstatistik/2017/Standardtabellen/Opfer/STD-O-11-T94-Opferspezifik_excel.xlsx?__blob=publicationFile&v=3;Bundeskriminalamt;2017;;2026-08-26;66618;f58257108703f3ff24e81c040b4921f958a58665cb32cfb9a4473aa92e8a3515;dl-de/by-2-0;xlsx;opfer standard
STD-O-11-T94-Opferspezifik_csv.csv;data/raw/pks/bund/2017/STD-O-11-T94-Opferspezifik_csv.csv;https://www.bka.de/SharedDocs/Downloads/DE/Publikationen/PolizeilicheKriminalstatistik/2017/Standardtabellen/Opfer/STD-O-11-T94-Opferspezifik_csv.csv?__blob=publicationFile&v=3;Bundeskriminalamt;2017;;2026-08-26;70858;141c036c06c5d47b237cd7261f2a5c79becc7bcff356a7f8655ccb145276833b;dl-de/by-2-0;csv;opfer standard
STD-O-12-T941-Beeintraechtigung_excel.xlsx;data/raw/pks/bund/2017/STD-O-12-T941-Beeintraechtigung_excel.xlsx;https://www.bka.de/SharedDocs/Downloads/DE/Publikationen/PolizeilicheKriminalstatistik/2017/Standardtabellen/Opfer/STD-O-12-T941-Beeintraechtigung_excel.xlsx?__blob=publicationFile&v=3;Bundeskriminalamt;2017;;2026-08-26;71760;3c57a5c5f07d3eb0a052837f6b83790b52809b3fd55cf727e4aeaad3b9fb9d7d;dl-de/by-2-0;xlsx;opfer standard
STD-O-12-T941-Beeintraechtigung_csv.csv;data/raw/pks/bund/2017/STD-O-12-T941-Beeintraechtigung_csv.csv;https://www.bka.de/SharedDocs/Downloads/DE/Publikationen/PolizeilicheKriminalstatistik/2017/Standardtabellen/Opfer/STD-O-12-T941-Beeintraechtigung_csv.csv?__blob=publicationFile&v=3;Bundeskriminalamt;2017;;2026-08-26;75524;4e6ca6e7291e72f92b23b9d5d3af9699eaec7c55e28a7e963e3acf4e7316faf8;dl-de/by-2-0;csv;opfer standard
STD-O-13-T942-Beruf-Taetigkeit-1_excel.xlsx;data/raw/pks/bund/2017/STD-O-13-T942-Beruf-Taetigkeit-1_excel.xlsx;https://www.bka.de/SharedDocs/Downloads/DE/Publikationen/PolizeilicheKriminalstatistik/2017/Standardtabellen/Opfer/STD-O-13-T942-Beruf-Taetigkeit-1_excel.xlsx?__blob=publicationFile&v=3;Bundeskriminalamt;2017;;2026-08-26;64704;9f2a0c79692282c3eea7fb06454ac7a0555dde28c795c266009f66a1a5b71ef8;dl-de/by-2-0;xlsx;opfer standard
STD-O-13-T942-Beruf-Taetigkeit-1_csv.csv;data/raw/pks/bund/2017/STD-O-13-T942-Beruf-Taetigkeit-1_csv.csv;https://www.bka.de/SharedDocs/Downloads/DE/Publikationen/PolizeilicheKriminalstatistik/2017/Standardtabellen/Opfer/STD-O-13-T942-Beruf-Taetigkeit-1_csv.csv?__blob=publicationFile&v=3;Bundeskriminalamt;2017;;2026-08-26;70690;daa6020cedff8fc2954218142af010e5fe9013916e7af030612b5bed873444ff;dl-de/by-2-0;csv;opfer standard
STD-O-14-T943-Beruf-Taetigkeit-2_excel.xlsx;data/raw/pks/bund/2017/STD-O-14-T943-Beruf-Taetigkeit-2_excel.xlsx;https://www.bka.de/SharedDocs/Downloads/DE/Publikationen/PolizeilicheKriminalstatistik/2017/Standardtabellen/Opfer/STD-O-14-T943-Beruf-Taetigkeit-2_excel.xlsx?__blob=publicationFile&v=3;Bundeskriminalamt;2017;;2026-08-26;73222;05855c1048360e7863229695db09e463e79b2810f92b27872ffed4ce54c6a0fb;dl-de/by-2-0;xlsx;opfer standard
STD-O-14-T943-Beruf-Taetigkeit-2_csv.csv;data/raw/pks/bund/2017/STD-O-14-T943-Beruf-Taetigkeit-2_csv.csv;https://www.bka.de/SharedDocs/Downloads/DE/Publikationen/PolizeilicheKriminalstatistik/2017/Standardtabellen/Opfer/STD-O-14-T943-Beruf-Taetigkeit-2_csv.csv?__blob=publicationFile&v=3;Bundeskriminalamt;2017;;2026-08-26;78077;82ae059d15c180c91c57f435484221e965da45cfa5ab36587ce719960e6af88e;dl-de/by-2-0;csv;opfer standard
STD-O-15-T944-Asylbewerber-Fluechtling-Sonstiges_excel.xlsx;data/raw/pks/bund/2017/STD-O-15-T944-Asylbewerber-Fluechtling-Sonstiges_excel.xlsx;https://www.bka.de/SharedDocs/Downloads/DE/Publikationen/PolizeilicheKriminalstatistik/2017/Standardtabellen/Opfer/STD-O-15-T944-Asylbewerber-Fluechtling-Sonstiges_excel.xlsx?__blob=publicationFile&v=4;Bundeskriminalamt;2017;;2026-08-26;62104;76976c68a10780a695cf480466ed80b94d7e0cc5ea0f4eb7c9e2e7ff807cda07;dl-de/by-2-0;xlsx;opfer standard
STD-O-15-T944-Asylbewerber-Fluechtling-Sonstiges_csv.csv;data/raw/pks/bund/2017/STD-O-15-T944-Asylbewerber-Fluechtling-Sonstiges_csv.csv;https://www.bka.de/SharedDocs/Downloads/DE/Publikationen/PolizeilicheKriminalstatistik/2017/Standardtabellen/Opfer/STD-O-15-T944-Asylbewerber-Fluechtling-Sonstiges_csv.csv?__blob=publicationFile&v=4;Bundeskriminalamt;2017;;2026-08-26;68393;09959a32f1e63e45441e1eb1994d8c18e595db2a95233976b86e5adc916501b5;dl-de/by-2-0;csv;opfer standard
BKA-F-01-T01-Fallentwicklung_excel.xlsx;data/raw/pks/bund/2017/BKA-F-01-T01-Fallentwicklung_excel.xlsx;https://www.bka.de/SharedDocs/Downloads/DE/Publikationen/PolizeilicheKriminalstatistik/2017/BKATabellen/Faelle/BKA-F-01-T01-Fallentwicklung_excel.xlsx?__blob=publicationFile&v=3;Bundeskriminalamt;2017;;2026-08-26;122888;1c438a76cac0b5117024170cf69f1d027e88d2a9d164da2c0015aa03dc2a8cf1;dl-de/by-2-0;xlsx;faelle bund
BKA-F-01-T01-Fallentwicklung_csv.csv;data/raw/pks/bund/2017/BKA-F-01-T01-Fallentwicklung_csv.csv;https://www.bka.de/SharedDocs/Downloads/DE/Publikationen/PolizeilicheKriminalstatistik/2017/BKATabellen/Faelle/BKA-F-01-T01-Fallentwicklung_csv.csv?__blob=publicationFile&v=3;Bundeskriminalamt;2017;;2026-08-26;109731;8aec4f1d0dcf657d4b59fd2b270f95a5d08410cd62f12ce32b6b311f980b55db;dl-de/by-2-0;csv;faelle bund
BKA-F-02-T01-vollendete-Faelle_excel.xlsx;data/raw/pks/bund/2017/BKA-F-02-T01-vollendete-Faelle_excel.xlsx;https://www.bka.de/SharedDocs/Downloads/DE/Publikationen/PolizeilicheKriminalstatistik/2017/BKATabellen/Faelle/BKA-F-02-T01-vollendete-Faelle_excel.xlsx?__blob=publicationFile&v=3;Bundeskriminalamt;2017;;2026-08-26;168077;6895901059114ced3410a470590c39ee25bc8d00cc0b9003856a3888a3073d70;dl-de/by-2-0;xlsx;faelle bund
BKA-F-02-T01-vollendete-Faelle_csv.csv;data/raw/pks/bund/2017/BKA-F-02-T01-vollendete-Faelle_csv.csv;https://www.bka.de/SharedDocs/Downloads/DE/Publikationen/PolizeilicheKriminalstatistik/2017/BKATabellen/Faelle/BKA-F-02-T01-vollendete-Faelle_csv.csv?__blob=publicationFile&v=3;Bundeskriminalamt;2017;;2026-08-26;137748;eaa51beaf02b2a91d98454979febf9035f953b80cd0eb543be0692e5b78b20b7;dl-de/by-2-0;csv;faelle bund
BKA-F-03-T01-Tatortverteilung-Prozent_excel.xlsx;data/raw/pks/bund/2017/BKA-F-03-T01-Tatortverteilung-Prozent_excel.xlsx;https://www.bka.de/SharedDocs/Downloads/DE/Publikationen/PolizeilicheKriminalstatistik/2017/BKATabellen/Faelle/BKA-F-03-T01-Tatortverteilung-Prozent_excel.xlsx?__blob=publicationFile&v=3;Bundeskriminalamt;2017;;2026-08-26;135921;be8601e0eef495bf34cfd713666fa74c67311a8fefecdf10529639d1ef8085f4;dl-de/by-2-0;xlsx;faelle bund
BKA-F-03-T01-Tatortverteilung-Prozent_csv.csv;data/raw/pks/bund/2017/BKA-F-03-T01-Tatortverteilung-Prozent_csv.csv;https://www.bka.de/SharedDocs/Downloads/DE/Publikationen/PolizeilicheKriminalstatistik/2017/BKATabellen/Faelle/BKA-F-03-T01-Tatortverteilung-Prozent_csv.csv?__blob=publicationFile&v=3;Bundeskriminalamt;2017;;2026-08-26;107804;6d8205efa96c4786cca98fa007c56ec75df8ab14611a561ce0b3db79e32400f9;dl-de/by-2-0;csv;faelle bund
BKA-F-04-T01-Tatzeit-vor-Berichtsjahr_excel.xlsx;data/raw/pks/bund/2017/BKA-F-04-T01-Tatzeit-vor-Berichtsjahr_excel.xlsx;https://www.bka.de/SharedDocs/Downloads/DE/Publikationen/PolizeilicheKriminalstatistik/2017/BKATabellen/Faelle/BKA-F-04-T01-Tatzeit-vor-Berichtsjahr_excel.xlsx?__blob=publicationFile&v=5;Bundeskriminalamt;2017;;2026-08-26;200685;0b55249e3b21c093623ad68345e912fd6990e425143449894aa08d5ad56ee0ab;dl-de/by-2-0;xlsx;faelle bund
BKA-F-04-T01-Tatzeit-vor-Berichtsjahr_csv.csv;data/raw/pks/bund/2017/BKA-F-04-T01-Tatzeit-vor-Berichtsjahr_csv.csv;https://www.bka.de/SharedDocs/Downloads/DE/Publikationen/PolizeilicheKriminalstatistik/2017/BKATabellen/Faelle/BKA-F-04-T01-Tatzeit-vor-Berichtsjahr_csv.csv?__blob=publicationFile&v=4;Bundeskriminalamt;2017;;2026-08-26;161840;605c8fe092bc5cc9efd84afdb4ea6a2c96fb9dab0678b844aea4b1ca9436636c;dl-de/by-2-0;csv;faelle bund
BKA-F-05-T02-Wikri-Fallentwicklung_excel.xlsx;data/raw/pks/bund/2017/BKA-F-05-T02-Wikri-Fallentwicklung_excel.xlsx;https://www.bka.de/SharedDocs/Downloads/DE/Publikationen/PolizeilicheKriminalstatistik/2017/BKATabellen/Faelle/BKA-F-05-T02-Wikri-Fallentwicklung_excel.xlsx?__blob=publicationFile&v=4;Bundeskriminalamt;2017;;2026-08-26;41278;dcf6a6e3a72600c2abfff5a06eb3b1ed31aedfdf1e44a3ae353c5ab5bbb4d972;dl-de/by-2-0;xlsx;faelle bund
BKA-F-05-T02-Wikri-Fallentwicklung_csv.csv;data/raw/pks/bund/2017/BKA-F-05-T02-Wikri-Fallentwicklung_csv.csv;https://www.bka.de/SharedDocs/Downloads/DE/Publikationen/PolizeilicheKriminalstatistik/2017/BKATabellen/Faelle/BKA-F-05-T02-Wikri-Fallentwicklung_csv.csv?__blob=publicationFile&v=3;Bundeskriminalamt;2017;;2026-08-26;18734;9f87244c3663c605128b4e54eac8eea58ac28e73ecddc2c37118df27228aa6df;dl-de/by-2-0;csv;faelle bund
BKA-F-06-T05-TM-Internet-Fallentwicklung_excel.xlsx;data/raw/pks/bund/2017/BKA-F-06-T05-TM-Internet-Fallentwicklung_excel.xlsx;https://www.bka.de/SharedDocs/Downloads/DE/Publikationen/PolizeilicheKriminalstatistik/2017/BKATabellen/Faelle/BKA-F-06-T05-TM-Internet-Fallentwicklung_excel.xlsx?__blob=publicationFile&v=3;Bundeskriminalamt;2017;;2026-08-26;60085;f6d628487048edc88f02e21b8d8ab127807984c0f288113d196ebc9c0a7576f6;dl-de/by-2-0;xlsx;faelle bund
BKA-F-06-T05-TM-Internet-Fallentwicklung_csv.csv;data/raw/pks/bund/2017/BKA-F-06-T05-TM-Internet-Fallentwicklung_csv.csv;https://www.bka.de/SharedDocs/Downloads/DE/Publikationen/PolizeilicheKriminalstatistik/2017/BKATabellen/Faelle/BKA-F-06-T05-TM-Internet-Fallentwicklung_csv.csv?__blob=publicationFile&v=3;Bundeskriminalamt;2017;;2026-08-26;42832;4a6dabc9f300991699b3a14dd8aa14480204aa16dadb9cf1d487333654c39ab2;dl-de/by-2-0;csv;faelle bund
BKA-TV-02-T20-TV-vollendete-Faelle_excel.xlsx;data/raw/pks/bund/2017/BKA-TV-02-T20-TV-vollendete-Faelle_excel.xlsx;https://www.bka.de/SharedDocs/Downloads/DE/Publikationen/PolizeilicheKriminalstatistik/2017/BKATabellen/Tatverdaechtige/BKA-TV-02-T20-TV-vollendete-Faelle_excel.xlsx?__blob=publicationFile&v=3;Bundeskriminalamt;2017;;2026-08-26;437769;8bddd96195c5df2b89c4f1ad3391a4ef67670d1a4ed4e98c5dfc8bb87def84ba;dl-de/by-2-0;xlsx;faelle bund
BKA-TV-02-T20-TV-vollendete-Faelle_csv.csv;data/raw/pks/bund/2017/BKA-TV-02-T20-TV-vollendete-Faelle_csv.csv;https://www.bka.de/SharedDocs/Downloads/DE/Publikationen/PolizeilicheKriminalstatistik/2017/BKATabellen/Tatverdaechtige/BKA-TV-02-T20-TV-vollendete-Faelle_csv.csv?__blob=publicationFile&v=3;Bundeskriminalamt;2017;;2026-08-26;443773;56aa9ded2244fb2a45d5bba4044f189e950adc7e970df8ffc7adc53b3972bc26;dl-de/by-2-0;csv;faelle bund
BKA-O-01-T91-erweiterte-Altersklassen_excel.xlsx;data/raw/pks/bund/2017/BKA-O-01-T91-erweiterte-Altersklassen_excel.xlsx;https://www.bka.de/SharedDocs/Downloads/DE/Publikationen/PolizeilicheKriminalstatistik/2017/BKATabellen/Opfer/BKA-O-01-T91-erweiterte-Altersklassen_excel.xlsx?__blob=publicationFile&v=3;Bundeskriminalamt;2017;;2026-08-26;198406;504015f7c220f6045734ea589963ee19176e9dfc4d693e55bc2e50d8d6ab5848;dl-de/by-2-0;xlsx;opfer bund
BKA-O-01-T91-erweiterte-Altersklassen_csv.csv;data/raw/pks/bund/2017/BKA-O-01-T91-erweiterte-Altersklassen_csv.csv;https://www.bka.de/SharedDocs/Downloads/DE/Publikationen/PolizeilicheKriminalstatistik/2017/BKATabellen/Opfer/BKA-O-01-T91-erweiterte-Altersklassen_csv.csv?__blob=publicationFile&v=3;Bundeskriminalamt;2017;;2026-08-26;154812;ebba7c3d15392f52500ea322a94f3f49d9507d85c2f2b3a3335d87ab76847736;dl-de/by-2-0;csv;opfer bund
BKA-O-02-T91-Opfer-ab-60-Jahre_excel.xlsx;data/raw/pks/bund/2017/BKA-O-02-T91-Opfer-ab-60-Jahre_excel.xlsx;https://www.bka.de/SharedDocs/Downloads/DE/Publikationen/PolizeilicheKriminalstatistik/2017/BKATabellen/Opfer/BKA-O-02-T91-Opfer-ab-60-Jahre_excel.xlsx?__blob=publicationFile&v=5;Bundeskriminalamt;2017;;2026-08-26;92194;b2b7e3c5161bf6f6f63ea6426380b650436b5e7bb27865a2ce2bf8745a8f123c;dl-de/by-2-0;xlsx;opfer bund
BKA-O-02-T91-Opfer-ab-60-Jahre_csv.csv;data/raw/pks/bund/2017/BKA-O-02-T91-Opfer-ab-60-Jahre_csv.csv;https://www.bka.de/SharedDocs/Downloads/DE/Publikationen/PolizeilicheKriminalstatistik/2017/BKATabellen/Opfer/BKA-O-02-T91-Opfer-ab-60-Jahre_csv.csv?__blob=publicationFile&v=4;Bundeskriminalamt;2017;;2026-08-26;90476;c96a4b159f40bb85ac041f7a67a0c2ea5fa03a354705c1e89bfe9d195cbd5b33;dl-de/by-2-0;csv;opfer bund
BKA-LKS-F-01-T01-Laender_excel.xlsx;data/raw/pks/laender/2017/BKA-LKS-F-01-T01-Laender_excel.xlsx;https://www.bka.de/SharedDocs/Downloads/DE/Publikationen/PolizeilicheKriminalstatistik/2017/BKATabellen/FaelleLaenderKreiseStaedte/BKA-LKS-F-01-T01-Laender_excel.xlsx?__blob=publicationFile&v=3;Bundeskriminalamt;2017;;2026-08-26;1565291;9ca84f11505658817b1525b267afa1e364f7bd0266fd952f878394cd59b92ffe;dl-de/by-2-0;xlsx;faelle laender
BKA-LKS-F-01-T01-Laender_csv.csv;data/raw/pks/laender/2017/BKA-LKS-F-01-T01-Laender_csv.csv;https://www.bka.de/SharedDocs/Downloads/DE/Publikationen/PolizeilicheKriminalstatistik/2017/BKATabellen/FaelleLaenderKreiseStaedte/BKA-LKS-F-01-T01-Laender_csv.csv?__blob=publicationFile&v=3;Bundeskriminalamt;2017;;2026-08-26;2194022;59325d5204af289cc13dbb592e070524920ac1c447a105e9372a43d40044bc9e;dl-de/by-2-0;csv;faelle laender
BKA-LKS-F-02-T01-Laender-Fallentwicklung_excel.xlsx;data/raw/pks/laender/2017/BKA-LKS-F-02-T01-Laender-Fallentwicklung_excel.xlsx;https://www.bka.de/SharedDocs/Downloads/DE/Publikationen/PolizeilicheKriminalstatistik/2017/BKATabellen/FaelleLaenderKreiseStaedte/BKA-LKS-F-02-T01-Laender-Fallentwicklung_excel.xlsx?__blob=publicationFile&v=3;Bundeskriminalamt;2017;;2026-08-26;1701705;c6bc1f3b6ad62890548223d07a0620032c6051f57734d42f55e17d08cfb20b8c;dl-de/by-2-0;xlsx;faelle laender
BKA-LKS-F-02-T01-Laender-Fallentwicklung_csv.csv;data/raw/pks/laender/2017/BKA-LKS-F-02-T01-Laender-Fallentwicklung_csv.csv;https://www.bka.de/SharedDocs/Downloads/DE/Publikationen/PolizeilicheKriminalstatistik/2017/BKATabellen/FaelleLaenderKreiseStaedte/BKA-LKS-F-02-T01-Laender-Fallentwicklung_csv.csv?__blob=publicationFile&v=3;Bundeskriminalamt;2017;;2026-08-26;2200459;816b78f8237409236e85866bf964a9d5f9c2921e87e036ab7cf5f2b1188f9939;dl-de/by-2-0;csv;faelle laender
BKA-LKS-F-03-T01-Kreise_excel.xlsx;data/raw/pks/laender/2017/BKA-LKS-F-03-T01-Kreise_excel.xlsx;https://www.bka.de/SharedDocs/Downloads/DE/Publikationen/PolizeilicheKriminalstatistik/2017/BKATabellen/FaelleLaenderKreiseStaedte/BKA-LKS-F-03-T01-Kreise_excel.xlsx?__blob=publicationFile&v=3;Bundeskriminalamt;2017;;2026-08-26;2050919;2ff6d1a5fd5965d4fd1f6947ba9c709c6d03b29187f6f649fbd4da82fb85bdf5;dl-de/by-2-0;xlsx;faelle laender
BKA-LKS-F-03-T01-Kreise_csv.csv;data/raw/pks/laender/2017/BKA-LKS-F-03-T01-Kreise_csv.csv;https://www.bka.de/SharedDocs/Downloads/DE/Publikationen/PolizeilicheKriminalstatistik/2017/BKATabellen/FaelleLaenderKreiseStaedte/BKA-LKS-F-03-T01-Kreise_csv.csv?__blob=publicationFile&v=3;Bundeskriminalamt;2017;;2026-08-26;2061633;5e26759881df664f3bf9b6b3ac03424af31598c2376f6486c0f90c2cd54d3d15;dl-de/by-2-0;csv;faelle laender
BKA-LKS-F-04-T01-Kreise-Fallentwicklung_excel.xlsx;data/raw/pks/laender/2017/BKA-LKS-F-04-T01-Kreise-Fallentwicklung_excel.xlsx;https://www.bka.de/SharedDocs/Downloads/DE/Publikationen/PolizeilicheKriminalstatistik/2017/BKATabellen/FaelleLaenderKreiseStaedte/BKA-LKS-F-04-T01-Kreise-Fallentwicklung_excel.xlsx?__blob=publicationFile&v=4;Bundeskriminalamt;2017;;2026-08-26;1751123;d67f9646d9f86bcce8af338a67c4ab2369babfb034db930481b801b130d550e1;dl-de/by-2-0;xlsx;faelle laender
BKA-LKS-F-04-T01-Kreise-Fallentwicklung_csv.csv;data/raw/pks/laender/2017/BKA-LKS-F-04-T01-Kreise-Fallentwicklung_csv.csv;https://www.bka.de/SharedDocs/Downloads/DE/Publikationen/PolizeilicheKriminalstatistik/2017/BKATabellen/FaelleLaenderKreiseStaedte/BKA-LKS-F-04-T01-Kreise-Fallentwicklung_csv.csv?__blob=publicationFile&v=4;Bundeskriminalamt;2017;;2026-08-26;1961699;b11fdbffd11e86f488b29e29683147281f56fc9775e969a265b62ae160df4c3b;dl-de/by-2-0;csv;faelle laender
BKA-LKS-F-05-T01-Staedte-ab-100T-EW-und-Landeshauptstaedte_excel.xlsx;data/raw/pks/laender/2017/BKA-LKS-F-05-T01-Staedte-ab-100T-EW-und-Landeshauptstaedte_excel.xlsx;https://www.bka.de/SharedDocs/Downloads/DE/Publikationen/PolizeilicheKriminalstatistik/2017/BKATabellen/FaelleLaenderKreiseStaedte/BKA-LKS-F-05-T01-Staedte-ab-100T-EW-und-Landeshauptstaedte_excel.xlsx?__blob=publicationFile&v=4;Bundeskriminalamt;2017;;2026-08-26;412741;94301da761cfb712e6d1e587eb43ddbd04f96e781a7ff767f1506df5284506d3;dl-de/by-2-0;xlsx;faelle laender
BKA-LKS-F-05-T01-Staedte-ab-100T-EW-und-Landeshauptstaedte_csv.csv;data/raw/pks/laender/2017/BKA-LKS-F-05-T01-Staedte-ab-100T-EW-und-Landeshauptstaedte_csv.csv;https://www.bka.de/SharedDocs/Downloads/DE/Publikationen/PolizeilicheKriminalstatistik/2017/BKATabellen/FaelleLaenderKreiseStaedte/BKA-LKS-F-05-T01-Staedte-ab-100T-EW-und-Landeshauptstaedte_csv.csv?__blob=publicationFile&v=4;Bundeskriminalamt;2017;;2026-08-26;420145;6c7bf929c80bf1c589759b637a521aeddee849b57f0a2a493e071c93bb359f35;dl-de/by-2-0;csv;faelle laender
BKA-LKS-F-06-T01-Staedte-ab-100T-EW-und-Landeshauptstaedte-Fallentwicklung_excel.xlsx;data/raw/pks/laender/2017/BKA-LKS-F-06-T01-Staedte-ab-100T-EW-und-Landeshauptstaedte-Fallentwicklung_excel.xlsx;https://www.bka.de/SharedDocs/Downloads/DE/Publikationen/PolizeilicheKriminalstatistik/2017/BKATabellen/FaelleLaenderKreiseStaedte/BKA-LKS-F-06-T01-Staedte-ab-100T-EW-und-Landeshauptstaedte-Fallentwicklung_excel.xlsx?__blob=publicationFile&v=4;Bundeskriminalamt;2017;;2026-08-26;425469;47d6e0a5d7687081f17c8e214b55e53f83648313c235a34a9af8176f503e3ab5;dl-de/by-2-0;xlsx;faelle laender
BKA-LKS-F-06-T01-Staedte-ab-100T-EW-und-Landeshauptstaedte-Fallentwicklung_csv.csv;data/raw/pks/laender/2017/BKA-LKS-F-06-T01-Staedte-ab-100T-EW-und-Landeshauptstaedte-Fallentwicklung_csv.csv;https://www.bka.de/SharedDocs/Downloads/DE/Publikationen/PolizeilicheKriminalstatistik/2017/BKATabellen/FaelleLaenderKreiseStaedte/BKA-LKS-F-06-T01-Staedte-ab-100T-EW-und-Landeshauptstaedte-Fallentwicklung_csv.csv?__blob=publicationFile&v=4;Bundeskriminalamt;2017;;2026-08-26;405659;51fbb1695c6777fb7277b669fc68f87324754370cf9ecde1a1b0fdab9137c32d;dl-de/by-2-0;csv;faelle laender
STD-F-01-T01-Faelle_excel.xlsx;data/raw/pks/bund/2016/STD-F-01-T01-Faelle_excel.xlsx;https://www.bka.de/SharedDocs/Downloads/DE/Publikationen/PolizeilicheKriminalstatistik/2016/Standardtabellen/Faelle/STD-F-01-T01-Faelle_excel.xlsx?__blob=publicationFile&v=4;Bundeskriminalamt;2016;;2026-08-26;163812;485b042c3910bdfa5031f96fdeb98d91e5ae0e2af0b3e80daa6beb092e7b8e5c;dl-de/by-2-0;xlsx;faelle standard
STD-F-01-T01-Faelle_csv.csv;data/raw/pks/bund/2016/STD-F-01-T01-Faelle_csv.csv;https://www.bka.de/SharedDocs/Downloads/DE/Publikationen/PolizeilicheKriminalstatistik/2016/Standardtabellen/Faelle/STD-F-01-T01-Faelle_csv.csv?__blob=publicationFile&v=4;Bundeskriminalamt;2016;;2026-08-26;146094;a5ba585dc3bf99e70023968d7608d40747a17c1addb6553229d94596b8312873;dl-de/by-2-0;csv;faelle standard
STD-F-02-T02-Wikri_excel.xlsx;data/raw/pks/bund/2016/STD-F-02-T02-Wikri_excel.xlsx;https://www.bka.de/SharedDocs/Downloads/DE/Publikationen/PolizeilicheKriminalstatistik/2016/Standardtabellen/Faelle/STD-F-02-T02-Wikri_excel.xlsx?__blob=publicationFile&v=4;Bundeskriminalamt;2016;;2026-08-26;51688;c28886c832458b6d60d6db5ffa5d2ab57693949ee6e75fbd434e404da334d777;dl-de/by-2-0;xlsx;faelle standard
STD-F-02-T02-Wikri_csv.csv;data/raw/pks/bund/2016/STD-F-02-T02-Wikri_csv.csv;https://www.bka.de/SharedDocs/Downloads/DE/Publikationen/PolizeilicheKriminalstatistik/2016/Standardtabellen/Faelle/STD-F-02-T02-Wikri_csv.csv?__blob=publicationFile&v=4;Bundeskriminalamt;2016;;2026-08-26;36923;6d353a3a37f2951b6868bf851b56527fcd6c6c5f4bf664b226fe3cb87536bb5c;dl-de/by-2-0;csv;faelle standard
STD-F-03-T03-BP_excel.xlsx;data/raw/pks/bund/2016/STD-F-03-T03-BP_excel.xlsx;https://www.bka.de/SharedDocs/Downloads/DE/Publikationen/PolizeilicheKriminalstatistik/2016/Standardtabellen/Faelle/STD-F-03-T03-BP_excel.xlsx?__blob=publicationFile&v=4;Bundeskriminalamt;2016;;2026-08-26;143370;0f09d40780263afae81b49d33e762a5736f4c3d1cc1d0a3f643021e925366a25;dl-de/by-2-0;xlsx;faelle standard
STD-F-03-T03-BP_csv.csv;data/raw/pks/bund/2016/STD-F-03-T03-BP_csv.csv;https://www.bka.de/SharedDocs/Downloads/DE/Publikationen/PolizeilicheKriminalstatistik/2016/Standardtabellen/Faelle/STD-F-03-T03-BP_csv.csv?__blob=publicationFile&v=4;Bundeskriminalamt;2016;;2026-08-26;124517;8eeff65c48e1367e504c3e033da3d57509a6b4ea028aa13dc3d90c6ae3a5c16a;dl-de/by-2-0;csv;faelle standard
STD-F-04-T05-TM-Internet_excel.xlsx;data/raw/pks/bund/2016/STD-F-04-T05-TM-Internet_excel.xlsx;https://www.bka.de/SharedDocs/Downloads/DE/Publikationen/PolizeilicheKriminalstatistik/2016/Standardtabellen/Faelle/STD-F-04-T05-TM-Internet_excel.xlsx?__blob=publicationFile&v=4;Bundeskriminalamt;2016;;2026-08-26;144136;f5f6c3e2f3358ef8f230c400c40d4e9a36c58bd3466858df7b169c99a641d4dc;dl-de/by-2-0;xlsx;faelle standard
STD-F-04-T05-TM-Internet_csv.csv;data/raw/pks/bund/2016/STD-F-04-T05-TM-Internet_csv.csv;https://www.bka.de/SharedDocs/Downloads/DE/Publikationen/PolizeilicheKriminalstatistik/2016/Standardtabellen/Faelle/STD-F-04-T05-TM-Internet_csv.csv?__blob=publicationFile&v=4;Bundeskriminalamt;2016;;2026-08-26;124713;8df1a90c0ce8145df7f205edc58a87fb6a5dd0d68b835ad6b872069b9caa18c0;dl-de/by-2-0;csv;faelle standard
STD-F-05-T07-Schaden_excel.xlsx;data/raw/pks/bund/2016/STD-F-05-T07-Schaden_excel.xlsx;https://www.bka.de/SharedDocs/Downloads/DE/Publikationen/PolizeilicheKriminalstatistik/2016/Standardtabellen/Faelle/STD-F-05-T07-Schaden_excel.xlsx?__blob=publicationFile&v=4;Bundeskriminalamt;2016;;2026-08-26;68045;47b32dc20295b052a1d91b6f187cc571356129eeae665f6818cb705ab801670e;dl-de/by-2-0;xlsx;faelle standard
STD-F-05-T07-Schaden_csv.csv;data/raw/pks/bund/2016/STD-F-05-T07-Schaden_csv.csv;https://www.bka.de/SharedDocs/Downloads/DE/Publikationen/PolizeilicheKriminalstatistik/2016/Standardtabellen/Faelle/STD-F-05-T07-Schaden_csv.csv?__blob=publicationFile&v=4;Bundeskriminalamt;2016;;2026-08-26;59019;363ebe7214070655c010dd641594e2d443f5805ae7724816082b43f951d46207;dl-de/by-2-0;csv;faelle standard
STD-F-06-T08-Tatzeit_excel.xlsx;data/raw/pks/bund/2016/STD-F-06-T08-Tatzeit_excel.xlsx;https://www.bka.de/SharedDocs/Downloads/DE/Publikationen/PolizeilicheKriminalstatistik/2016/Standardtabellen/Faelle/STD-F-06-T08-Tatzeit_excel.xlsx?__blob=publicationFile&v=4;Bundeskriminalamt;2016;;2026-08-26;145062;ad77c21bcb69d06ff2d86ed5eba44a744128f657b457c6975c7fb9f336782835;dl-de/by-2-0;xlsx;faelle standard
STD-F-06-T08-Tatzeit_csv.csv;data/raw/pks/bund/2016/STD-F-06-T08-Tatzeit_csv.csv;https://www.bka.de/SharedDocs/Downloads/DE/Publikationen/PolizeilicheKriminalstatistik/2016/Standardtabellen/Faelle/STD-F-06-T08-Tatzeit_csv.csv?__blob=publicationFile&v=4;Bundeskriminalamt;2016;;2026-08-26;157868;1dcbcfd939ac314d085ccb93c71a5c36c28573e1109ebde6a7ad0143dd37fd6f;dl-de/by-2-0;csv;faelle standard
STD-F-07-T09-Schaden-Wikri_excel.xlsx;data/raw/pks/bund/2016/STD-F-07-T09-Schaden-Wikri_excel.xlsx;https://www.bka.de/SharedDocs/Downloads/DE/Publikationen/PolizeilicheKriminalstatistik/2016/Standardtabellen/Faelle/STD-F-07-T09-Schaden-Wikri_excel.xlsx?__blob=publicationFile&v=4;Bundeskriminalamt;2016;;2026-08-26;24281;f0f3d67e3fa8d46bc6c75cb9e38c61040c416f0557716bd8bf6a3d2494243f0d;dl-de/by-2-0;xlsx;faelle standard
STD-F-07-T09-Schaden-Wikri_csv.csv;data/raw/pks/bund/2016/STD-F-07-T09-Schaden-Wikri_csv.csv;https://www.bka.de/SharedDocs/Downloads/DE/Publikationen/PolizeilicheKriminalstatistik/2016/Standardtabellen/Faelle/STD-F-07-T09-Schaden-Wikri_csv.csv?__blob=publicationFile&v=4;Bundeskriminalamt;2016;;2026-08-26;11147;9c62bdd4490b013ca34eb0a5f182ae67dc7f227d97899e83592a72856581769f;dl-de/by-2-0;csv;faelle standard
STD-F-08-T12-aufgeklaert_excel.xlsx;data/raw/pks/bund/2016/STD-F-08-T12-aufgeklaert_excel.xlsx;https://www.bka.de/SharedDocs/Downloads/DE/Publikationen/PolizeilicheKriminalstatistik/2016/Standardtabellen/Faelle/STD-F-08-T12-aufgeklaert_excel.xlsx?__blob=publicationFile&v=4;Bundeskriminalamt;2016;;2026-08-26;122837;f57c292dcfebe2fbc2af8712b31bf5e06df1cb19d58d914cb26dc0b5511b3ef9;dl-de/by-2-0;xlsx;faelle standard
STD-F-08-T12-aufgeklaert_csv.csv;data/raw/pks/bund/2016/STD-F-08-T12-aufgeklaert_csv.csv;https://www.bka.de/SharedDocs/Downloads/DE/Publikationen/PolizeilicheKriminalstatistik/2016/Standardtabellen/Faelle/STD-F-08-T12-aufgeklaert_csv.csv?__blob=publicationFile&v=4;Bundeskriminalamt;2016;;2026-08-26;119005;6d86696dc4f987f43bfe771051a0383ef3ccc1b157f7171db8cb578c861bcba6;dl-de/by-2-0;csv;faelle standard
STD-O-01-T91-Opfer_excel.xlsx;data/raw/pks/bund/2016/STD-O-01-T91-Opfer_excel.xlsx;https://www.bka.de/SharedDocs/Downloads/DE/Publikationen/PolizeilicheKriminalstatistik/2016/Standardtabellen/Opfer/STD-O-01-T91-Opfer_excel.xlsx?__blob=publicationFile&v=5;Bundeskriminalamt;2016;;2026-08-26;95966;03b2f1ed6bcd0a6f131d4d4fc32787bb672b875633d898000b0e53acdb557a10;dl-de/by-2-0;xlsx;opfer standard
STD-O-01-T91-Opfer_csv.csv;data/raw/pks/bund/2016/STD-O-01-T91-Opfer_csv.csv;https://www.bka.de/SharedDocs/Downloads/DE/Publikationen/PolizeilicheKriminalstatistik/2016/Standardtabellen/Opfer/STD-O-01-T91-Opfer_csv.csv?__blob=publicationFile&v=5;Bundeskriminalamt;2016;;2026-08-26;84190;2ce42b8dea5ae1d0262d524116debfbe63e5edf06bcc5de25c016158b7e35a8d;dl-de/by-2-0;csv;opfer standard
STD-O-02-T911-O-Staatsangehoerigkeiten_excel.xlsx;data/raw/pks/bund/2016/STD-O-02-T911-O-Staatsangehoerigkeiten_excel.xlsx;https://www.bka.de/SharedDocs/Downloads/DE/Publikationen/PolizeilicheKriminalstatistik/2016/Standardtabellen/Opfer/STD-O-02-T911-O-Staatsangehoerigkeiten_excel.xlsx?__blob=publicationFile&v=5;Bundeskriminalamt;2016;;2026-08-26;403702;23b9b2fceeeabea9966a9c0ede2dfa5c72ae2414e3ee76bdb92c68518bb59e07;dl-de/by-2-0;xlsx;opfer standard
STD-O-02-T911-O-Staatsangehoerigkeiten_csv.csv;data/raw/pks/bund/2016/STD-O-02-T911-O-Staatsangehoerigkeiten_csv.csv;https://www.bka.de/SharedDocs/Downloads/DE/Publikationen/PolizeilicheKriminalstatistik/2016/Standardtabellen/Opfer/STD-O-02-T911-O-Staatsangehoerigkeiten_csv.csv?__blob=publicationFile&v=5;Bundeskriminalamt;2016;;2026-08-26;278253;ac8a2a36e554301c085ef04bde668ec879bb8dc263951e50523b373b6a36430a;dl-de/by-2-0;csv;opfer standard
STD-O-03-T92-O-TV-Bez_excel.xlsx;data/raw/pks/bund/2016/STD-O-03-T92-O-TV-Bez_excel.xlsx;https://www.bka.de/SharedDocs/Downloads/DE/Publikationen/PolizeilicheKriminalstatistik/2016/Standardtabellen/Opfer/STD-O-03-T92-O-TV-Bez_excel.xlsx?__blob=publicationFile&v=5;Bundeskriminalamt;2016;;2026-08-26;75618;9ff752a606d3e7a7c84290c424b28f5936eb0179fa314598f13596bceb9a1944;dl-de/by-2-0;xlsx;opfer standard
STD-O-03-T92-O-TV-Bez_csv.csv;data/raw/pks/bund/2016/STD-O-03-T92-O-TV-Bez_csv.csv;https://www.bka.de/SharedDocs/Downloads/DE/Publikationen/PolizeilicheKriminalstatistik/2016/Standardtabellen/Opfer/STD-O-03-T92-O-TV-Bez_csv.csv?__blob=publicationFile&v=5;Bundeskriminalamt;2016;;2026-08-26;71471;29ae9384571e54d25d998cecd2fc539f5b59cfeda32187393592621fabb059d8;dl-de/by-2-0;csv;opfer standard
STD-O-04-T921-O-TV-Partner_excel.xlsx;data/raw/pks/bund/2016/STD-O-04-T921-O-TV-Partner_excel.xlsx;https://www.bka.de/SharedDocs/Downloads/DE/Publikationen/PolizeilicheKriminalstatistik/2016/Standardtabellen/Opfer/STD-O-04-T921-O-TV-Partner_excel.xlsx?__blob=publicationFile&v=5;Bundeskriminalamt;2016;;2026-08-26;57663;cd94cc4c70093b2df25447ba645d3a67137d51bb0deb516f055bbc83aa2a9a03;dl-de/by-2-0;xlsx;opfer standard
STD-O-04-T921-O-TV-Partner_csv.csv;data/raw/pks/bund/2016/STD-O-04-T921-O-TV-Partner_csv.csv;https://www.bka.de/SharedDocs/Downloads/DE/Publikationen/PolizeilicheKriminalstatistik/2016/Standardtabellen/Opfer/STD-O-04-T921-O-TV-Partner_csv.csv?__blob=publicationFile&v=5;Bundeskriminalamt;2016;;2026-08-26;59099;cd2e99e2b16d7b82d13ad6c37c1a9cacb9c7772bfcccba728a0027b6b20f27ea;dl-de/by-2-0;csv;opfer standard
STD-O-05-T922-O-TV-Familie_excel.xlsx;data/raw/pks/bund/2016/STD-O-05-T922-O-TV-Familie_excel.xlsx;https://www.bka.de/SharedDocs/Downloads/DE/Publikationen/PolizeilicheKriminalstatistik/2016/Standardtabellen/Opfer/STD-O-05-T922-O-TV-Familie_excel.xlsx?__blob=publicationFile&v=5;Bundeskriminalamt;2016;;2026-08-26;68370;aa56701608f4e69db26297aad5941bc34a906152dd61a6d1d8273a14376f4960;dl-de/by-2-0;xlsx;opfer standard
STD-O-05-T922-O-TV-Familie_csv.csv;data/raw/pks/bund/2016/STD-O-05-T922-O-TV-Familie_csv.csv;https://www.bka.de/SharedDocs/Downloads/DE/Publikationen/PolizeilicheKriminalstatistik/2016/Standardtabellen/Opfer/STD-O-05-T922-O-TV-Familie_csv.csv?__blob=publicationFile&v=5;Bundeskriminalamt;2016;;2026-08-26;66440;8730b45d973c60819ee074244a07409871f375ec72b5bda3ce7920d9b471a2fa;dl-de/by-2-0;csv;opfer standard
STD-O-06-T923-O-TV-informell_excel.xlsx;data/raw/pks/bund/2016/STD-O-06-T923-O-TV-informell_excel.xlsx;https://www.bka.de/SharedDocs/Downloads/DE/Publikationen/PolizeilicheKriminalstatistik/2016/Standardtabellen/Opfer/STD-O-06-T923-O-TV-informell_excel.xlsx?__blob=publicationFile&v=5;Bundeskriminalamt;2016;;2026-08-26;49776;46bc6e713331b9982274df3b1df33b1c0dd7d28d5473c392280d60bbec8067d5;dl-de/by-2-0;xlsx;opfer standard
STD-O-06-T923-O-TV-informell_csv.csv;data/raw/pks/bund/2016/STD-O-06-T923-O-TV-informell_csv.csv;https://www.bka.de/SharedDocs/Downloads/DE/Publikationen/PolizeilicheKriminalstatistik/2016/Standardtabellen/Opfer/STD-O-06-T923-O-TV-informell_csv.csv?__blob=publicationFile&v=5;Bundeskriminalamt;2016;;2026-08-26;54521;ce6903e479fc3074bd75c87d4cbac507380446a3c5a784b738cab6a90e2921bc;dl-de/by-2-0;csv;opfer standard
STD-O-07-T93-O-TV-raeumlich-sozial_excel.xlsx;data/raw/pks/bund/2016/STD-O-07-T93-O-TV-raeumlich-sozial_excel.xlsx;https://www.bka.de/SharedDocs/Downloads/DE/Publikationen/PolizeilicheKriminalstatistik/2016/Standardtabellen/Opfer/STD-O-07-T93-O-TV-raeumlich-sozial_excel.xlsx?__blob=publicationFile&v=5;Bundeskriminalamt;2016;;2026-08-26;63313;bcfb71e187a8ed3da2a4905e5e5b926312c49fa3ddf8a6d54575a6964cfb2ffe;dl-de/by-2-0;xlsx;opfer standard
STD-O-07-T93-O-TV-raeumlich-sozial_csv.csv;data/raw/pks/bund/2016/STD-O-07-T93-O-TV-raeumlich-sozial_csv.csv;https://www.bka.de/SharedDocs/Downloads/DE/Publikationen/PolizeilicheKriminalstatistik/2016/Standardtabellen/Opfer/STD-O-07-T93-O-TV-raeumlich-sozial_csv.csv?__blob=publicationFile&v=5;Bundeskriminalamt;2016;;2026-08-26;62670;69119a0e205cc1c4fe8b6936d2aa046743f7aa34d4a28cf4b7fb5cb5bcf7f1da;dl-de/by-2-0;csv;opfer standard
STD-O-08-T931-O-TV-raeumlich-sozial-a_excel.xlsx;data/raw/pks/bund/2016/STD-O-08-T931-O-TV-raeumlich-sozial-a_excel.xlsx;https://www.bka.de/SharedDocs/Downloads/DE/Publikationen/PolizeilicheKriminalstatistik/2016/Standardtabellen/Opfer/STD-O-08-T931-O-TV-raeumlich-sozial-a_excel.xlsx?__blob=publicationFile&v=5;Bundeskriminalamt;2016;;2026-08-26;62846;7a2575e58ee9b0c2783d7602353d21f64d1082bc40a4c53ef82295aaf4adcabc;dl-de/by-2-0;xlsx;opfer standard
STD-O-08-T931-O-TV-raeumlich-sozial-a_csv.csv;data/raw/pks/bund/2016/STD-O-08-T931-O-TV-raeumlich-sozial-a_csv.csv;https://www.bka.de/SharedDocs/Downloads/DE/Publikationen/PolizeilicheKriminalstatistik/2016/Standardtabellen/Opfer/STD-O-08-T931-O-TV-raeumlich-sozial-a_csv.csv?__blob=publicationFile&v=5;Bundeskriminalamt;2016;;2026-08-26;63359;a29c4eecd779824a4f7bb9044c603e20b46a83ff475a0d20102b0caaae84d375;dl-de/by-2-0;csv;opfer standard
STD-O-09-T932-O-TV-raeumlich-sozial-b_excel.xlsx;data/raw/pks/bund/2016/STD-O-09-T932-O-TV-raeumlich-sozial-b_excel.xlsx;https://www.bka.de/SharedDocs/Downloads/DE/Publikationen/PolizeilicheKriminalstatistik/2016/Standardtabellen/Opfer/STD-O-09-T932-O-TV-raeumlich-sozial-b_excel.xlsx?__blob=publicationFile&v=5;Bundeskriminalamt;2016;;2026-08-26;49339;66539026a32525ba73eeb832dbaad7c426cc6be74425ca12bb7f7edb1c885e27;dl-de/by-2-0;xlsx;opfer standard
STD-O-09-T932-O-TV-raeumlich-sozial-b_csv.csv;data/raw/pks/bund/2016/STD-O-09-T932-O-TV-raeumlich-sozial-b_csv.csv;https://www.bka.de/SharedDocs/Downloads/DE/Publikationen/PolizeilicheKriminalstatistik/2016/Standardtabellen/Opfer/STD-O-09-T932-O-TV-raeumlich-sozial-b_csv.csv?__blob=publicationFile&v=5;Bundeskriminalamt;2016;;2026-08-26;54690;536f5c71f220372149486fcec3647f9c605caea3cecb6a87f75a9c7c4d9a20c2;dl-de/by-2-0;csv;opfer standard
STD-O-10-T933-O-TV-raeumlich-sozial-c_excel.xlsx;data/raw/pks/bund/2016/STD-O-10-T933-O-TV-raeumlich-sozial-c_excel.xlsx;https://www.bka.de/SharedDocs/Downloads/DE/Publikationen/PolizeilicheKriminalstatistik/2016/Standardtabellen/Opfer/STD-O-10-T933-O-TV-raeumlich-sozial-c_excel.xlsx?__blob=publicationFile&v=5;Bundeskriminalamt;2016;;2026-08-26;62216;fc9098dd53e3f037eff56fc0cd1061476d125ef10d00cd204c868fb758381bd2;dl-de/by-2-0;xlsx;opfer standard
STD-O-10-T933-O-TV-raeumlich-sozial-c_csv.csv;data/raw/pks/bund/2016/STD-O-10-T933-O-TV-raeumlich-sozial-c_csv.csv;https://www.bka.de/SharedDocs/Downloads/DE/Publikationen/PolizeilicheKriminalstatistik/2016/Standardtabellen/Opfer/STD-O-10-T933-O-TV-raeumlich-sozial-c_csv.csv?__blob=publicationFile&v=5;Bundeskriminalamt;2016;;2026-08-26;61809;62b0cf9fbe61b7170a33b29e8209537a5708fdf2ba64e6c1d31cc8e2f040cc90;dl-de/by-2-0;csv;opfer standard
STD-O-11-T94-Opferspezifik_excel.xlsx;data/raw/pks/bund/2016/STD-O-11-T94-Opferspezifik_excel.xlsx;https://www.bka.de/SharedDocs/Downloads/DE/Publikationen/PolizeilicheKriminalstatistik/2016/Standardtabellen/Opfer/STD-O-11-T94-Opferspezifik_excel.xlsx?__blob=publicationFile&v=5;Bundeskriminalamt;2016;;2026-08-26;58946;27bf5fb39d130ce6d8f0cd74d9d7ee3d96bdbd94b1e9fbde7207070d05b4032e;dl-de/by-2-0;xlsx;opfer standard
STD-O-11-T94-Opferspezifik_csv.csv;data/raw/pks/bund/2016/STD-O-11-T94-Opferspezifik_csv.csv;https://www.bka.de/SharedDocs/Downloads/DE/Publikationen/PolizeilicheKriminalstatistik/2016/Standardtabellen/Opfer/STD-O-11-T94-Opferspezifik_csv.csv?__blob=publicationFile&v=5;Bundeskriminalamt;2016;;2026-08-26;58738;84e6170382c15aa13f15f6f4808f585ee40ff52cf887114e7bfc80704ed3ddd8;dl-de/by-2-0;csv;opfer standard
STD-O-12-T941-Beeintraechtigung_excel.xlsx;data/raw/pks/bund/2016/STD-O-12-T941-Beeintraechtigung_excel.xlsx;https://www.bka.de/SharedDocs/Downloads/DE/Publikationen/PolizeilicheKriminalstatistik/2016/Standardtabellen/Opfer/STD-O-12-T941-Beeintraechtigung_excel.xlsx?__blob=publicationFile&v=5;Bundeskriminalamt;2016;;2026-08-26;64135;430997546bde9122182a1e521f38b462109e369e45835f463438489fe6956ef5;dl-de/by-2-0;xlsx;opfer standard
STD-O-12-T941-Beeintraechtigung_csv.csv;data/raw/pks/bund/2016/STD-O-12-T941-Beeintraechtigung_csv.csv;https://www.bka.de/SharedDocs/Downloads/DE/Publikationen/PolizeilicheKriminalstatistik/2016/Standardtabellen/Opfer/STD-O-12-T941-Beeintraechtigung_csv.csv?__blob=publicationFile&v=5;Bundeskriminalamt;2016;;2026-08-26;62685;347f8482872bef56252ee8f9523bdc56c284cc3879dd271d18d24cdb65fba923;dl-de/by-2-0;csv;opfer standard
STD-O-13-T942-Beruf-Taetigkeit-1_excel.xlsx;data/raw/pks/bund/2016/STD-O-13-T942-Beruf-Taetigkeit-1_excel.xlsx;https://www.bka.de/SharedDocs/Downloads/DE/Publikationen/PolizeilicheKriminalstatistik/2016/Standardtabellen/Opfer/STD-O-13-T942-Beruf-Taetigkeit-1_excel.xlsx?__blob=publicationFile&v=5;Bundeskriminalamt;2016;;2026-08-26;58217;4cd68f7556a91b2fa26de1caa0e926ffb14c6a89bb068c0b1e80da189234471e;dl-de/by-2-0;xlsx;opfer standard
STD-O-13-T942-Beruf-Taetigkeit-1_csv.csv;data/raw/pks/bund/2016/STD-O-13-T942-Beruf-Taetigkeit-1_csv.csv;https://www.bka.de/SharedDocs/Downloads/DE/Publikationen/PolizeilicheKriminalstatistik/2016/Standardtabellen/Opfer/STD-O-13-T942-Beruf-Taetigkeit-1_csv.csv?__blob=publicationFile&v=5;Bundeskriminalamt;2016;;2026-08-26;58370;c418197c131101fbf8c72ff216cf525786825ca38c69c15f52ff7103955bf8f1;dl-de/by-2-0;csv;opfer standard
STD-O-14-T943-Beruf-Taetigkeit-2_excel.xlsx;data/raw/pks/bund/2016/STD-O-14-T943-Beruf-Taetigkeit-2_excel.xlsx;https://www.bka.de/SharedDocs/Downloads/DE/Publikationen/PolizeilicheKriminalstatistik/2016/Standardtabellen/Opfer/STD-O-14-T943-Beruf-Taetigkeit-2_excel.xlsx?__blob=publicationFile&v=5;Bundeskriminalamt;2016;;2026-08-26;65052;61af2a5ec04dc012b56912a2ec4eaffaa9852ab0ac2a1bb8f79631c1a13d129f;dl-de/by-2-0;xlsx;opfer standard
STD-O-14-T943-Beruf-Taetigkeit-2_csv.csv;data/raw/pks/bund/2016/STD-O-14-T943-Beruf-Taetigkeit-2_csv.csv;https://www.bka.de/SharedDocs/Downloads/DE/Publikationen/PolizeilicheKriminalstatistik/2016/Standardtabellen/Opfer/STD-O-14-T943-Beruf-Taetigkeit-2_csv.csv?__blob=publicationFile&v=5;Bundeskriminalamt;2016;;2026-08-26;64940;0b931e071beb9d9a0f657ea4548ada6efb4235e780b86e8301933ede17943b35;dl-de/by-2-0;csv;opfer standard
STD-O-15-T944-Mitfahrgelegenheit-Asylbewerber-Fluechtling-Sonstige_excel.xlsx;data/raw/pks/bund/2016/STD-O-15-T944-Mitfahrgelegenheit-Asylbewerber-Fluechtling-Sonstige_excel.xlsx;https://www.bka.de/SharedDocs/Downloads/DE/Publikationen/PolizeilicheKriminalstatistik/2016/Standardtabellen/Opfer/STD-O-15-T944-Mitfahrgelegenheit-Asylbewerber-Fluechtling-Sonstige_excel.xlsx?__blob=publicationFile&v=5;Bundeskriminalamt;2016;;2026-08-26;58143;b5ce1dc8ab72d998ff0853982ab2ca7862ab184eabfbb7e5979ed3cbbf21fafe;dl-de/by-2-0;xlsx;opfer standard
STD-O-15-T944-Mitfahrgelegenheit-Asylbewerber-Fluechtling-Sonstige_csv.csv;data/raw/pks/bund/2016/STD-O-15-T944-Mitfahrgelegenheit-Asylbewerber-Fluechtling-Sonstige_csv.csv;https://www.bka.de/SharedDocs/Downloads/DE/Publikationen/PolizeilicheKriminalstatistik/2016/Standardtabellen/Opfer/STD-O-15-T944-Mitfahrgelegenheit-Asylbewerber-Fluechtling-Sonstige_csv.csv?__blob=publicationFile&v=5;Bundeskriminalamt;2016;;2026-08-26;60351;02756541cb0cb06374faf28c205165f8bfca8bfb207a3f0cc50ad1a39ae2c3f4;dl-de/by-2-0;csv;opfer standard
BKA-F-01-T01-Fallentwicklung_excel.xlsx;data/raw/pks/bund/2016/BKA-F-01-T01-Fallentwicklung_excel.xlsx;https://www.bka.de/SharedDocs/Downloads/DE/Publikationen/PolizeilicheKriminalstatistik/2016/BKATabellen/Faelle/BKA-F-01-T01-Fallentwicklung_excel.xlsx?__blob=publicationFile&v=6;Bundeskriminalamt;2016;;2026-08-26;111390;f09b2f38e9f0a98df63aa872273469f9ffc32d40367abdce73fb7d286dea9304;dl-de/by-2-0;xlsx;faelle bund
BKA-F-01-T01-Fallentwicklung_csv.csv;data/raw/pks/bund/2016/BKA-F-01-T01-Fallentwicklung_csv.csv;https://www.bka.de/SharedDocs/Downloads/DE/Publikationen/PolizeilicheKriminalstatistik/2016/BKATabellen/Faelle/BKA-F-01-T01-Fallentwicklung_csv.csv?__blob=publicationFile&v=6;Bundeskriminalamt;2016;;2026-08-26;106876;bdbc2d7d5ac95aac64efd153e154f9e8cf2c3a063ecf11f0680418bc36923c90;dl-de/by-2-0;csv;faelle bund
BKA-F-02-T01-vollendete-Faelle_excel.xlsx;data/raw/pks/bund/2016/BKA-F-02-T01-vollendete-Faelle_excel.xlsx;https://www.bka.de/SharedDocs/Downloads/DE/Publikationen/PolizeilicheKriminalstatistik/2016/BKATabellen/Faelle/BKA-F-02-T01-vollendete-Faelle_excel.xlsx?__blob=publicationFile&v=4;Bundeskriminalamt;2016;;2026-08-26;151331;57a07b443c5738706c4f2639766b6e19cae71fb890f0bf6985f016892cb580b5;dl-de/by-2-0;xlsx;faelle bund
BKA-F-02-T01-vollendete-Faelle_csv.csv;data/raw/pks/bund/2016/BKA-F-02-T01-vollendete-Faelle_csv.csv;https://www.bka.de/SharedDocs/Downloads/DE/Publikationen/PolizeilicheKriminalstatistik/2016/BKATabellen/Faelle/BKA-F-02-T01-vollendete-Faelle_csv.csv?__blob=publicationFile&v=4;Bundeskriminalamt;2016;;2026-08-26;138345;ee698667ca6ac011f24bbeca8d683d9f7841e452fcdf9ba96ac99f638470c651;dl-de/by-2-0;csv;faelle bund
BKA-F-03-T01-Tatortverteilung-in-Prozent_excel.xlsx;data/raw/pks/bund/2016/BKA-F-03-T01-Tatortverteilung-in-Prozent_excel.xlsx;https://www.bka.de/SharedDocs/Downloads/DE/Publikationen/PolizeilicheKriminalstatistik/2016/BKATabellen/Faelle/BKA-F-03-T01-Tatortverteilung-in-Prozent_excel.xlsx?__blob=publicationFile&v=4;Bundeskriminalamt;2016;;2026-08-26;124716;905abdf7ada64eb2bf3f2084e3fcdfefe229b0d0b0ba89baa559a2b3d4771eaa;dl-de/by-2-0;xlsx;faelle bund
BKA-F-03-T01-Tatortverteilung-in-Prozent_csv.csv;data/raw/pks/bund/2016/BKA-F-03-T01-Tatortverteilung-in-Prozent_csv.csv;https://www.bka.de/SharedDocs/Downloads/DE/Publikationen/PolizeilicheKriminalstatistik/2016/BKATabellen/Faelle/BKA-F-03-T01-Tatortverteilung-in-Prozent_csv.csv?__blob=publicationFile&v=4;Bundeskriminalamt;2016;;2026-08-26;102568;d962fddbd42ce1f82db69eee48269a3b43e793ba8e7dfae39912801f6e0bc87c;dl-de/by-2-0;csv;faelle bund
BKA-F-04-T01-Tatzeit-vor-Berichtsjahr_excel.xlsx;data/raw/pks/bund/2016/BKA-F-04-T01-Tatzeit-vor-Berichtsjahr_excel.xlsx;https://www.bka.de/SharedDocs/Downloads/DE/Publikationen/PolizeilicheKriminalstatistik/2016/BKATabellen/Faelle/BKA-F-04-T01-Tatzeit-vor-Berichtsjahr_excel.xlsx?__blob=publicationFile&v=4;Bundeskriminalamt;2016;;2026-08-26;189265;45efdf529f54b620f847d3473d7f3aa6b80ecdff523795b6afc350b394e2e6c1;dl-de/by-2-0;xlsx;faelle bund
BKA-F-04-T01-Tatzeit-vor-Berichtsjahr_csv.csv;data/raw/pks/bund/2016/BKA-F-04-T01-Tatzeit-vor-Berichtsjahr_csv.csv;https://www.bka.de/SharedDocs/Downloads/DE/Publikationen/PolizeilicheKriminalstatistik/2016/BKATabellen/Faelle/BKA-F-04-T01-Tatzeit-vor-Berichtsjahr_csv.csv?__blob=publicationFile&v=4;Bundeskriminalamt;2016;;2026-08-26;155339;971d412cd7f0f4ee9d775fe356e884338408e0f3df6c9cba7e7a8d0f748fe395;dl-de/by-2-0;csv;faelle bund
BKA-F-05-T02-Wikri-Fallentwicklung_excel.xlsx;data/raw/pks/bund/2016/BKA-F-05-T02-Wikri-Fallentwicklung_excel.xlsx;https://www.bka.de/SharedDocs/Downloads/DE/Publikationen/PolizeilicheKriminalstatistik/2016/BKATabellen/Faelle/BKA-F-05-T02-Wikri-Fallentwicklung_excel.xlsx?__blob=publicationFile&v=5;Bundeskriminalamt;2016;;2026-08-26;38330;d0d241ef060a9701d27d4809714b7c092297324d121c3e78c81fc3a68435f079;dl-de/by-2-0;xlsx;faelle bund
BKA-F-05-T02-Wikri-Fallentwicklung_csv.csv;data/raw/pks/bund/2016/BKA-F-05-T02-Wikri-Fallentwicklung_csv.csv;https://www.bka.de/SharedDocs/Downloads/DE/Publikationen/PolizeilicheKriminalstatistik/2016/BKATabellen/Faelle/BKA-F-05-T02-Wikri-Fallentwicklung_csv.csv?__blob=publicationFile&v=5;Bundeskriminalamt;2016;;2026-08-26;23036;b77f090a98b88759470591b8d456a6a7e5cba0955dc750db062616b297c6c4f0;dl-de/by-2-0;csv;faelle bund
BKA-F-06-T05-TM-Internet-Fallentwicklung_excel.xlsx;data/raw/pks/bund/2016/BKA-F-06-T05-TM-Internet-Fallentwicklung_excel.xlsx;https://www.bka.de/SharedDocs/Downloads/DE/Publikationen/PolizeilicheKriminalstatistik/2016/BKATabellen/Faelle/BKA-F-06-T05-TM-Internet-Fallentwicklung_excel.xlsx?__blob=publicationFile&v=5;Bundeskriminalamt;2016;;2026-08-26;91466;8ee282e83a80460f3782970d8d6883d81f1a3cac71c0ef65ea9a551d646daeb3;dl-de/by-2-0;xlsx;faelle bund
BKA-F-06-T05-TM-Internet-Fallentwicklung_csv.csv;data/raw/pks/bund/2016/BKA-F-06-T05-TM-Internet-Fallentwicklung_csv.csv;https://www.bka.de/SharedDocs/Downloads/DE/Publikationen/PolizeilicheKriminalstatistik/2016/BKATabellen/Faelle/BKA-F-06-T05-TM-Internet-Fallentwicklung_csv.csv?__blob=publicationFile&v=5;Bundeskriminalamt;2016;;2026-08-26;99406;1b2290e4ff5802a4e78d17fb0dc1c0f8157dfec958388fca71b15ece7d0020f9;dl-de/by-2-0;csv;faelle bund
BKA-TV-02-T20-vollendete-Faelle_excel.xlsx;data/raw/pks/bund/2016/BKA-TV-02-T20-vollendete-Faelle_excel.xlsx;https://www.bka.de/SharedDocs/Downloads/DE/Publikationen/PolizeilicheKriminalstatistik/2016/BKATabellen/Tatverdaechtige/BKA-TV-02-T20-vollendete-Faelle_excel.xlsx?__blob=publicationFile&v=4;Bundeskriminalamt;2016;;2026-08-26;425142;da910783a263de8a99a15c568fb411d3e80b0e573d696d43eecaf12911b5da73;dl-de/by-2-0;xlsx;faelle bund
BKA-TV-02-T20-vollendete-Faelle_csv.csv;data/raw/pks/bund/2016/BKA-TV-02-T20-vollendete-Faelle_csv.csv;https://www.bka.de/SharedDocs/Downloads/DE/Publikationen/PolizeilicheKriminalstatistik/2016/BKATabellen/Tatverdaechtige/BKA-TV-02-T20-vollendete-Faelle_csv.csv?__blob=publicationFile&v=4;Bundeskriminalamt;2016;;2026-08-26;425294;bdce77af16dca6d87f950b4f054b693a8305cdb74ed85f11c4c34bae7b9e6359;dl-de/by-2-0;csv;faelle bund
BKA-O-01-T91-erweiterte-Altersklassen_excel.xlsx;data/raw/pks/bund/2016/BKA-O-01-T91-erweiterte-Altersklassen_excel.xlsx;https://www.bka.de/SharedDocs/Downloads/DE/Publikationen/PolizeilicheKriminalstatistik/2016/BKATabellen/Opfer/BKA-O-01-T91-erweiterte-Altersklassen_excel.xlsx?__blob=publicationFile&v=4;Bundeskriminalamt;2016;;2026-08-26;182374;addd33f6198095a8c4e412974510be7e12b2928b02df44fc6b471c4f6729bf8e;dl-de/by-2-0;xlsx;opfer bund
BKA-O-01-T91-erweiterte-Altersklassen_csv.csv;data/raw/pks/bund/2016/BKA-O-01-T91-erweiterte-Altersklassen_csv.csv;https://www.bka.de/SharedDocs/Downloads/DE/Publikationen/PolizeilicheKriminalstatistik/2016/BKATabellen/Opfer/BKA-O-01-T91-erweiterte-Altersklassen_csv.csv?__blob=publicationFile&v=4;Bundeskriminalamt;2016;;2026-08-26;135937;ebfe6f63d5c1c73277bdcedad0e49b88c754d62b75ad5e89468db0f074120f27;dl-de/by-2-0;csv;opfer bund
BKA-O-02-T91-Opfer-ab-60-Jahre_excel.xlsx;data/raw/pks/bund/2016/BKA-O-02-T91-Opfer-ab-60-Jahre_excel.xlsx;https://www.bka.de/SharedDocs/Downloads/DE/Publikationen/PolizeilicheKriminalstatistik/2016/BKATabellen/Opfer/BKA-O-02-T91-Opfer-ab-60-Jahre_excel.xlsx?__blob=publicationFile&v=4;Bundeskriminalamt;2016;;2026-08-26;84670;d1c28ef2686a598c64a866c9694074dbe6c7ce73999ee23320e76a2e0e7d8490;dl-de/by-2-0;xlsx;opfer bund
BKA-LKS-F-01-T01-Laender_excel.xlsx;data/raw/pks/laender/2016/BKA-LKS-F-01-T01-Laender_excel.xlsx;https://www.bka.de/SharedDocs/Downloads/DE/Publikationen/PolizeilicheKriminalstatistik/2016/BKATabellen/FaelleLaenderKreiseStaedte/BKA-LKS-F-01-T01-Laender_excel.xlsx?__blob=publicationFile&v=4;Bundeskriminalamt;2016;;2026-08-26;1869186;31346a212db9854ff08f7f19778c5ab74ce17b8277c47d71b254f8f93e4457ac;dl-de/by-2-0;xlsx;faelle laender
BKA-LKS-F-01-T01-Laender_csv.csv;data/raw/pks/laender/2016/BKA-LKS-F-01-T01-Laender_csv.csv;https://www.bka.de/SharedDocs/Downloads/DE/Publikationen/PolizeilicheKriminalstatistik/2016/BKATabellen/FaelleLaenderKreiseStaedte/BKA-LKS-F-01-T01-Laender_csv.csv?__blob=publicationFile&v=4;Bundeskriminalamt;2016;;2026-08-26;2099822;3e08a7c22ea295233eb7f95c4b4cc79c94f0525c3b9d11e64805e46d8cfbba63;dl-de/by-2-0;csv;faelle laender
BKA-LKS-F-02-T0-Laender-Fallentwicklung_excel.xlsx;data/raw/pks/laender/2016/BKA-LKS-F-02-T0-Laender-Fallentwicklung_excel.xlsx;https://www.bka.de/SharedDocs/Downloads/DE/Publikationen/PolizeilicheKriminalstatistik/2016/BKATabellen/FaelleLaenderKreiseStaedte/BKA-LKS-F-02-T0-Laender-Fallentwicklung_excel.xlsx?__blob=publicationFile&v=5;Bundeskriminalamt;2016;;2026-08-26;1559737;056e72de1b950287981faa0bb07346a33a9c71545bacd21e1c80873437a49ddf;dl-de/by-2-0;xlsx;faelle laender
BKA-LKS-F-02-T0-Laender-Fallentwicklung_csv.csv;data/raw/pks/laender/2016/BKA-LKS-F-02-T0-Laender-Fallentwicklung_csv.csv;https://www.bka.de/SharedDocs/Downloads/DE/Publikationen/PolizeilicheKriminalstatistik/2016/BKATabellen/FaelleLaenderKreiseStaedte/BKA-LKS-F-02-T0-Laender-Fallentwicklung_csv.csv?__blob=publicationFile&v=5;Bundeskriminalamt;2016;;2026-08-26;2078724;179bda5a2c8260d5925a1b4f3de891f3f4374c5ad985a29244f7b6f32b0b97e8;dl-de/by-2-0;csv;faelle laender
BKA-LKS-F-03-T01-Kreise_excel.xlsx;data/raw/pks/laender/2016/BKA-LKS-F-03-T01-Kreise_excel.xlsx;https://www.bka.de/SharedDocs/Downloads/DE/Publikationen/PolizeilicheKriminalstatistik/2016/BKATabellen/FaelleLaenderKreiseStaedte/BKA-LKS-F-03-T01-Kreise_excel.xlsx?__blob=publicationFile&v=5;Bundeskriminalamt;2016;;2026-08-26;2143812;053c62beedf9cb933ce81fbb420dc97cee650cc8d9807a8d95f1dcf8cf058f87;dl-de/by-2-0;xlsx;faelle laender
BKA-LKS-F-03-T01-Kreise_csv.csv;data/raw/pks/laender/2016/BKA-LKS-F-03-T01-Kreise_csv.csv;https://www.bka.de/SharedDocs/Downloads/DE/Publikationen/PolizeilicheKriminalstatistik/2016/BKATabellen/FaelleLaenderKreiseStaedte/BKA-LKS-F-03-T01-Kreise_csv.csv?__blob=publicationFile&v=5;Bundeskriminalamt;2016;;2026-08-26;2061606;7465eeb87d1f38713ac6f1999a16853422e3e2aa29d0eb595577a34b6d404999;dl-de/by-2-0;csv;faelle laender
BKA-LKS-F-04-T01-Kreise-Fallentwicklung_excel.xlsx;data/raw/pks/laender/2016/BKA-LKS-F-04-T01-Kreise-Fallentwicklung_excel.xlsx;https://www.bka.de/SharedDocs/Downloads/DE/Publikationen/PolizeilicheKriminalstatistik/2016/BKATabellen/FaelleLaenderKreiseStaedte/BKA-LKS-F-04-T01-Kreise-Fallentwicklung_excel.xlsx?__blob=publicationFile&v=5;Bundeskriminalamt;2016;;2026-08-26;1737993;0a4b77f2b2c4bbfaf548c2945d81d84796913f8be02cf01a084d8d5bbde6735a;dl-de/by-2-0;xlsx;faelle laender
BKA-LKS-F-04-T01-Kreise-Fallentwicklung_csv.csv;data/raw/pks/laender/2016/BKA-LKS-F-04-T01-Kreise-Fallentwicklung_csv.csv;https://www.bka.de/SharedDocs/Downloads/DE/Publikationen/PolizeilicheKriminalstatistik/2016/BKATabellen/FaelleLaenderKreiseStaedte/BKA-LKS-F-04-T01-Kreise-Fallentwicklung_csv.csv?__blob=publicationFile&v=5;Bundeskriminalamt;2016;;2026-08-26;1966596;66f57ee1f06f843dd7eaa0dfa9e5a22f26af6d42d173807bd7e5039ce9b6ac0e;dl-de/by-2-0;csv;faelle laender
BKA-LKS-F-05-T01-Staedte-ab-100T-EW-und-Landeshauptstaedte_excel.xlsx;data/raw/pks/laender/2016/BKA-LKS-F-05-T01-Staedte-ab-100T-EW-und-Landeshauptstaedte_excel.xlsx;https://www.bka.de/SharedDocs/Downloads/DE/Publikationen/PolizeilicheKriminalstatistik/2016/BKATabellen/FaelleLaenderKreiseStaedte/BKA-LKS-F-05-T01-Staedte-ab-100T-EW-und-Landeshauptstaedte_excel.xlsx?__blob=publicationFile&v=4;Bundeskriminalamt;2016;;2026-08-26;407836;2fd056cb19e40d1e56af5e8fa562f19b5e3cb9ed72b79c5095a7d1049db58495;dl-de/by-2-0;xlsx;faelle laender
BKA-LKS-F-05-T01-Staedte-ab-100T-EW-und-Landeshauptstaedte_csv.csv;data/raw/pks/laender/2016/BKA-LKS-F-05-T01-Staedte-ab-100T-EW-und-Landeshauptstaedte_csv.csv;https://www.bka.de/SharedDocs/Downloads/DE/Publikationen/PolizeilicheKriminalstatistik/2016/BKATabellen/FaelleLaenderKreiseStaedte/BKA-LKS-F-05-T01-Staedte-ab-100T-EW-und-Landeshauptstaedte_csv.csv?__blob=publicationFile&v=6;Bundeskriminalamt;2016;;2026-08-26;418088;1796470212a666e684eead12335b35b3957b0abad4a71b284d7bea9ad6c481b3;dl-de/by-2-0;csv;faelle laender
BKA-LKS-F-06-T01-Staedte-ab-100T-EW-und-Landeshauptstaedte-Fallentwicklung_excel.xlsx;data/raw/pks/laender/2016/BKA-LKS-F-06-T01-Staedte-ab-100T-EW-und-Landeshauptstaedte-Fallentwicklung_excel.xlsx;https://www.bka.de/SharedDocs/Downloads/DE/Publikationen/PolizeilicheKriminalstatistik/2016/BKATabellen/FaelleLaenderKreiseStaedte/BKA-LKS-F-06-T01-Staedte-ab-100T-EW-und-Landeshauptstaedte-Fallentwicklung_excel.xlsx?__blob=publicationFile&v=5;Bundeskriminalamt;2016;;2026-08-26;354272;0c7b2fd1d0670109ef9e1429120199a8d1b1306e1b92e1ae5427641d40df7b51;dl-de/by-2-0;xlsx;faelle laender
BKA-LKS-F-06-T01-Staedte-ab-100T-EW-und-Landeshauptstaedte-Fallentwicklung_csv.csv;data/raw/pks/laender/2016/BKA-LKS-F-06-T01-Staedte-ab-100T-EW-und-Landeshauptstaedte-Fallentwicklung_csv.csv;https://www.bka.de/SharedDocs/Downloads/DE/Publikationen/PolizeilicheKriminalstatistik/2016/BKATabellen/FaelleLaenderKreiseStaedte/BKA-LKS-F-06-T01-Staedte-ab-100T-EW-und-Landeshauptstaedte-Fallentwicklung_csv.csv?__blob=publicationFile&v=6;Bundeskriminalamt;2016;;2026-08-26;391806;0334bb690f6702653b2320a28633768ead5f45e319d4795d9d58fe24af8efe4e;dl-de/by-2-0;csv;faelle laender
tb01_FaelleGrundtabelle_excel.xlsx;data/raw/pks/bund/2015/tb01_FaelleGrundtabelle_excel.xlsx;https://www.bka.de/SharedDocs/Downloads/DE/Publikationen/PolizeilicheKriminalstatistik/2015/Standardtabellen/Faelle/tb01_FaelleGrundtabelle_excel.xlsx?__blob=publicationFile&v=3;Bundeskriminalamt;2015;;2026-08-26;175586;1246dcff337f6bb665c697e8bd9bdcc2617ea33b8a346efe15d65f2b5a0620f0;dl-de/by-2-0;xlsx;faelle standard
tb01_FaelleGrundtabelle_csv.csv;data/raw/pks/bund/2015/tb01_FaelleGrundtabelle_csv.csv;https://www.bka.de/SharedDocs/Downloads/DE/Publikationen/PolizeilicheKriminalstatistik/2015/Standardtabellen/Faelle/tb01_FaelleGrundtabelle_csv.csv?__blob=publicationFile&v=3;Bundeskriminalamt;2015;;2026-08-26;137408;caa0f2cfbaa7a27330430654316c8f11819637fe0fff1ee7949ceb1e682e259f;dl-de/by-2-0;csv;faelle standard
tb02_FaelleWirtschaftskriminalitaet_excel.xlsx;data/raw/pks/bund/2015/tb02_FaelleWirtschaftskriminalitaet_excel.xlsx;https://www.bka.de/SharedDocs/Downloads/DE/Publikationen/PolizeilicheKriminalstatistik/2015/Standardtabellen/Faelle/tb02_FaelleWirtschaftskriminalitaet_excel.xlsx?__blob=publicationFile&v=3;Bundeskriminalamt;2015;;2026-08-26;52447;30072d0fdaa7d292a669fc9b6b422dfa7f95f4e74849d02bda6c1894ac3c2fe8;dl-de/by-2-0;xlsx;faelle standard
tb02_FaelleWirtschaftskriminalitaet_csv.csv;data/raw/pks/bund/2015/tb02_FaelleWirtschaftskriminalitaet_csv.csv;https://www.bka.de/SharedDocs/Downloads/DE/Publikationen/PolizeilicheKriminalstatistik/2015/Standardtabellen/Faelle/tb02_FaelleWirtschaftskriminalitaet_csv.csv?__blob=publicationFile&v=4;Bundeskriminalamt;2015;;2026-08-26;34119;08fd00fd4ffaf921322d873be14e12053b5a418261f3e5f7ae5d47afb3a7843b;dl-de/by-2-0;csv;faelle standard
tb03_FaelleBundespolizei_excel.xlsx;data/raw/pks/bund/2015/tb03_FaelleBundespolizei_excel.xlsx;https://www.bka.de/SharedDocs/Downloads/DE/Publikationen/PolizeilicheKriminalstatistik/2015/Standardtabellen/Faelle/tb03_FaelleBundespolizei_excel.xlsx?__blob=publicationFile&v=3;Bundeskriminalamt;2015;;2026-08-26;150852;5d64b43ac7c0e4955b9edd3e2c6c7f37871cc83f640488650c0fef7e8bd3cf56;dl-de/by-2-0;xlsx;faelle standard
tb03_FaelleBundespolizei_csv.csv;data/raw/pks/bund/2015/tb03_FaelleBundespolizei_csv.csv;https://www.bka.de/SharedDocs/Downloads/DE/Publikationen/PolizeilicheKriminalstatistik/2015/Standardtabellen/Faelle/tb03_FaelleBundespolizei_csv.csv?__blob=publicationFile&v=5;Bundeskriminalamt;2015;;2026-08-26;120997;561759cb92e6fbace4b8e59dd5adffbdbde6e05251d5caa4ab235a9b72224833;dl-de/by-2-0;csv;faelle standard
tb05_FaelleInternet_excel.xlsx;data/raw/pks/bund/2015/tb05_FaelleInternet_excel.xlsx;https://www.bka.de/SharedDocs/Downloads/DE/Publikationen/PolizeilicheKriminalstatistik/2015/Standardtabellen/Faelle/tb05_FaelleInternet_excel.xlsx?__blob=publicationFile&v=3;Bundeskriminalamt;2015;;2026-08-26;153256;4e04e37cb6fcd9f204f8ffa380101404ed08d86001d92d37ba2eabc35c622e99;dl-de/by-2-0;xlsx;faelle standard
tb05_FaelleInternet_csv.csv;data/raw/pks/bund/2015/tb05_FaelleInternet_csv.csv;https://www.bka.de/SharedDocs/Downloads/DE/Publikationen/PolizeilicheKriminalstatistik/2015/Standardtabellen/Faelle/tb05_FaelleInternet_csv.csv?__blob=publicationFile&v=3;Bundeskriminalamt;2015;;2026-08-26;120480;4dbf45357c40ebb9bbced67c1760548af5b4b2bc2c57fcc95f6dc03024613864;dl-de/by-2-0;csv;faelle standard
tb07_FaelleSchadenshoehe_excel.xlsx;data/raw/pks/bund/2015/tb07_FaelleSchadenshoehe_excel.xlsx;https://www.bka.de/SharedDocs/Downloads/DE/Publikationen/PolizeilicheKriminalstatistik/2015/Standardtabellen/Faelle/tb07_FaelleSchadenshoehe_excel.xlsx?__blob=publicationFile&v=2;Bundeskriminalamt;2015;;2026-08-26;70808;abc1def37ab50c7ac4b7792d3686e9569b3ac82360bca544f98ccac50494f5de;dl-de/by-2-0;xlsx;faelle standard
tb07_FaelleSchadenshoehe_csv.csv;data/raw/pks/bund/2015/tb07_FaelleSchadenshoehe_csv.csv;https://www.bka.de/SharedDocs/Downloads/DE/Publikationen/PolizeilicheKriminalstatistik/2015/Standardtabellen/Faelle/tb07_FaelleSchadenshoehe_csv.csv?__blob=publicationFile&v=3;Bundeskriminalamt;2015;;2026-08-26;55293;015e7d4dfd20c03d9e7691b7057f457e1d00eea09648040abc8008026ccfcdf7;dl-de/by-2-0;csv;faelle standard
tb08_FaelleTatzeitstatistik_excel.xlsx;data/raw/pks/bund/2015/tb08_FaelleTatzeitstatistik_excel.xlsx;https://www.bka.de/SharedDocs/Downloads/DE/Publikationen/PolizeilicheKriminalstatistik/2015/Standardtabellen/Faelle/tb08_FaelleTatzeitstatistik_excel.xlsx?__blob=publicationFile&v=3;Bundeskriminalamt;2015;;2026-08-26;147888;d15d29157e79852054b8943f259a7486d972d2b7d1759ea4e5733db3b9782173;dl-de/by-2-0;xlsx;faelle standard
tb08_FaelleTatzeitstatistik_csv.csv;data/raw/pks/bund/2015/tb08_FaelleTatzeitstatistik_csv.csv;https://www.bka.de/SharedDocs/Downloads/DE/Publikationen/PolizeilicheKriminalstatistik/2015/Standardtabellen/Faelle/tb08_FaelleTatzeitstatistik_csv.csv?__blob=publicationFile&v=3;Bundeskriminalamt;2015;;2026-08-26;153192;15b4a2c8c57290c3448d23563430459599247802c0edb0383787a7d712695a9c;dl-de/by-2-0;csv;faelle standard
tb09_FaelleWirtschaftskriminalitaetSchadenshoehe_excel.xlsx;data/raw/pks/bund/2015/tb09_FaelleWirtschaftskriminalitaetSchadenshoehe_excel.xlsx;https://www.bka.de/SharedDocs/Downloads/DE/Publikationen/PolizeilicheKriminalstatistik/2015/Standardtabellen/Faelle/tb09_FaelleWirtschaftskriminalitaetSchadenshoehe_excel.xlsx?__blob=publicationFile&v=2;Bundeskriminalamt;2015;;2026-08-26;24517;b55e27d5f1c1eabd2b1720a8759eef13c9db8b3d83ab8a2528f8ecc40abdcd1b;dl-de/by-2-0;xlsx;faelle standard
tb09_FaelleWirtschaftskriminalitaetSchadenshoehe_csv.csv;data/raw/pks/bund/2015/tb09_FaelleWirtschaftskriminalitaetSchadenshoehe_csv.csv;https://www.bka.de/SharedDocs/Downloads/DE/Publikationen/PolizeilicheKriminalstatistik/2015/Standardtabellen/Faelle/tb09_FaelleWirtschaftskriminalitaetSchadenshoehe_csv.csv?__blob=publicationFile&v=3;Bundeskriminalamt;2015;;2026-08-26;9831;e1dba6e5b9386570d6947877fb1cc9a083d0c41f2aecb8e36752fdef009a56f5;dl-de/by-2-0;csv;faelle standard
tb12_FaelleAufgeklaerterFall_excel.xlsx;data/raw/pks/bund/2015/tb12_FaelleAufgeklaerterFall_excel.xlsx;https://www.bka.de/SharedDocs/Downloads/DE/Publikationen/PolizeilicheKriminalstatistik/2015/Standardtabellen/Faelle/tb12_FaelleAufgeklaerterFall_excel.xlsx?__blob=publicationFile&v=2;Bundeskriminalamt;2015;;2026-08-26;130358;e6d18c7a694c8db35f596070f3d15619f8f7132b2e750638a1f2cb5657e69fda;dl-de/by-2-0;xlsx;faelle standard
tb12_FaelleAufgeklaerterFall_csv.csv;data/raw/pks/bund/2015/tb12_FaelleAufgeklaerterFall_csv.csv;https://www.bka.de/SharedDocs/Downloads/DE/Publikationen/PolizeilicheKriminalstatistik/2015/Standardtabellen/Faelle/tb12_FaelleAufgeklaerterFall_csv.csv?__blob=publicationFile&v=3;Bundeskriminalamt;2015;;2026-08-26;114532;09cc6d9a79b20e08761ee158482150a1aceefe73045625d750283574baffef70;dl-de/by-2-0;csv;faelle standard
tb91_OpferInsgesamtAlterGeschlecht_excel.xlsx;data/raw/pks/bund/2015/tb91_OpferInsgesamtAlterGeschlecht_excel.xlsx;https://www.bka.de/SharedDocs/Downloads/DE/Publikationen/PolizeilicheKriminalstatistik/2015/Standardtabellen/Opfer/tb91_OpferInsgesamtAlterGeschlecht_excel.xlsx?__blob=publicationFile&v=2;Bundeskriminalamt;2015;;2026-08-26;99419;abda835d11dec41f8dd24d5908b0f03e46b7e1764302b88957d14aaf6c7d0c47;dl-de/by-2-0;xlsx;opfer standard
tb91_OpferInsgesamtAlterGeschlecht_csv.csv;data/raw/pks/bund/2015/tb91_OpferInsgesamtAlterGeschlecht_csv.csv;https://www.bka.de/SharedDocs/Downloads/DE/Publikationen/PolizeilicheKriminalstatistik/2015/Standardtabellen/Opfer/tb91_OpferInsgesamtAlterGeschlecht_csv.csv?__blob=publicationFile&v=3;Bundeskriminalamt;2015;;2026-08-26;82838;289af9b7da5a344a22e8fc4ee251d04e3ba17475a3ef3b5010ec43885bbe673e;dl-de/by-2-0;csv;opfer standard
tb911_OpferNachStaatsangehoerigkeit_excel.xlsx;data/raw/pks/bund/2015/tb911_OpferNachStaatsangehoerigkeit_excel.xlsx;https://www.bka.de/SharedDocs/Downloads/DE/Publikationen/PolizeilicheKriminalstatistik/2015/Standardtabellen/Opfer/tb911_OpferNachStaatsangehoerigkeit_excel.xlsx?__blob=publicationFile&v=3;Bundeskriminalamt;2015;;2026-08-26;329725;de39295c99bd9cd43a4e010947b5d2eb482243fa50db07d9d2eb2acd34d45ada;dl-de/by-2-0;xlsx;opfer standard
tb911_OpferNachStaatsangehoerigkeit_csv.csv;data/raw/pks/bund/2015/tb911_OpferNachStaatsangehoerigkeit_csv.csv;https://www.bka.de/SharedDocs/Downloads/DE/Publikationen/PolizeilicheKriminalstatistik/2015/Standardtabellen/Opfer/tb911_OpferNachStaatsangehoerigkeit_csv.csv?__blob=publicationFile&v=4;Bundeskriminalamt;2015;;2026-08-26;213001;0f043340449cfc2f55b1bbbb19bc571d322ccf072f10b19932172d598d47698e;dl-de/by-2-0;csv;opfer standard
tb92_OpferTatverdaechtigenBeziehung_excel.xlsx;data/raw/pks/bund/2015/tb92_OpferTatverdaechtigenBeziehung_excel.xlsx;https://www.bka.de/SharedDocs/Downloads/DE/Publikationen/PolizeilicheKriminalstatistik/2015/Standardtabellen/Opfer/tb92_OpferTatverdaechtigenBeziehung_excel.xlsx?__blob=publicationFile&v=2;Bundeskriminalamt;2015;;2026-08-26;77863;ff9069723f8cd6711543c20cf2fac82d19c472a1745332bd640be617bb425683;dl-de/by-2-0;xlsx;opfer standard
tb92_OpferTatverdaechtigenBeziehung_csv.csv;data/raw/pks/bund/2015/tb92_OpferTatverdaechtigenBeziehung_csv.csv;https://www.bka.de/SharedDocs/Downloads/DE/Publikationen/PolizeilicheKriminalstatistik/2015/Standardtabellen/Opfer/tb92_OpferTatverdaechtigenBeziehung_csv.csv?__blob=publicationFile&v=3;Bundeskriminalamt;2015;;2026-08-26;70618;4b04012ad217b459873d2fd4354cc4dcf6f83e7389a845de447ceab125c83c7f;dl-de/by-2-0;csv;opfer standard
tb921_OpferTatverdaechtigenBeziehungPartnerschaften_excel.xlsx;data/raw/pks/bund/2015/tb921_OpferTatverdaechtigenBeziehungPartnerschaften_excel.xlsx;https://www.bka.de/SharedDocs/Downloads/DE/Publikationen/PolizeilicheKriminalstatistik/2015/Standardtabellen/Opfer/tb921_OpferTatverdaechtigenBeziehungPartnerschaften_excel.xlsx?__blob=publicationFile&v=3;Bundeskriminalamt;2015;;2026-08-26;59652;60929d601899d725fcd96038ccb67fc929f511ea0421833d32da36ec004636c1;dl-de/by-2-0;xlsx;opfer standard
tb921_OpferTatverdaechtigenBeziehungPartnerschaften_csv.csv;data/raw/pks/bund/2015/tb921_OpferTatverdaechtigenBeziehungPartnerschaften_csv.csv;https://www.bka.de/SharedDocs/Downloads/DE/Publikationen/PolizeilicheKriminalstatistik/2015/Standardtabellen/Opfer/tb921_OpferTatverdaechtigenBeziehungPartnerschaften_csv.csv?__blob=publicationFile&v=4;Bundeskriminalamt;2015;;2026-08-26;59081;ec09c78a511fde9b72f2ac5794bdc0645fb2d3c67732ec28494073391f661335;dl-de/by-2-0;csv;opfer standard
tb922_OpferTatverdaechtigenBeziehungFamilie_excel.xlsx;data/raw/pks/bund/2015/tb922_OpferTatverdaechtigenBeziehungFamilie_excel.xlsx;https://www.bka.de/SharedDocs/Downloads/DE/Publikationen/PolizeilicheKriminalstatistik/2015/Standardtabellen/Opfer/tb922_OpferTatverdaechtigenBeziehungFamilie_excel.xlsx?__blob=publicationFile&v=3;Bundeskriminalamt;2015;;2026-08-26;70697;bcdd0c019aaee0563d81c6474eaf48382f541113ca16dee14511354006678d1f;dl-de/by-2-0;xlsx;opfer standard
tb922_OpferTatverdaechtigenBeziehungFamilie_csv.csv;data/raw/pks/bund/2015/tb922_OpferTatverdaechtigenBeziehungFamilie_csv.csv;https://www.bka.de/SharedDocs/Downloads/DE/Publikationen/PolizeilicheKriminalstatistik/2015/Standardtabellen/Opfer/tb922_OpferTatverdaechtigenBeziehungFamilie_csv.csv?__blob=publicationFile&v=4;Bundeskriminalamt;2015;;2026-08-26;66402;fad6f63d24931dfc34d131212759284acf2cd0704ef11c5278172b92fb4dc783;dl-de/by-2-0;csv;opfer standard
tb923_OpferTatverdaechtigenBeziehungInformell_excel.xlsx;data/raw/pks/bund/2015/tb923_OpferTatverdaechtigenBeziehungInformell_excel.xlsx;https://www.bka.de/SharedDocs/Downloads/DE/Publikationen/PolizeilicheKriminalstatistik/2015/Standardtabellen/Opfer/tb923_OpferTatverdaechtigenBeziehungInformell_excel.xlsx?__blob=publicationFile&v=3;Bundeskriminalamt;2015;;2026-08-26;52701;b56b830a965c4cc1d963cc120bd27f2244d72ba5708df45f7495e1f5fd371178;dl-de/by-2-0;xlsx;opfer standard
tb923_OpferTatverdaechtigenBeziehungInformell_csv.csv;data/raw/pks/bund/2015/tb923_OpferTatverdaechtigenBeziehungInformell_csv.csv;https://www.bka.de/SharedDocs/Downloads/DE/Publikationen/PolizeilicheKriminalstatistik/2015/Standardtabellen/Opfer/tb923_OpferTatverdaechtigenBeziehungInformell_csv.csv?__blob=publicationFile&v=4;Bundeskriminalamt;2015;;2026-08-26;54503;32e0dccbdad95a80c2d21ec0614e30e551eb468f06739fe7e80284c282916175;dl-de/by-2-0;csv;opfer standard
tb93_OpferTatverdaechtigenBeziehungRaeumlichSozial_excel.xlsx;data/raw/pks/bund/2015/tb93_OpferTatverdaechtigenBeziehungRaeumlichSozial_excel.xlsx;https://www.bka.de/SharedDocs/Downloads/DE/Publikationen/PolizeilicheKriminalstatistik/2015/Standardtabellen/Opfer/tb93_OpferTatverdaechtigenBeziehungRaeumlichSozial_excel.xlsx?__blob=publicationFile&v=2;Bundeskriminalamt;2015;;2026-08-26;65206;89b9ac44e1c3a354d900a49fcba23e89d20fb3b400315af1024d420a5ed2a6f4;dl-de/by-2-0;xlsx;opfer standard
tb93_OpferTatverdaechtigenBeziehungRaeumlichSozial_csv.csv;data/raw/pks/bund/2015/tb93_OpferTatverdaechtigenBeziehungRaeumlichSozial_csv.csv;https://www.bka.de/SharedDocs/Downloads/DE/Publikationen/PolizeilicheKriminalstatistik/2015/Standardtabellen/Opfer/tb93_OpferTatverdaechtigenBeziehungRaeumlichSozial_csv.csv?__blob=publicationFile&v=3;Bundeskriminalamt;2015;;2026-08-26;62183;3841bc88203a8ee31fed972ec85bd3ef09787b1f6ab15b94f9a456011047fc10;dl-de/by-2-0;csv;opfer standard
tb931_OpferTatverdaechtigenBeziehungRaeumlichSozialHaushaltErziehung_excel.xlsx;data/raw/pks/bund/2015/tb931_OpferTatverdaechtigenBeziehungRaeumlichSozialHaushaltErziehung_excel.xlsx;https://www.bka.de/SharedDocs/Downloads/DE/Publikationen/PolizeilicheKriminalstatistik/2015/Standardtabellen/Opfer/tb931_OpferTatverdaechtigenBeziehungRaeumlichSozialHaushaltErziehung_excel.xlsx?__blob=publicationFile&v=2;Bundeskriminalamt;2015;;2026-08-26;65136;64ff460199a2c563b93d48c4188d984d3898df6f6d351e5ab8505952fcd894bc;dl-de/by-2-0;xlsx;opfer standard
tb931_OpferTatverdaechtigenBeziehungRaeumlichSozialHaushaltErziehung_csv.csv;data/raw/pks/bund/2015/tb931_OpferTatverdaechtigenBeziehungRaeumlichSozialHaushaltErziehung_csv.csv;https://www.bka.de/SharedDocs/Downloads/DE/Publikationen/PolizeilicheKriminalstatistik/2015/Standardtabellen/Opfer/tb931_OpferTatverdaechtigenBeziehungRaeumlichSozialHaushaltErziehung_csv.csv?__blob=publicationFile&v=3;Bundeskriminalamt;2015;;2026-08-26;63327;8f3a52fc5cbcd227011a2e3a7d7029ff934bfed4f656c4a6061d5d04df746531;dl-de/by-2-0;csv;opfer standard
tb932_OpferTatverdaechtigenBeziehungRaeumlichSozialGesundheitswesen_excel.xlsx;data/raw/pks/bund/2015/tb932_OpferTatverdaechtigenBeziehungRaeumlichSozialGesundheitswesen_excel.xlsx;https://www.bka.de/SharedDocs/Downloads/DE/Publikationen/PolizeilicheKriminalstatistik/2015/Standardtabellen/Opfer/tb932_OpferTatverdaechtigenBeziehungRaeumlichSozialGesundheitswesen_excel.xlsx?__blob=publicationFile&v=2;Bundeskriminalamt;2015;;2026-08-26;52116;5e105ab2ab8c0be3fb3165fa7f0144b3cde7d66f2c610dd7d541ba56a467a0be;dl-de/by-2-0;xlsx;opfer standard
tb932_OpferTatverdaechtigenBeziehungRaeumlichSozialGesundheitswesen_csv.csv;data/raw/pks/bund/2015/tb932_OpferTatverdaechtigenBeziehungRaeumlichSozialGesundheitswesen_csv.csv;https://www.bka.de/SharedDocs/Downloads/DE/Publikationen/PolizeilicheKriminalstatistik/2015/Standardtabellen/Opfer/tb932_OpferTatverdaechtigenBeziehungRaeumlichSozialGesundheitswesen_csv.csv?__blob=publicationFile&v=3;Bundeskriminalamt;2015;;2026-08-26;54994;9ed848faf825f6be654592b9d7dd3ca30393c662945c5251cb8e1031c6daacec;dl-de/by-2-0;csv;opfer standard
tb933_OpferTatverdaechtigenBeziehungRaeumlichSozialSonstigeBeziehung_excel.xlsx;data/raw/pks/bund/2015/tb933_OpferTatverdaechtigenBeziehungRaeumlichSozialSonstigeBeziehung_excel.xlsx;https://www.bka.de/SharedDocs/Downloads/DE/Publikationen/PolizeilicheKriminalstatistik/2015/Standardtabellen/Opfer/tb933_OpferTatverdaechtigenBeziehungRaeumlichSozialSonstigeBeziehung_excel.xlsx?__blob=publicationFile&v=2;Bundeskriminalamt;2015;;2026-08-26;64230;787bcdf2b78a290bf9ead4b6dbc2ae20536ab70ca706b63a473aca7beef5049c;dl-de/by-2-0;xlsx;opfer standard
tb933_OpferTatverdaechtigenBeziehungRaeumlichSozialSonstigeBeziehung_csv.csv;data/raw/pks/bund/2015/tb933_OpferTatverdaechtigenBeziehungRaeumlichSozialSonstigeBeziehung_csv.csv;https://www.bka.de/SharedDocs/Downloads/DE/Publikationen/PolizeilicheKriminalstatistik/2015/Standardtabellen/Opfer/tb933_OpferTatverdaechtigenBeziehungRaeumlichSozialSonstigeBeziehung_csv.csv?__blob=publicationFile&v=3;Bundeskriminalamt;2015;;2026-08-26;61520;60eff089b3b7082962e72082fe989ab7bdb73dbf8d19ead9c37e5e4948ad16bd;dl-de/by-2-0;csv;opfer standard
tb94_Opferspezifik_excel.xlsx;data/raw/pks/bund/2015/tb94_Opferspezifik_excel.xlsx;https://www.bka.de/SharedDocs/Downloads/DE/Publikationen/PolizeilicheKriminalstatistik/2015/Standardtabellen/Opfer/tb94_Opferspezifik_excel.xlsx?__blob=publicationFile&v=2;Bundeskriminalamt;2015;;2026-08-26;60627;1af7b23e4b56df9a0476461e5b492fc19c2f8ff3637a52c56e2369ee3ba4b1fe;dl-de/by-2-0;xlsx;opfer standard
tb94_Opferspezifik_csv.csv;data/raw/pks/bund/2015/tb94_Opferspezifik_csv.csv;https://www.bka.de/SharedDocs/Downloads/DE/Publikationen/PolizeilicheKriminalstatistik/2015/Standardtabellen/Opfer/tb94_Opferspezifik_csv.csv?__blob=publicationFile&v=3;Bundeskriminalamt;2015;;2026-08-26;58436;186a1dc3cd86915937265c3f7872918aa90d210d6384428930f5e324522eaf38;dl-de/by-2-0;csv;opfer standard
tb941_OpferspezifikBeeintraechtigung_excel.xlsx;data/raw/pks/bund/2015/tb941_OpferspezifikBeeintraechtigung_excel.xlsx;https://www.bka.de/SharedDocs/Downloads/DE/Publikationen/PolizeilicheKriminalstatistik/2015/Standardtabellen/Opfer/tb941_OpferspezifikBeeintraechtigung_excel.xlsx?__blob=publicationFile&v=3;Bundeskriminalamt;2015;;2026-08-26;66957;744dde0ba90dfa39b0f14ba28efa950a576ef2e1e2895db4363fbd1180154a73;dl-de/by-2-0;xlsx;opfer standard
tb941_OpferspezifikBeeintraechtigung_csv.csv;data/raw/pks/bund/2015/tb941_OpferspezifikBeeintraechtigung_csv.csv;https://www.bka.de/SharedDocs/Downloads/DE/Publikationen/PolizeilicheKriminalstatistik/2015/Standardtabellen/Opfer/tb941_OpferspezifikBeeintraechtigung_csv.csv?__blob=publicationFile&v=4;Bundeskriminalamt;2015;;2026-08-26;62892;addd2fe72360c4dd060da1fd9552a49881936c787242489723d75d63177e66b3;dl-de/by-2-0;csv;opfer standard
tb942_OpferspezifikBerufTaetigkeit_excel.xlsx;data/raw/pks/bund/2015/tb942_OpferspezifikBerufTaetigkeit_excel.xlsx;https://www.bka.de/SharedDocs/Downloads/DE/Publikationen/PolizeilicheKriminalstatistik/2015/Standardtabellen/Opfer/tb942_OpferspezifikBerufTaetigkeit_excel.xlsx?__blob=publicationFile&v=2;Bundeskriminalamt;2015;;2026-08-26;60598;3b7450ef5fce4bfc43bcc1f5adeb9992270f9b91f7afc27a52cc5ab3c5be4960;dl-de/by-2-0;xlsx;opfer standard
tb942_OpferspezifikBerufTaetigkeit_csv.csv;data/raw/pks/bund/2015/tb942_OpferspezifikBerufTaetigkeit_csv.csv;https://www.bka.de/SharedDocs/Downloads/DE/Publikationen/PolizeilicheKriminalstatistik/2015/Standardtabellen/Opfer/tb942_OpferspezifikBerufTaetigkeit_csv.csv?__blob=publicationFile&v=3;Bundeskriminalamt;2015;;2026-08-26;58466;b1c5b90bc4fc294c3098b9d91ed1b3d5714d8cce7b7038287d13beaa7b276bfe;dl-de/by-2-0;csv;opfer standard
tb943_OpferspezifikVollstreckungsbeamte_excel.xlsx;data/raw/pks/bund/2015/tb943_OpferspezifikVollstreckungsbeamte_excel.xlsx;https://www.bka.de/SharedDocs/Downloads/DE/Publikationen/PolizeilicheKriminalstatistik/2015/Standardtabellen/Opfer/tb943_OpferspezifikVollstreckungsbeamte_excel.xlsx?__blob=publicationFile&v=3;Bundeskriminalamt;2015;;2026-08-26;69870;6c4497f20a967548401f45db6dba3a6ac4addca817644d396693a97813e55390;dl-de/by-2-0;xlsx;opfer standard
tb943_OpferspezifikVollstreckungsbeamte_csv.csv;data/raw/pks/bund/2015/tb943_OpferspezifikVollstreckungsbeamte_csv.csv;https://www.bka.de/SharedDocs/Downloads/DE/Publikationen/PolizeilicheKriminalstatistik/2015/Standardtabellen/Opfer/tb943_OpferspezifikVollstreckungsbeamte_csv.csv?__blob=publicationFile&v=4;Bundeskriminalamt;2015;;2026-08-26;65048;45e22f12e47b2a1c2592c34e0ffbf59c068af4e617851762d9cea84d71fe7290;dl-de/by-2-0;csv;opfer standard
tb944_OpferspezifikLebenslageVerhalten_excel.xlsx;data/raw/pks/bund/2015/tb944_OpferspezifikLebenslageVerhalten_excel.xlsx;https://www.bka.de/SharedDocs/Downloads/DE/Publikationen/PolizeilicheKriminalstatistik/2015/Standardtabellen/Opfer/tb944_OpferspezifikLebenslageVerhalten_excel.xlsx?__blob=publicationFile&v=4;Bundeskriminalamt;2015;;2026-08-26;45641;d4565564bb98a1a5755193ea39191728289bda64881d5a068ed24509ea347f91;dl-de/by-2-0;xlsx;opfer standard
tb944_OpferspezifikLebenslageVerhalten_csv.csv;data/raw/pks/bund/2015/tb944_OpferspezifikLebenslageVerhalten_csv.csv;https://www.bka.de/SharedDocs/Downloads/DE/Publikationen/PolizeilicheKriminalstatistik/2015/Standardtabellen/Opfer/tb944_OpferspezifikLebenslageVerhalten_csv.csv?__blob=publicationFile&v=4;Bundeskriminalamt;2015;;2026-08-26;50070;b8ecc4570ed37c49446622eb6dc7a8445844f7818d5f1490695b2caf1f53d3e4;dl-de/by-2-0;csv;opfer standard
tb91_BelastungszahlenOpfergefaehrdungInsgesamt_excel.xlsx;data/raw/pks/bund/2015/tb91_BelastungszahlenOpfergefaehrdungInsgesamt_excel.xlsx;https://www.bka.de/SharedDocs/Downloads/DE/Publikationen/PolizeilicheKriminalstatistik/2015/Standardtabellen/Belastungszahlen/tb91_BelastungszahlenOpfergefaehrdungInsgesamt_excel.xlsx?__blob=publicationFile&v=2;Bundeskriminalamt;2015;;2026-08-26;168147;5c412c8ab688d554b7061f35ee221b35992be77d66bd498f37b1c606666be5a4;dl-de/by-2-0;xlsx;opfer standard
tb91_BelastungszahlenOpfergefaehrdungInsgesamt_csv.csv;data/raw/pks/bund/2015/tb91_BelastungszahlenOpfergefaehrdungInsgesamt_csv.csv;https://www.bka.de/SharedDocs/Downloads/DE/Publikationen/PolizeilicheKriminalstatistik/2015/Standardtabellen/Belastungszahlen/tb91_BelastungszahlenOpfergefaehrdungInsgesamt_csv.csv?__blob=publicationFile&v=4;Bundeskriminalamt;2015;;2026-08-26;73900;1046bf1bd2958f83557a2bcb6613ee87dd9880df99bf920e5973766c98441e22;dl-de/by-2-0;csv;opfer standard
tb01_FaelleGrundtabelleAb1987_excel.xlsx;data/raw/pks/zeitreihen/2015/tb01_FaelleGrundtabelleAb1987_excel.xlsx;https://www.bka.de/SharedDocs/Downloads/DE/Publikationen/PolizeilicheKriminalstatistik/2015/Zeitreihen/Faelle/tb01_FaelleGrundtabelleAb1987_excel.xlsx?__blob=publicationFile&v=5;Bundeskriminalamt;2015;;2026-08-26;1026298;634b05e5ee3984d02691ff4d8eaa27279a1b4c0affeb132043a8c3bbd5cb70ed;dl-de/by-2-0;xlsx;zeitreihen
tb01_FaelleGrundtabelleAb1987_csv.csv;data/raw/pks/zeitreihen/2015/tb01_FaelleGrundtabelleAb1987_csv.csv;https://www.bka.de/SharedDocs/Downloads/DE/Publikationen/PolizeilicheKriminalstatistik/2015/Zeitreihen/Faelle/tb01_FaelleGrundtabelleAb1987_csv.csv?__blob=publicationFile&v=4;Bundeskriminalamt;2015;;2026-08-26;1202927;79d0f555982cbd05730a57f84bf5c1892100a5950037600162c470225cffae40;dl-de/by-2-0;csv;zeitreihen
tb20_TatverdaechtigeInsgesamtAb1987_excel.xlsx;data/raw/pks/zeitreihen/2015/tb20_TatverdaechtigeInsgesamtAb1987_excel.xlsx;https://www.bka.de/SharedDocs/Downloads/DE/Publikationen/PolizeilicheKriminalstatistik/2015/Zeitreihen/Tatverdaechtige/tb20_TatverdaechtigeInsgesamtAb1987_excel.xlsx?__blob=publicationFile&v=2;Bundeskriminalamt;2015;;2026-08-26;2131547;3eba2f9cb4bb496e23458cafd954cdd747a342a9e5355d98c90ecec1e21a2dfe;dl-de/by-2-0;xlsx;zeitreihen
tb20_TatverdaechtigeInsgesamtAb1987_csv.csv;data/raw/pks/zeitreihen/2015/tb20_TatverdaechtigeInsgesamtAb1987_csv.csv;https://www.bka.de/SharedDocs/Downloads/DE/Publikationen/PolizeilicheKriminalstatistik/2015/Zeitreihen/Tatverdaechtige/tb20_TatverdaechtigeInsgesamtAb1987_csv.csv?__blob=publicationFile&v=3;Bundeskriminalamt;2015;;2026-08-26;1837275;5bac0b11e3a2bf0bc19f637e9815f9d5e50fb41c3770fcc793ffae94c5098958;dl-de/by-2-0;csv;zeitreihen
tb20_TatverdaechtigeMaennlichAb1987_excel.xlsx;data/raw/pks/zeitreihen/2015/tb20_TatverdaechtigeMaennlichAb1987_excel.xlsx;https://www.bka.de/SharedDocs/Downloads/DE/Publikationen/PolizeilicheKriminalstatistik/2015/Zeitreihen/Tatverdaechtige/tb20_TatverdaechtigeMaennlichAb1987_excel.xlsx?__blob=publicationFile&v=2;Bundeskriminalamt;2015;;2026-08-26;2109871;a5074bf07f05aab33554b577bd025a57301a8c40b47a39be12fd44962038c4bf;dl-de/by-2-0;xlsx;zeitreihen
tb20_TatverdaechtigeMaennlichAb1987_csv.csv;data/raw/pks/zeitreihen/2015/tb20_TatverdaechtigeMaennlichAb1987_csv.csv;https://www.bka.de/SharedDocs/Downloads/DE/Publikationen/PolizeilicheKriminalstatistik/2015/Zeitreihen/Tatverdaechtige/tb20_TatverdaechtigeMaennlichAb1987_csv.csv?__blob=publicationFile&v=3;Bundeskriminalamt;2015;;2026-08-26;1822348;dd1dfcc5f1973a2f556ef1bb5411c36addf51c1555a29051204c5cb4a908997a;dl-de/by-2-0;csv;zeitreihen
tb20_TatverdaechtigeWeiblichAb1987_excel.xlsx;data/raw/pks/zeitreihen/2015/tb20_TatverdaechtigeWeiblichAb1987_excel.xlsx;https://www.bka.de/SharedDocs/Downloads/DE/Publikationen/PolizeilicheKriminalstatistik/2015/Zeitreihen/Tatverdaechtige/tb20_TatverdaechtigeWeiblichAb1987_excel.xlsx?__blob=publicationFile&v=2;Bundeskriminalamt;2015;;2026-08-26;1970764;a40146584b3bd036dcc5630f620003aafc4a8b8f8b7f753dd1ed0bc59c4a3a57;dl-de/by-2-0;xlsx;zeitreihen
tb20_TatverdaechtigeWeiblichAb1987_csv.csv;data/raw/pks/zeitreihen/2015/tb20_TatverdaechtigeWeiblichAb1987_csv.csv;https://www.bka.de/SharedDocs/Downloads/DE/Publikationen/PolizeilicheKriminalstatistik/2015/Zeitreihen/Tatverdaechtige/tb20_TatverdaechtigeWeiblichAb1987_csv.csv?__blob=publicationFile&v=3;Bundeskriminalamt;2015;;2026-08-26;1683636;0387f839a465492f90d9805e2ab8fe0ff1195c579841d33706ad2787dfb98c89;dl-de/by-2-0;csv;zeitreihen
tb40_TatverdaechtigeDeutscheTatverdaechtigeInsgesamtAb1987_excel.xlsx;data/raw/pks/zeitreihen/2015/tb40_TatverdaechtigeDeutscheTatverdaechtigeInsgesamtAb1987_excel.xlsx;https://www.bka.de/SharedDocs/Downloads/DE/Publikationen/PolizeilicheKriminalstatistik/2015/Zeitreihen/Tatverdaechtige/tb40_TatverdaechtigeDeutscheTatverdaechtigeInsgesamtAb1987_excel.xlsx?__blob=publicationFile&v=3;Bundeskriminalamt;2015;;2026-08-26;2107491;d8b6492c361adc2572601ca33a33d5bacceb2fc6ac240be5216452f4fbc1b74d;dl-de/by-2-0;xlsx;zeitreihen
tb40_TatverdaechtigeDeutscheTatverdaechtigeInsgesamtAb1987_csv.csv;data/raw/pks/zeitreihen/2015/tb40_TatverdaechtigeDeutscheTatverdaechtigeInsgesamtAb1987_csv.csv;https://www.bka.de/SharedDocs/Downloads/DE/Publikationen/PolizeilicheKriminalstatistik/2015/Zeitreihen/Tatverdaechtige/tb40_TatverdaechtigeDeutscheTatverdaechtigeInsgesamtAb1987_csv.csv?__blob=publicationFile&v=4;Bundeskriminalamt;2015;;2026-08-26;1810372;68227411dbcf2539ad70eb80085cc169be37a5e6b4c1b470e126aecd4c03b98d;dl-de/by-2-0;csv;zeitreihen
tb40_TatverdaechtigeDeutscheTatverdaechtigeMaennlichAb1987_excel.xlsx;data/raw/pks/zeitreihen/2015/tb40_TatverdaechtigeDeutscheTatverdaechtigeMaennlichAb1987_excel.xlsx;https://www.bka.de/SharedDocs/Downloads/DE/Publikationen/PolizeilicheKriminalstatistik/2015/Zeitreihen/Tatverdaechtige/tb40_TatverdaechtigeDeutscheTatverdaechtigeMaennlichAb1987_excel.xlsx?__blob=publicationFile&v=3;Bundeskriminalamt;2015;;2026-08-26;2063436;0782789e6e01927f631a71564c71055f3eceecbead66df1ecdbd3f51ac3df292;dl-de/by-2-0;xlsx;zeitreihen
tb40_TatverdaechtigeDeutscheTatverdaechtigeMaennlichAb1987_csv.csv;data/raw/pks/zeitreihen/2015/tb40_TatverdaechtigeDeutscheTatverdaechtigeMaennlichAb1987_csv.csv;https://www.bka.de/SharedDocs/Downloads/DE/Publikationen/PolizeilicheKriminalstatistik/2015/Zeitreihen/Tatverdaechtige/tb40_TatverdaechtigeDeutscheTatverdaechtigeMaennlichAb1987_csv.csv?__blob=publicationFile&v=4;Bundeskriminalamt;2015;;2026-08-26;1794771;c51edaa2c00350247a7adf568f45f28b2e1c7828e3fae80a84185b907e0c9cc1;dl-de/by-2-0;csv;zeitreihen
tb40_TatverdaechtigeDeutscheTatverdaechtigeWeiblichAb1987_excel.xlsx;data/raw/pks/zeitreihen/2015/tb40_TatverdaechtigeDeutscheTatverdaechtigeWeiblichAb1987_excel.xlsx;https://www.bka.de/SharedDocs/Downloads/DE/Publikationen/PolizeilicheKriminalstatistik/2015/Zeitreihen/Tatverdaechtige/tb40_TatverdaechtigeDeutscheTatverdaechtigeWeiblichAb1987_excel.xlsx?__blob=publicationFile&v=3;Bundeskriminalamt;2015;;2026-08-26;1910448;879ee6d305a96a7698921ba6c0c9f3c13188045c67e806b1c4983434880c7a5c;dl-de/by-2-0;xlsx;zeitreihen
tb40_TatverdaechtigeDeutscheTatverdaechtigeWeiblichAb1987_csv.csv;data/raw/pks/zeitreihen/2015/tb40_TatverdaechtigeDeutscheTatverdaechtigeWeiblichAb1987_csv.csv;https://www.bka.de/SharedDocs/Downloads/DE/Publikationen/PolizeilicheKriminalstatistik/2015/Zeitreihen/Tatverdaechtige/tb40_TatverdaechtigeDeutscheTatverdaechtigeWeiblichAb1987_csv.csv?__blob=publicationFile&v=4;Bundeskriminalamt;2015;;2026-08-26;1662257;ff50c3e90c31baee31376827a42eb5111fe02273bef7f9c0ac0757b5f6af9b82;dl-de/by-2-0;csv;zeitreihen
tb50_TatverdaechtigeNichtdeutscheTatverdaechtigeInsgesamtAb1987_excel.xlsx;data/raw/pks/zeitreihen/2015/tb50_TatverdaechtigeNichtdeutscheTatverdaechtigeInsgesamtAb1987_excel.xlsx;https://www.bka.de/SharedDocs/Downloads/DE/Publikationen/PolizeilicheKriminalstatistik/2015/Zeitreihen/Tatverdaechtige/tb50_TatverdaechtigeNichtdeutscheTatverdaechtigeInsgesamtAb1987_excel.xlsx?__blob=publicationFile&v=2;Bundeskriminalamt;2015;;2026-08-26;1973898;8ae65f16f4d18d9aa6e2fe63c8246fc3868597c98293d405b2135eb75e830179;dl-de/by-2-0;xlsx;zeitreihen
tb50_TatverdaechtigeNichtdeutscheTatverdaechtigeInsgesamtAb1987_csv.csv;data/raw/pks/zeitreihen/2015/tb50_TatverdaechtigeNichtdeutscheTatverdaechtigeInsgesamtAb1987_csv.csv;https://www.bka.de/SharedDocs/Downloads/DE/Publikationen/PolizeilicheKriminalstatistik/2015/Zeitreihen/Tatverdaechtige/tb50_TatverdaechtigeNichtdeutscheTatverdaechtigeInsgesamtAb1987_csv.csv?__blob=publicationFile&v=3;Bundeskriminalamt;2015;;2026-08-26;1696377;6cc61ea3275f6a09e028f6fc8f011d4ba0a28f14394196b3378ab76bc72fa4e6;dl-de/by-2-0;csv;zeitreihen
tb50_TatverdaechtigeNichtdeutscheTatverdaechtigeMaennlichAb1987_excel.xlsx;data/raw/pks/zeitreihen/2015/tb50_TatverdaechtigeNichtdeutscheTatverdaechtigeMaennlichAb1987_excel.xlsx;https://www.bka.de/SharedDocs/Downloads/DE/Publikationen/PolizeilicheKriminalstatistik/2015/Zeitreihen/Tatverdaechtige/tb50_TatverdaechtigeNichtdeutscheTatverdaechtigeMaennlichAb1987_excel.xlsx?__blob=publicationFile&v=2;Bundeskriminalamt;2015;;2026-08-26;1942541;263cde564f9f9004a739621ea80b4438b7b34e5b244ed10857e5432f5b67d674;dl-de/by-2-0;xlsx;zeitreihen
tb50_TatverdaechtigeNichtdeutscheTatverdaechtigeMaennlichAb1987_csv.csv;data/raw/pks/zeitreihen/2015/tb50_TatverdaechtigeNichtdeutscheTatverdaechtigeMaennlichAb1987_csv.csv;https://www.bka.de/SharedDocs/Downloads/DE/Publikationen/PolizeilicheKriminalstatistik/2015/Zeitreihen/Tatverdaechtige/tb50_TatverdaechtigeNichtdeutscheTatverdaechtigeMaennlichAb1987_csv.csv?__blob=publicationFile&v=3;Bundeskriminalamt;2015;;2026-08-26;1684324;259f95910706ef2fd8091df9824b2b7b7f7e77c15fae846e8df44881af653182;dl-de/by-2-0;csv;zeitreihen
tb50_TatverdaechtigeNichtdeutscheTatverdaechtigeWeiblichAb1987_excel.xlsx;data/raw/pks/zeitreihen/2015/tb50_TatverdaechtigeNichtdeutscheTatverdaechtigeWeiblichAb1987_excel.xlsx;https://www.bka.de/SharedDocs/Downloads/DE/Publikationen/PolizeilicheKriminalstatistik/2015/Zeitreihen/Tatverdaechtige/tb50_TatverdaechtigeNichtdeutscheTatverdaechtigeWeiblichAb1987_excel.xlsx?__blob=publicationFile&v=2;Bundeskriminalamt;2015;;2026-08-26;1727669;ab16d01ee01794adf4fd3d1405997fbf084e222768169950c339bcce5120a797;dl-de/by-2-0;xlsx;zeitreihen
tb50_TatverdaechtigeNichtdeutscheTatverdaechtigeWeiblichAb1987_csv.csv;data/raw/pks/zeitreihen/2015/tb50_TatverdaechtigeNichtdeutscheTatverdaechtigeWeiblichAb1987_csv.csv;https://www.bka.de/SharedDocs/Downloads/DE/Publikationen/PolizeilicheKriminalstatistik/2015/Zeitreihen/Tatverdaechtige/tb50_TatverdaechtigeNichtdeutscheTatverdaechtigeWeiblichAb1987_csv.csv?__blob=publicationFile&v=3;Bundeskriminalamt;2015;;2026-08-26;1525909;717406153b936b4d480928ff4215767788a4273b22cf067ca16c030199e1c9dd;dl-de/by-2-0;csv;zeitreihen
tb91_OpferNachAlterGeschlechtInsgesamtAb2000_excel.xlsx;data/raw/pks/zeitreihen/2015/tb91_OpferNachAlterGeschlechtInsgesamtAb2000_excel.xlsx;https://www.bka.de/SharedDocs/Downloads/DE/Publikationen/PolizeilicheKriminalstatistik/2015/Zeitreihen/Opfer/tb91_OpferNachAlterGeschlechtInsgesamtAb2000_excel.xlsx?__blob=publicationFile&v=3;Bundeskriminalamt;2015;;2026-08-26;223561;438f151a00be6934502cc538989c9daa098a614cabce103a270d8556829f00c9;dl-de/by-2-0;xlsx;zeitreihen
tb91_OpferNachAlterGeschlechtInsgesamtAb2000_csv.csv;data/raw/pks/zeitreihen/2015/tb91_OpferNachAlterGeschlechtInsgesamtAb2000_csv.csv;https://www.bka.de/SharedDocs/Downloads/DE/Publikationen/PolizeilicheKriminalstatistik/2015/Zeitreihen/Opfer/tb91_OpferNachAlterGeschlechtInsgesamtAb2000_csv.csv?__blob=publicationFile&v=4;Bundeskriminalamt;2015;;2026-08-26;208592;f902a36241eda6327998c54e3d9229a11da7a0573d820893b8a3afdd914177be;dl-de/by-2-0;csv;zeitreihen
tb91_OpferNachAlterGeschlechtVersucheAb2000_excel.xlsx;data/raw/pks/zeitreihen/2015/tb91_OpferNachAlterGeschlechtVersucheAb2000_excel.xlsx;https://www.bka.de/SharedDocs/Downloads/DE/Publikationen/PolizeilicheKriminalstatistik/2015/Zeitreihen/Opfer/tb91_OpferNachAlterGeschlechtVersucheAb2000_excel.xlsx?__blob=publicationFile&v=4;Bundeskriminalamt;2015;;2026-08-26;191191;6067677e9ddaa579a6a216c89e548b7c8275374f36c24614673dc30affe05b77;dl-de/by-2-0;xlsx;zeitreihen
tb91_OpferNachAlterGeschlechtVersucheAb2000_csv.csv;data/raw/pks/zeitreihen/2015/tb91_OpferNachAlterGeschlechtVersucheAb2000_csv.csv;https://www.bka.de/SharedDocs/Downloads/DE/Publikationen/PolizeilicheKriminalstatistik/2015/Zeitreihen/Opfer/tb91_OpferNachAlterGeschlechtVersucheAb2000_csv.csv?__blob=publicationFile&v=5;Bundeskriminalamt;2015;;2026-08-26;183572;80495c5020ca98c5603b15586e14c244997a0da4ef88bed172b020eb206f86b1;dl-de/by-2-0;csv;zeitreihen
tb91_OpferNachAlterGeschlechtVollendetAb2000_excel.xlsx;data/raw/pks/zeitreihen/2015/tb91_OpferNachAlterGeschlechtVollendetAb2000_excel.xlsx;https://www.bka.de/SharedDocs/Downloads/DE/Publikationen/PolizeilicheKriminalstatistik/2015/Zeitreihen/Opfer/tb91_OpferNachAlterGeschlechtVollendetAb2000_excel.xlsx?__blob=publicationFile&v=3;Bundeskriminalamt;2015;;2026-08-26;220381;0b6503f4b457cd45ad15378d1dc35153cb1a02dd5c8c4f95afa7d1b11e02d221;dl-de/by-2-0;xlsx;zeitreihen
tb91_OpferNachAlterGeschlechtVollendetAb2000_csv.csv;data/raw/pks/zeitreihen/2015/tb91_OpferNachAlterGeschlechtVollendetAb2000_csv.csv;https://www.bka.de/SharedDocs/Downloads/DE/Publikationen/PolizeilicheKriminalstatistik/2015/Zeitreihen/Opfer/tb91_OpferNachAlterGeschlechtVollendetAb2000_csv.csv?__blob=publicationFile&v=4;Bundeskriminalamt;2015;;2026-08-26;207125;b8a34bb3c2fca1a8d30aebd4ad9187e94420883343f4a9aeb6e6e80090e3bf7e;dl-de/by-2-0;csv;zeitreihen
tb92_OpferTatverdaechtigenBeziehungInsgesamtAb2000_excel.xlsx;data/raw/pks/zeitreihen/2015/tb92_OpferTatverdaechtigenBeziehungInsgesamtAb2000_excel.xlsx;https://www.bka.de/SharedDocs/Downloads/DE/Publikationen/PolizeilicheKriminalstatistik/2015/Zeitreihen/Opfer/tb92_OpferTatverdaechtigenBeziehungInsgesamtAb2000_excel.xlsx?__blob=publicationFile&v=3;Bundeskriminalamt;2015;;2026-08-26;254284;6ce1d88ba5311326f10c5d260fe06995d64f900aa6fd38ff647a2378d2488d5a;dl-de/by-2-0;xlsx;zeitreihen
tb92_OpferTatverdaechtigenBeziehungInsgesamtAb2000_csv.csv;data/raw/pks/zeitreihen/2015/tb92_OpferTatverdaechtigenBeziehungInsgesamtAb2000_csv.csv;https://www.bka.de/SharedDocs/Downloads/DE/Publikationen/PolizeilicheKriminalstatistik/2015/Zeitreihen/Opfer/tb92_OpferTatverdaechtigenBeziehungInsgesamtAb2000_csv.csv?__blob=publicationFile&v=4;Bundeskriminalamt;2015;;2026-08-26;219442;95fde573077e0428e064c5585d987a659ab77bd17f698b5c12db2dfc47d143ae;dl-de/by-2-0;csv;zeitreihen
tb92_OpferTatverdaechtigenBeziehungVersucheAb2000_excel.xlsx;data/raw/pks/zeitreihen/2015/tb92_OpferTatverdaechtigenBeziehungVersucheAb2000_excel.xlsx;https://www.bka.de/SharedDocs/Downloads/DE/Publikationen/PolizeilicheKriminalstatistik/2015/Zeitreihen/Opfer/tb92_OpferTatverdaechtigenBeziehungVersucheAb2000_excel.xlsx?__blob=publicationFile&v=3;Bundeskriminalamt;2015;;2026-08-26;225714;c9b5c2c7d10ca5148fd0ddbbb27c3b6c959492cfa024c455a18972cd6ff236d3;dl-de/by-2-0;xlsx;zeitreihen
tb92_OpferTatverdaechtigenBeziehungVersucheAb2000_csv.csv;data/raw/pks/zeitreihen/2015/tb92_OpferTatverdaechtigenBeziehungVersucheAb2000_csv.csv;https://www.bka.de/SharedDocs/Downloads/DE/Publikationen/PolizeilicheKriminalstatistik/2015/Zeitreihen/Opfer/tb92_OpferTatverdaechtigenBeziehungVersucheAb2000_csv.csv?__blob=publicationFile&v=4;Bundeskriminalamt;2015;;2026-08-26;198816;0fa7398f4db8b78020c5b31e5ec3c5d85adfd1f96f64a59743446ac0c37f733d;dl-de/by-2-0;csv;zeitreihen
tb92_OpferTatverdaechtigenBeziehungVollendetAb2000_excel.xlsx;data/raw/pks/zeitreihen/2015/tb92_OpferTatverdaechtigenBeziehungVollendetAb2000_excel.xlsx;https://www.bka.de/SharedDocs/Downloads/DE/Publikationen/PolizeilicheKriminalstatistik/2015/Zeitreihen/Opfer/tb92_OpferTatverdaechtigenBeziehungVollendetAb2000_excel.xlsx?__blob=publicationFile&v=3;Bundeskriminalamt;2015;;2026-08-26;251640;86970b713706ce60dc26daa22b65d23eb54a3bfc087ec2f4e1cf344a88601a57;dl-de/by-2-0;xlsx;zeitreihen
tb92_OpferTatverdaechtigenBeziehungVollendetAb2000_csv.csv;data/raw/pks/zeitreihen/2015/tb92_OpferTatverdaechtigenBeziehungVollendetAb2000_csv.csv;https://www.bka.de/SharedDocs/Downloads/DE/Publikationen/PolizeilicheKriminalstatistik/2015/Zeitreihen/Opfer/tb92_OpferTatverdaechtigenBeziehungVollendetAb2000_csv.csv?__blob=publicationFile&v=4;Bundeskriminalamt;2015;;2026-08-26;218064;04e9f0bacb3cb53ea54d63b4d7b0a72accd94d1c1667e85b7999577fd7dd9902;dl-de/by-2-0;csv;zeitreihen
tb40_BelastungszahlenDeutscheTatverdaechtigeInsgesamtAb1987_excel.xlsx;data/raw/pks/zeitreihen/2015/tb40_BelastungszahlenDeutscheTatverdaechtigeInsgesamtAb1987_excel.xlsx;https://www.bka.de/SharedDocs/Downloads/DE/Publikationen/PolizeilicheKriminalstatistik/2015/Zeitreihen/Belastungszahlen/tb40_BelastungszahlenDeutscheTatverdaechtigeInsgesamtAb1987_excel.xlsx?__blob=publicationFile&v=4;Bundeskriminalamt;2015;;2026-08-26;3064254;f336e838eee846b7130061519df2456c11da7e74bab700d1aa9208667a19585f;dl-de/by-2-0;xlsx;zeitreihen
tb40_BelastungszahlenDeutscheTatverdaechtigeInsgesamtAb1987_csv.csv;data/raw/pks/zeitreihen/2015/tb40_BelastungszahlenDeutscheTatverdaechtigeInsgesamtAb1987_csv.csv;https://www.bka.de/SharedDocs/Downloads/DE/Publikationen/PolizeilicheKriminalstatistik/2015/Zeitreihen/Belastungszahlen/tb40_BelastungszahlenDeutscheTatverdaechtigeInsgesamtAb1987_csv.csv?__blob=publicationFile&v=5;Bundeskriminalamt;2015;;2026-08-26;1681591;784290f7ca78ff0c1e62cd2e1bf9742087cc46efc217460949fed33449bc9e09;dl-de/by-2-0;csv;zeitreihen
tb40_BelastungszahlenDeutscheTatverdaechtigeMaennlichAb1987_excel.xlsx;data/raw/pks/zeitreihen/2015/tb40_BelastungszahlenDeutscheTatverdaechtigeMaennlichAb1987_excel.xlsx;https://www.bka.de/SharedDocs/Downloads/DE/Publikationen/PolizeilicheKriminalstatistik/2015/Zeitreihen/Belastungszahlen/tb40_BelastungszahlenDeutscheTatverdaechtigeMaennlichAb1987_excel.xlsx?__blob=publicationFile&v=4;Bundeskriminalamt;2015;;2026-08-26;3095278;6b3001eb6f099dff65e211a8f3b8c15d9b685b13308667c2dddbea160e22cb68;dl-de/by-2-0;xlsx;zeitreihen
tb40_BelastungszahlenDeutscheTatverdaechtigeMaennlichAb1987_csv.csv;data/raw/pks/zeitreihen/2015/tb40_BelastungszahlenDeutscheTatverdaechtigeMaennlichAb1987_csv.csv;https://www.bka.de/SharedDocs/Downloads/DE/Publikationen/PolizeilicheKriminalstatistik/2015/Zeitreihen/Belastungszahlen/tb40_BelastungszahlenDeutscheTatverdaechtigeMaennlichAb1987_csv.csv?__blob=publicationFile&v=5;Bundeskriminalamt;2015;;2026-08-26;1700214;f929c1a6224176e632cea6803838a1b5a6a5f1fdd074f7988ba6e22ac8a7dbca;dl-de/by-2-0;csv;zeitreihen
tb40_BelastungszahlenDeutscheTatverdaechtigeWeiblichAb1987_excel.xlsx;data/raw/pks/zeitreihen/2015/tb40_BelastungszahlenDeutscheTatverdaechtigeWeiblichAb1987_excel.xlsx;https://www.bka.de/SharedDocs/Downloads/DE/Publikationen/PolizeilicheKriminalstatistik/2015/Zeitreihen/Belastungszahlen/tb40_BelastungszahlenDeutscheTatverdaechtigeWeiblichAb1987_excel.xlsx?__blob=publicationFile&v=4;Bundeskriminalamt;2015;;2026-08-26;2830111;70f55e91614c702edf398a5af67ae29ac890cf850648705a47a02497aae1c9a9;dl-de/by-2-0;xlsx;zeitreihen
tb40_BelastungszahlenDeutscheTatverdaechtigeWeiblichAb1987_csv.csv;data/raw/pks/zeitreihen/2015/tb40_BelastungszahlenDeutscheTatverdaechtigeWeiblichAb1987_csv.csv;https://www.bka.de/SharedDocs/Downloads/DE/Publikationen/PolizeilicheKriminalstatistik/2015/Zeitreihen/Belastungszahlen/tb40_BelastungszahlenDeutscheTatverdaechtigeWeiblichAb1987_csv.csv?__blob=publicationFile&v=5;Bundeskriminalamt;2015;;2026-08-26;1639066;c49d4834fab8ca9502c24c84a197c2412382da6d738598783d1c4a8892b17ba8;dl-de/by-2-0;csv;zeitreihen
tb91_BelastungszahlenOpfergefaehrdungInsgesamtAb2000_excel.xlsx;data/raw/pks/zeitreihen/2015/tb91_BelastungszahlenOpfergefaehrdungInsgesamtAb2000_excel.xlsx;https://www.bka.de/SharedDocs/Downloads/DE/Publikationen/PolizeilicheKriminalstatistik/2015/Zeitreihen/Belastungszahlen/tb91_BelastungszahlenOpfergefaehrdungInsgesamtAb2000_excel.xlsx?__blob=publicationFile&v=2;Bundeskriminalamt;2015;;2026-08-26;474898;f36032c2fcbb9d28d08a3dcbcb42740fe7c7c4c93a1309fb4fa1fc085c7ca918;dl-de/by-2-0;xlsx;zeitreihen
tb91_BelastungszahlenOpfergefaehrdungInsgesamtAb2000_csv.csv;data/raw/pks/zeitreihen/2015/tb91_BelastungszahlenOpfergefaehrdungInsgesamtAb2000_csv.csv;https://www.bka.de/SharedDocs/Downloads/DE/Publikationen/PolizeilicheKriminalstatistik/2015/Zeitreihen/Belastungszahlen/tb91_BelastungszahlenOpfergefaehrdungInsgesamtAb2000_csv.csv?__blob=publicationFile&v=3;Bundeskriminalamt;2015;;2026-08-26;257030;3298cde724460d26655942cacdea529abfb6861da3cf9e23d5e34a5a829fbdda;dl-de/by-2-0;csv;zeitreihen
tb91_BelastungszahlenOpfergefaehrdungVersucheAb2000_excel.xlsx;data/raw/pks/zeitreihen/2015/tb91_BelastungszahlenOpfergefaehrdungVersucheAb2000_excel.xlsx;https://www.bka.de/SharedDocs/Downloads/DE/Publikationen/PolizeilicheKriminalstatistik/2015/Zeitreihen/Belastungszahlen/tb91_BelastungszahlenOpfergefaehrdungVersucheAb2000_excel.xlsx?__blob=publicationFile&v=2;Bundeskriminalamt;2015;;2026-08-26;386111;833989ce70467a75e648427bc5335270f031550226d7518095694e961e3f836d;dl-de/by-2-0;xlsx;zeitreihen
tb91_BelastungszahlenOpfergefaehrdungVersucheAb2000_csv.csv;data/raw/pks/zeitreihen/2015/tb91_BelastungszahlenOpfergefaehrdungVersucheAb2000_csv.csv;https://www.bka.de/SharedDocs/Downloads/DE/Publikationen/PolizeilicheKriminalstatistik/2015/Zeitreihen/Belastungszahlen/tb91_BelastungszahlenOpfergefaehrdungVersucheAb2000_csv.csv?__blob=publicationFile&v=3;Bundeskriminalamt;2015;;2026-08-26;249710;eee1aaa9c9fc22f241277e6298f7d7c1f2241ff7ae9b001671d5932707db4704;dl-de/by-2-0;csv;zeitreihen
tb91_BelastungszahlenOpfergefaehrdungVollendetAb2000_excel.xlsx;data/raw/pks/zeitreihen/2015/tb91_BelastungszahlenOpfergefaehrdungVollendetAb2000_excel.xlsx;https://www.bka.de/SharedDocs/Downloads/DE/Publikationen/PolizeilicheKriminalstatistik/2015/Zeitreihen/Belastungszahlen/tb91_BelastungszahlenOpfergefaehrdungVollendetAb2000_excel.xlsx?__blob=publicationFile&v=2;Bundeskriminalamt;2015;;2026-08-26;469964;be9cfbc3c5316de4f8e796c665967e793b01055b603b280e9dac0735cae7a218;dl-de/by-2-0;xlsx;zeitreihen
tb91_BelastungszahlenOpfergefaehrdungVollendetAb2000_csv.csv;data/raw/pks/zeitreihen/2015/tb91_BelastungszahlenOpfergefaehrdungVollendetAb2000_csv.csv;https://www.bka.de/SharedDocs/Downloads/DE/Publikationen/PolizeilicheKriminalstatistik/2015/Zeitreihen/Belastungszahlen/tb91_BelastungszahlenOpfergefaehrdungVollendetAb2000_csv.csv?__blob=publicationFile&v=3;Bundeskriminalamt;2015;;2026-08-26;207125;b8a34bb3c2fca1a8d30aebd4ad9187e94420883343f4a9aeb6e6e80090e3bf7e;dl-de/by-2-0;csv;zeitreihen
tb01_FaelleGrundtabelleFallentwicklung_excel.xlsx;data/raw/pks/bund/2015/tb01_FaelleGrundtabelleFallentwicklung_excel.xlsx;https://www.bka.de/SharedDocs/Downloads/DE/Publikationen/PolizeilicheKriminalstatistik/2015/BKATabellen/Faelle/tb01_FaelleGrundtabelleFallentwicklung_excel.xlsx?__blob=publicationFile&v=2;Bundeskriminalamt;2015;;2026-08-26;108914;b2fd4d627e16063b7492091295953e5d69ce938707a8e069e6d69c7e5893e8d8;dl-de/by-2-0;xlsx;faelle bund
tb01_FaelleGrundtabelleFallentwicklung_csv.csv;data/raw/pks/bund/2015/tb01_FaelleGrundtabelleFallentwicklung_csv.csv;https://www.bka.de/SharedDocs/Downloads/DE/Publikationen/PolizeilicheKriminalstatistik/2015/BKATabellen/Faelle/tb01_FaelleGrundtabelleFallentwicklung_csv.csv?__blob=publicationFile&v=3;Bundeskriminalamt;2015;;2026-08-26;103949;5f181eed954aab3a7f8dc9f0701642297d493df43ef6660c5aa6682d98918652;dl-de/by-2-0;csv;faelle bund
tb01_FaelleGrundtabelleVollendeteFaelle_excel.xlsx;data/raw/pks/bund/2015/tb01_FaelleGrundtabelleVollendeteFaelle_excel.xlsx;https://www.bka.de/SharedDocs/Downloads/DE/Publikationen/PolizeilicheKriminalstatistik/2015/BKATabellen/Faelle/tb01_FaelleGrundtabelleVollendeteFaelle_excel.xlsx?__blob=publicationFile&v=2;Bundeskriminalamt;2015;;2026-08-26;173121;494b4b8698f93b8ff17a58693c0271e21b3cadb2a5e06464842a0755ccb20a7b;dl-de/by-2-0;xlsx;faelle bund
tb01_FaelleGrundtabelleVollendeteFaelle_csv.csv;data/raw/pks/bund/2015/tb01_FaelleGrundtabelleVollendeteFaelle_csv.csv;https://www.bka.de/SharedDocs/Downloads/DE/Publikationen/PolizeilicheKriminalstatistik/2015/BKATabellen/Faelle/tb01_FaelleGrundtabelleVollendeteFaelle_csv.csv?__blob=publicationFile&v=3;Bundeskriminalamt;2015;;2026-08-26;131671;7bba04f5da4d60178bee6f1ea790b71b9bde1b6cb4952937bbcf8aa9c24c6d73;dl-de/by-2-0;csv;faelle bund
tb01_FaelleGrundtabelleTatortverteilungInProzent_excel.xlsx;data/raw/pks/bund/2015/tb01_FaelleGrundtabelleTatortverteilungInProzent_excel.xlsx;https://www.bka.de/SharedDocs/Downloads/DE/Publikationen/PolizeilicheKriminalstatistik/2015/BKATabellen/Faelle/tb01_FaelleGrundtabelleTatortverteilungInProzent_excel.xlsx?__blob=publicationFile&v=2;Bundeskriminalamt;2015;;2026-08-26;126211;fd18fdb5de900e3f948e8d76a2946a3033ee4b6aaf79e2f5e348a610e45127c1;dl-de/by-2-0;xlsx;faelle bund
tb01_FaelleGrundtabelleTatortverteilungInProzent_csv.csv;data/raw/pks/bund/2015/tb01_FaelleGrundtabelleTatortverteilungInProzent_csv.csv;https://www.bka.de/SharedDocs/Downloads/DE/Publikationen/PolizeilicheKriminalstatistik/2015/BKATabellen/Faelle/tb01_FaelleGrundtabelleTatortverteilungInProzent_csv.csv?__blob=publicationFile&v=3;Bundeskriminalamt;2015;;2026-08-26;99695;126260370ea27bfbca524eaed5bdb8ce148e8ce7946dfc9be23cb5c7ca082e22;dl-de/by-2-0;csv;faelle bund
tb01_FaelleGrundtabelleTatzeitVor2015_excel.xlsx;data/raw/pks/bund/2015/tb01_FaelleGrundtabelleTatzeitVor2015_excel.xlsx;https://www.bka.de/SharedDocs/Downloads/DE/Publikationen/PolizeilicheKriminalstatistik/2015/BKATabellen/Faelle/tb01_FaelleGrundtabelleTatzeitVor2015_excel.xlsx?__blob=publicationFile&v=2;Bundeskriminalamt;2015;;2026-08-26;198131;d325af1e6004119cb180220342cc0196521d3455af529d271fa4810dc596fbad;dl-de/by-2-0;xlsx;faelle bund
tb01_FaelleGrundtabelleTatzeitVor2015_csv.csv;data/raw/pks/bund/2015/tb01_FaelleGrundtabelleTatzeitVor2015_csv.csv;https://www.bka.de/SharedDocs/Downloads/DE/Publikationen/PolizeilicheKriminalstatistik/2015/BKATabellen/Faelle/tb01_FaelleGrundtabelleTatzeitVor2015_csv.csv?__blob=publicationFile&v=3;Bundeskriminalamt;2015;;2026-08-26;151495;0b4b8738637c2b5b7c43aa559cbdbc6ca1b0171341cc397721afa08c135074ac;dl-de/by-2-0;csv;faelle bund
tb02_FaelleGrundtabelleWirtschaftskriminalitaetFallentwicklung_excel.xlsx;data/raw/pks/bund/2015/tb02_FaelleGrundtabelleWirtschaftskriminalitaetFallentwicklung_excel.xlsx;https://www.bka.de/SharedDocs/Downloads/DE/Publikationen/PolizeilicheKriminalstatistik/2015/BKATabellen/Faelle/tb02_FaelleGrundtabelleWirtschaftskriminalitaetFallentwicklung_excel.xlsx?__blob=publicationFile&v=2;Bundeskriminalamt;2015;;2026-08-26;41233;f2e462913e5dbde10c72fadf1b09c12ffa52d01989fd6b4686483f9c43e9a64d;dl-de/by-2-0;xlsx;faelle bund
tb02_FaelleGrundtabelleWirtschaftskriminalitaetFallentwicklung_csv.csv;data/raw/pks/bund/2015/tb02_FaelleGrundtabelleWirtschaftskriminalitaetFallentwicklung_csv.csv;https://www.bka.de/SharedDocs/Downloads/DE/Publikationen/PolizeilicheKriminalstatistik/2015/BKATabellen/Faelle/tb02_FaelleGrundtabelleWirtschaftskriminalitaetFallentwicklung_csv.csv?__blob=publicationFile&v=3;Bundeskriminalamt;2015;;2026-08-26;26273;f0eba1a0a22060fc53e0cf72dc19e7a9f2ff396bb689d08802e38e1d1c9cb62f;dl-de/by-2-0;csv;faelle bund
tb05_FaelleGrundtabelleFuerStraftatenMitTatmittelInternetFallentwicklung_excel.xlsx;data/raw/pks/bund/2015/tb05_FaelleGrundtabelleFuerStraftatenMitTatmittelInternetFallentwicklung_excel.xlsx;https://www.bka.de/SharedDocs/Downloads/DE/Publikationen/PolizeilicheKriminalstatistik/2015/BKATabellen/Faelle/tb05_FaelleGrundtabelleFuerStraftatenMitTatmittelInternetFallentwicklung_excel.xlsx?__blob=publicationFile&v=3;Bundeskriminalamt;2015;;2026-08-26;87424;1bf86a09b8505f54844cc52519d47cc1832906d1b1a27083f4764a7a31a70d5a;dl-de/by-2-0;xlsx;faelle bund
tb05_FaelleGrundtabelleFuerStraftatenMitTatmittelInternetFallentwicklung_csv.csv;data/raw/pks/bund/2015/tb05_FaelleGrundtabelleFuerStraftatenMitTatmittelInternetFallentwicklung_csv.csv;https://www.bka.de/SharedDocs/Downloads/DE/Publikationen/PolizeilicheKriminalstatistik/2015/BKATabellen/Faelle/tb05_FaelleGrundtabelleFuerStraftatenMitTatmittelInternetFallentwicklung_csv.csv?__blob=publicationFile&v=4;Bundeskriminalamt;2015;;2026-08-26;94317;b53a9245045a8306481d38ae7e48fb7ece57b8740218f644e46d6a9c32e9568a;dl-de/by-2-0;csv;faelle bund
tb20_TatverdaechtigeAlterGeschlechtVollendeteFaelle_excel.xlsx;data/raw/pks/bund/2015/tb20_TatverdaechtigeAlterGeschlechtVollendeteFaelle_excel.xlsx;https://www.bka.de/SharedDocs/Downloads/DE/Publikationen/PolizeilicheKriminalstatistik/2015/BKATabellen/Tatverdaechtige/tb20_TatverdaechtigeAlterGeschlechtVollendeteFaelle_excel.xlsx?__blob=publicationFile&v=2;Bundeskriminalamt;2015;;2026-08-26;434634;bcfef287f4395f43a49d34cf956ef3d6249d7bc09786f7ade20b41035de1c74e;dl-de/by-2-0;xlsx;faelle bund
tb20_TatverdaechtigeAlterGeschlechtVollendeteFaelle_csv.csv;data/raw/pks/bund/2015/tb20_TatverdaechtigeAlterGeschlechtVollendeteFaelle_csv.csv;https://www.bka.de/SharedDocs/Downloads/DE/Publikationen/PolizeilicheKriminalstatistik/2015/BKATabellen/Tatverdaechtige/tb20_TatverdaechtigeAlterGeschlechtVollendeteFaelle_csv.csv?__blob=publicationFile&v=3;Bundeskriminalamt;2015;;2026-08-26;415120;cbf049b4db84de7a6d4114544c7f267625325fb06ebc51d9371aa6c6c2366124;dl-de/by-2-0;csv;faelle bund
tb91_OpferInsgesamtAlterGeschlechtErweiterteAltersklassen_excel.xlsx;data/raw/pks/bund/2015/tb91_OpferInsgesamtAlterGeschlechtErweiterteAltersklassen_excel.xlsx;https://www.bka.de/SharedDocs/Downloads/DE/Publikationen/PolizeilicheKriminalstatistik/2015/BKATabellen/Opfer/tb91_OpferInsgesamtAlterGeschlechtErweiterteAltersklassen_excel.xlsx?__blob=publicationFile&v=3;Bundeskriminalamt;2015;;2026-08-26;188771;d2f110815d181b052f69008b0ceafac6beb0e7658037b967e0b2019b733e7599;dl-de/by-2-0;xlsx;opfer bund
tb91_OpferInsgesamtAlterGeschlechtErweiterteAltersklassen_csv.csv;data/raw/pks/bund/2015/tb91_OpferInsgesamtAlterGeschlechtErweiterteAltersklassen_csv.csv;https://www.bka.de/SharedDocs/Downloads/DE/Publikationen/PolizeilicheKriminalstatistik/2015/BKATabellen/Opfer/tb91_OpferInsgesamtAlterGeschlechtErweiterteAltersklassen_csv.csv?__blob=publicationFile&v=4;Bundeskriminalamt;2015;;2026-08-26;136315;fe859dd317d249f98d9570a095678564d581eb41c57fdf635bc6daaa400a505e;dl-de/by-2-0;csv;opfer bund
tb91_OpferInsgesamtAlterGeschlechtSenioren_excel.xlsx;data/raw/pks/bund/2015/tb91_OpferInsgesamtAlterGeschlechtSenioren_excel.xlsx;https://www.bka.de/SharedDocs/Downloads/DE/Publikationen/PolizeilicheKriminalstatistik/2015/BKATabellen/Opfer/tb91_OpferInsgesamtAlterGeschlechtSenioren_excel.xlsx?__blob=publicationFile&v=4;Bundeskriminalamt;2015;;2026-08-26;89756;440a3a77c35d209280dcbabd384fab6c1feedfe285867b600a336f6bd8ddd940;dl-de/by-2-0;xlsx;opfer bund
tb91_OpferInsgesamtAlterGeschlechtSenioren_csv.csv;data/raw/pks/bund/2015/tb91_OpferInsgesamtAlterGeschlechtSenioren_csv.csv;https://www.bka.de/SharedDocs/Downloads/DE/Publikationen/PolizeilicheKriminalstatistik/2015/BKATabellen/Opfer/tb91_OpferInsgesamtAlterGeschlechtSenioren_csv.csv?__blob=publicationFile&v=4;Bundeskriminalamt;2015;;2026-08-26;77074;34ba677b52d383fb496611c485198953a0c32e44da09a313343bdb9c3a0e3d46;dl-de/by-2-0;csv;opfer bund
tb01_FaelleGrundtabelleLaender_excel.xlsx;data/raw/pks/laender/2015/tb01_FaelleGrundtabelleLaender_excel.xlsx;https://www.bka.de/SharedDocs/Downloads/DE/Publikationen/PolizeilicheKriminalstatistik/2015/BKATabellen/FaelleLaenderKreiseStaedte/tb01_FaelleGrundtabelleLaender_excel.xlsx?__blob=publicationFile&v=2;Bundeskriminalamt;2015;;2026-08-26;1678864;abfae6215c66e2185b52687c354a1a6651c85df4b8683da078d52d878f061031;dl-de/by-2-0;xlsx;faelle laender
tb01_FaelleGrundtabelleLaender_csv.csv;data/raw/pks/laender/2015/tb01_FaelleGrundtabelleLaender_csv.csv;https://www.bka.de/SharedDocs/Downloads/DE/Publikationen/PolizeilicheKriminalstatistik/2015/BKATabellen/FaelleLaenderKreiseStaedte/tb01_FaelleGrundtabelleLaender_csv.csv?__blob=publicationFile&v=3;Bundeskriminalamt;2015;;2026-08-26;1975433;3f8d184d299137dc8f081144aef79ba33f161a4b6f6fcbf2b7f84f7db1103813;dl-de/by-2-0;csv;faelle laender
tb01_FaelleGrundtabelleLaenderFallentwicklung_excel.xlsx;data/raw/pks/laender/2015/tb01_FaelleGrundtabelleLaenderFallentwicklung_excel.xlsx;https://www.bka.de/SharedDocs/Downloads/DE/Publikationen/PolizeilicheKriminalstatistik/2015/BKATabellen/FaelleLaenderKreiseStaedte/tb01_FaelleGrundtabelleLaenderFallentwicklung_excel.xlsx?__blob=publicationFile&v=2;Bundeskriminalamt;2015;;2026-08-26;1470168;3966c7da28c9fdb6daefa5f19a9008a98af964e4e8352d031de2028020561488;dl-de/by-2-0;xlsx;faelle laender
tb01_FaelleGrundtabelleLaenderFallentwicklung_csv.csv;data/raw/pks/laender/2015/tb01_FaelleGrundtabelleLaenderFallentwicklung_csv.csv;https://www.bka.de/SharedDocs/Downloads/DE/Publikationen/PolizeilicheKriminalstatistik/2015/BKATabellen/FaelleLaenderKreiseStaedte/tb01_FaelleGrundtabelleLaenderFallentwicklung_csv.csv?__blob=publicationFile&v=3;Bundeskriminalamt;2015;;2026-08-26;2038418;46e8954bf04a17985f5d3955f393fff34c7d82ca8ff19fe4acac0d5e9554608e;dl-de/by-2-0;csv;faelle laender
tb01_FaelleGrundtabelleKreise_excel.xlsx;data/raw/pks/laender/2015/tb01_FaelleGrundtabelleKreise_excel.xlsx;https://www.bka.de/SharedDocs/Downloads/DE/Publikationen/PolizeilicheKriminalstatistik/2015/BKATabellen/FaelleLaenderKreiseStaedte/tb01_FaelleGrundtabelleKreise_excel.xlsx?__blob=publicationFile&v=2;Bundeskriminalamt;2015;;2026-08-26;2151458;4cad1173ceb0a9d0b687078d7451bd45cfea9dd729d60b8d7ad3ed98238b2f44;dl-de/by-2-0;xlsx;faelle laender
tb01_FaelleGrundtabelleKreise_csv.csv;data/raw/pks/laender/2015/tb01_FaelleGrundtabelleKreise_csv.csv;https://www.bka.de/SharedDocs/Downloads/DE/Publikationen/PolizeilicheKriminalstatistik/2015/BKATabellen/FaelleLaenderKreiseStaedte/tb01_FaelleGrundtabelleKreise_csv.csv?__blob=publicationFile&v=3;Bundeskriminalamt;2015;;2026-08-26;2081704;ccecb1b1c89c3abf29a1be88c67b7a192f9a1689172a69282c8de2c8cb558f1a;dl-de/by-2-0;csv;faelle laender
tb01_FaelleGrundtabelleKreiseFallentwicklung_excel.xlsx;data/raw/pks/laender/2015/tb01_FaelleGrundtabelleKreiseFallentwicklung_excel.xlsx;https://www.bka.de/SharedDocs/Downloads/DE/Publikationen/PolizeilicheKriminalstatistik/2015/BKATabellen/FaelleLaenderKreiseStaedte/tb01_FaelleGrundtabelleKreiseFallentwicklung_excel.xlsx?__blob=publicationFile&v=2;Bundeskriminalamt;2015;;2026-08-26;1675524;c705f7d58a87ad986f92e84e4754c32956ecf135deda2f0b5b59cf3310456e07;dl-de/by-2-0;xlsx;faelle laender
tb01_FaelleGrundtabelleKreiseFallentwicklung_csv.csv;data/raw/pks/laender/2015/tb01_FaelleGrundtabelleKreiseFallentwicklung_csv.csv;https://www.bka.de/SharedDocs/Downloads/DE/Publikationen/PolizeilicheKriminalstatistik/2015/BKATabellen/FaelleLaenderKreiseStaedte/tb01_FaelleGrundtabelleKreiseFallentwicklung_csv.csv?__blob=publicationFile&v=3;Bundeskriminalamt;2015;;2026-08-26;1983484;c92b30b98073e63ac98bb4e5e77af1bed298063aa5d4ec5610306d4206c89efc;dl-de/by-2-0;csv;faelle laender
tb01_FaelleGrundtabelleStaedte_excel.xlsx;data/raw/pks/laender/2015/tb01_FaelleGrundtabelleStaedte_excel.xlsx;https://www.bka.de/SharedDocs/Downloads/DE/Publikationen/PolizeilicheKriminalstatistik/2015/BKATabellen/FaelleLaenderKreiseStaedte/tb01_FaelleGrundtabelleStaedte_excel.xlsx?__blob=publicationFile&v=2;Bundeskriminalamt;2015;;2026-08-26;414125;52f2672e5503b7ad8d5ead8a9bbb1647b0b6d618be6359d43e926f42fc3ed4e2;dl-de/by-2-0;xlsx;faelle laender
tb01_FaelleGrundtabelleStaedte_csv.csv;data/raw/pks/laender/2015/tb01_FaelleGrundtabelleStaedte_csv.csv;https://www.bka.de/SharedDocs/Downloads/DE/Publikationen/PolizeilicheKriminalstatistik/2015/BKATabellen/FaelleLaenderKreiseStaedte/tb01_FaelleGrundtabelleStaedte_csv.csv?__blob=publicationFile&v=3;Bundeskriminalamt;2015;;2026-08-26;404861;e916feb6802dfc28b9eb3b9e851cb698dcefc30aa93d1edefcff3b09cead9a2f;dl-de/by-2-0;csv;faelle laender
tb01_FaelleGrundtabelleStaedteFallentwicklung_excel.xlsx;data/raw/pks/laender/2015/tb01_FaelleGrundtabelleStaedteFallentwicklung_excel.xlsx;https://www.bka.de/SharedDocs/Downloads/DE/Publikationen/PolizeilicheKriminalstatistik/2015/BKATabellen/FaelleLaenderKreiseStaedte/tb01_FaelleGrundtabelleStaedteFallentwicklung_excel.xlsx?__blob=publicationFile&v=2;Bundeskriminalamt;2015;;2026-08-26;326372;bc2b135675f49bd6aeb7c792daa99bee45efd926a6105df987c4ecef0aaeecb3;dl-de/by-2-0;xlsx;faelle laender
tb01_FaelleGrundtabelleStaedteFallentwicklung_csv.csv;data/raw/pks/laender/2015/tb01_FaelleGrundtabelleStaedteFallentwicklung_csv.csv;https://www.bka.de/SharedDocs/Downloads/DE/Publikationen/PolizeilicheKriminalstatistik/2015/BKATabellen/FaelleLaenderKreiseStaedte/tb01_FaelleGrundtabelleStaedteFallentwicklung_csv.csv?__blob=publicationFile&v=3;Bundeskriminalamt;2015;;2026-08-26;381456;aa39efb4ffbc5a295d09443de90145f2b32102b6d21c089a7472a2fe24d48a54;dl-de/by-2-0;csv;faelle laender
pks2009ImkKurzbericht.pdf;data/raw/pks/jahresberichte/2009/pks2009ImkKurzbericht.pdf;https://www.bka.de/SharedDocs/Downloads/DE/Publikationen/PolizeilicheKriminalstatistik/ImkBerichteBis2011/pks2009ImkKurzbericht.pdf?__blob=publicationFile&v=2;Bundeskriminalamt;2009;;2026-08-26;936720;5f5797dbd390afa7157ab7240c4c3814173d6ddd2c2ba6cae217077482aada58;dl-de/by-2-0;pdf;jahrbuch
pks2011.pdf;data/raw/pks/jahresberichte/2011/pks2011.pdf;https://www.bka.de/SharedDocs/Downloads/DE/Publikationen/PolizeilicheKriminalstatistik/pksJahrbuecherBis2011/pks2011.pdf?__blob=publicationFile&v=2;Bundeskriminalamt;2011;;2026-08-26;6420557;484452abbaf051f006cadb0400d07203849d6edb134f942761c129e226c8a76b;dl-de/by-2-0;pdf;jahrbuch
pks2011Kurzinformation.pdf;data/raw/pks/jahresberichte/2011/pks2011Kurzinformation.pdf;https://www.bka.de/SharedDocs/Downloads/DE/Publikationen/PolizeilicheKriminalstatistik/ImkBerichteBis2011/pks2011Kurzinformation.pdf?__blob=publicationFile&v=2;Bundeskriminalamt;2011;;2026-08-26;71727;3fc3b13028a17024849803ede5d5a3a0e55267897cfae20679ea0c81cf568611;dl-de/by-2-0;pdf;jahrbuch
pks2011ImkKurzbericht.pdf;data/raw/pks/jahresberichte/2011/pks2011ImkKurzbericht.pdf;https://www.bka.de/SharedDocs/Downloads/DE/Publikationen/PolizeilicheKriminalstatistik/ImkBerichteBis2011/pks2011ImkKurzbericht.pdf?__blob=publicationFile&v=2;Bundeskriminalamt;2011;;2026-08-26;5015947;6a09ad8934f3ccf91387c72bc8066e4bf39131c582dc666c150f97594899ea0e;dl-de/by-2-0;pdf;jahrbuch
pks2011Zusammenfassung.pdf;data/raw/pks/jahresberichte/2011/pks2011Zusammenfassung.pdf;https://www.bka.de/SharedDocs/Downloads/DE/Publikationen/PolizeilicheKriminalstatistik/ImkBerichteBis2011/pks2011Zusammenfassung.pdf?__blob=publicationFile&v=2;Bundeskriminalamt;2011;;2026-08-26;156217;5d1c841ad64f18eb232afe7c98de9fc5c5493d171651191813dc01e3e1fb16a0;dl-de/by-2-0;pdf;jahrbuch
pks2010_6steller.pdf;data/raw/pks/jahresberichte/2010/pks2010_6steller.pdf;https://www.bka.de/SharedDocs/Downloads/DE/Publikationen/PolizeilicheKriminalstatistik/pksJahrbuecherBis2011/pks2010_6steller.pdf?__blob=publicationFile&v=2;Bundeskriminalamt;2010;;2026-08-26;1696539;d88552cbdf4a959e5bc310e4e96ee67fc45c3dd6604abdb2d702dcc57e51d448;dl-de/by-2-0;pdf;jahrbuch
pks2010.pdf;data/raw/pks/jahresberichte/2010/pks2010.pdf;https://www.bka.de/SharedDocs/Downloads/DE/Publikationen/PolizeilicheKriminalstatistik/pksJahrbuecherBis2011/pks2010.pdf?__blob=publicationFile&v=2;Bundeskriminalamt;2010;;2026-08-26;3858467;9942d8c595f9bf12c254df283e3d6cca23603b41dafbb7fa18abbae57883518a;dl-de/by-2-0;pdf;jahrbuch
pks2010ImkKurzbericht.pdf;data/raw/pks/jahresberichte/2010/pks2010ImkKurzbericht.pdf;https://www.bka.de/SharedDocs/Downloads/DE/Publikationen/PolizeilicheKriminalstatistik/ImkBerichteBis2011/pks2010ImkKurzbericht.pdf?__blob=publicationFile&v=2;Bundeskriminalamt;2010;;2026-08-26;2631770;6ff6f76abe2be87d1750f12af53ff2c68e3c05549dd49c5598d117f2a49d4fb5;dl-de/by-2-0;pdf;jahrbuch
pks2009.pdf;data/raw/pks/jahresberichte/2009/pks2009.pdf;https://www.bka.de/SharedDocs/Downloads/DE/Publikationen/PolizeilicheKriminalstatistik/pksJahrbuecherBis2011/pks2009.pdf?__blob=publicationFile&v=2;Bundeskriminalamt;2009;;2026-08-26;14607555;a86da82c519880595f738f3a0e37b07d3194d59a3d70ff26e12be54916683265;dl-de/by-2-0;pdf;jahrbuch
pks2009_6steller.pdf;data/raw/pks/jahresberichte/2009/pks2009_6steller.pdf;https://www.bka.de/SharedDocs/Downloads/DE/Publikationen/PolizeilicheKriminalstatistik/pksJahrbuecherBis2011/pks2009_6steller.pdf?__blob=publicationFile&v=2;Bundeskriminalamt;2009;;2026-08-26;1914037;f2fcf557d3223cdf567b6facf28a68ce795faab28583a08e449545429adc90e6;dl-de/by-2-0;pdf;jahrbuch
pks2008.pdf;data/raw/pks/jahresberichte/2008/pks2008.pdf;https://www.bka.de/SharedDocs/Downloads/DE/Publikationen/PolizeilicheKriminalstatistik/pksJahrbuecherBis2011/pks2008.pdf?__blob=publicationFile&v=2;Bundeskriminalamt;2008;;2026-08-26;16795672;278659038365a32503f1003341bf2f83508da9ea48bc2263cc0712f8d060757b;dl-de/by-2-0;pdf;jahrbuch
pks2008ImkKurzbericht.pdf;data/raw/pks/jahresberichte/2008/pks2008ImkKurzbericht.pdf;https://www.bka.de/SharedDocs/Downloads/DE/Publikationen/PolizeilicheKriminalstatistik/ImkBerichteBis2011/pks2008ImkKurzbericht.pdf?__blob=publicationFile&v=2;Bundeskriminalamt;2008;;2026-08-26;2486347;db08a5727fe24cced487fbee149d3f4463ba8f073d72a28734d8ea01dbb35856;dl-de/by-2-0;pdf;jahrbuch
pks2007.pdf;data/raw/pks/jahresberichte/2007/pks2007.pdf;https://www.bka.de/SharedDocs/Downloads/DE/Publikationen/PolizeilicheKriminalstatistik/pksJahrbuecherBis2011/pks2007.pdf?__blob=publicationFile&v=2;Bundeskriminalamt;2007;;2026-08-26;16267460;018ef0b9ab3c558e056c1ce2e839259456044fa469d232b4cff9e6fd25a64caa;dl-de/by-2-0;pdf;jahrbuch
pks2007ImkKurzbericht.pdf;data/raw/pks/jahresberichte/2007/pks2007ImkKurzbericht.pdf;https://www.bka.de/SharedDocs/Downloads/DE/Publikationen/PolizeilicheKriminalstatistik/ImkBerichteBis2011/pks2007ImkKurzbericht.pdf?__blob=publicationFile&v=2;Bundeskriminalamt;2007;;2026-08-26;1026168;5c19cba3db69e960e25c4e2cf36465147bcded3495087ea24d785f58f80715f2;dl-de/by-2-0;pdf;jahrbuch
pks2006ImkKurzbericht.pdf;data/raw/pks/jahresberichte/2006/pks2006ImkKurzbericht.pdf;https://www.bka.de/SharedDocs/Downloads/DE/Publikationen/PolizeilicheKriminalstatistik/ImkBerichteBis2011/pks2006ImkKurzbericht.pdf?__blob=publicationFile&v=2;Bundeskriminalamt;2006;;2026-08-26;681998;9f23afaaebebd93d53a64a800e260f03ca08be13b5ee339889dcf448e3a28834;dl-de/by-2-0;pdf;jahrbuch
pks2006.pdf;data/raw/pks/jahresberichte/2006/pks2006.pdf;https://www.bka.de/SharedDocs/Downloads/DE/Publikationen/PolizeilicheKriminalstatistik/pksJahrbuecherBis2011/pks2006.pdf?__blob=publicationFile&v=2;Bundeskriminalamt;2006;;2026-08-26;10485141;a922c6872541ea55aeb3f5500c205bda5886eaae90bd9315e4845273612f84bf;dl-de/by-2-0;pdf;jahrbuch
pks2005ImkKurzbericht.pdf;data/raw/pks/jahresberichte/2005/pks2005ImkKurzbericht.pdf;https://www.bka.de/SharedDocs/Downloads/DE/Publikationen/PolizeilicheKriminalstatistik/ImkBerichteBis2011/pks2005ImkKurzbericht.pdf?__blob=publicationFile&v=2;Bundeskriminalamt;2005;;2026-08-26;380188;6b366635a889d9d74ce65adc3402fabc561aef2b129d2583b282415ee5b46304;dl-de/by-2-0;pdf;jahrbuch
pks2005.pdf;data/raw/pks/jahresberichte/2005/pks2005.pdf;https://www.bka.de/SharedDocs/Downloads/DE/Publikationen/PolizeilicheKriminalstatistik/pksJahrbuecherBis2011/pks2005.pdf?__blob=publicationFile&v=2;Bundeskriminalamt;2005;;2026-08-26;10474863;745bdccb8da5eed6f8b304b59f5e17a8cf686ba4bd2e1ba566b4c1f15383b334;dl-de/by-2-0;pdf;jahrbuch
pks2004ImkKurzbericht.pdf;data/raw/pks/jahresberichte/2004/pks2004ImkKurzbericht.pdf;https://www.bka.de/SharedDocs/Downloads/DE/Publikationen/PolizeilicheKriminalstatistik/ImkBerichteBis2011/pks2004ImkKurzbericht.pdf?__blob=publicationFile&v=2;Bundeskriminalamt;2004;;2026-08-26;3193033;e23687262daa57d5510baa6682e17885c1774712a0f923e25fc9a5f7810fd082;dl-de/by-2-0;pdf;jahrbuch
pks2004.pdf;data/raw/pks/jahresberichte/2004/pks2004.pdf;https://www.bka.de/SharedDocs/Downloads/DE/Publikationen/PolizeilicheKriminalstatistik/pksJahrbuecherBis2011/pks2004.pdf?__blob=publicationFile&v=2;Bundeskriminalamt;2004;;2026-08-26;8812217;3a30aa1f06aed5146df55c49761091b393c17ea39bca1984d96a36f67b3c08b2;dl-de/by-2-0;pdf;jahrbuch
pks2003.pdf;data/raw/pks/jahresberichte/2003/pks2003.pdf;https://www.bka.de/SharedDocs/Downloads/DE/Publikationen/PolizeilicheKriminalstatistik/pksJahrbuecherBis2011/pks2003.pdf?__blob=publicationFile&v=2;Bundeskriminalamt;2003;;2026-08-26;6239938;e5015b0ba1234bfd071de0d5a3e373979ce156ff0698e5247c40c684ce7f32e3;dl-de/by-2-0;pdf;jahrbuch
pks2002.pdf;data/raw/pks/jahresberichte/2002/pks2002.pdf;https://www.bka.de/SharedDocs/Downloads/DE/Publikationen/PolizeilicheKriminalstatistik/pksJahrbuecherBis2011/pks2002.pdf?__blob=publicationFile&v=2;Bundeskriminalamt;2002;;2026-08-26;3949602;295ac253972b27c3880b93be172241669196c9c20e26ebe7c5e6cd94b394173d;dl-de/by-2-0;pdf;jahrbuch
T01-ZR-Bund-Fälle_xls.xlsx;data/raw/pks/bund/2025/T01-ZR-Bund-Fälle_xls.xlsx;https://www.bka.de/SharedDocs/Downloads/DE/Publikationen/PolizeilicheKriminalstatistik/2025/Interpretation/Faelle/T01-ZR-Bund-F%C3%A4lle_xls.xlsx?__blob=publicationFile&v=3;Bundeskriminalamt;2025;;2026-08-26;1358571;d7bfb62909f606c5102a4b9c08bff0513fedbf7f352714cae434e351647b5aa0;dl-de/by-2-0;xlsx;faelle
ZR-O-01-T91-Straftaten-insg_xls.xlsx;data/raw/pks/bund/2025/ZR-O-01-T91-Straftaten-insg_xls.xlsx;https://www.bka.de/SharedDocs/Downloads/DE/Publikationen/PolizeilicheKriminalstatistik/2025/Interpretation/Opfer/ZR-O-01-T91-Straftaten-insg_xls.xlsx?__blob=publicationFile&v=2;Bundeskriminalamt;2025;;2026-08-26;323425;2181665794488397e8ff2a464dff1fbae258d0317ae18e63a770711d690e9304;dl-de/by-2-0;xlsx;opfer
ZR-O-02-T91-Straftaten-Versuche_xls.xlsx;data/raw/pks/bund/2025/ZR-O-02-T91-Straftaten-Versuche_xls.xlsx;https://www.bka.de/SharedDocs/Downloads/DE/Publikationen/PolizeilicheKriminalstatistik/2025/Interpretation/Opfer/ZR-O-02-T91-Straftaten-Versuche_xls.xlsx?__blob=publicationFile&v=2;Bundeskriminalamt;2025;;2026-08-26;294452;2f34494d516763016c427c364ff3e5d04b76e0804afcdc3d7a06def33b8fa95b;dl-de/by-2-0;xlsx;opfer
ZR-O-03-T91-Straftaten-vollendet_xls.xlsx;data/raw/pks/bund/2025/ZR-O-03-T91-Straftaten-vollendet_xls.xlsx;https://www.bka.de/SharedDocs/Downloads/DE/Publikationen/PolizeilicheKriminalstatistik/2025/Interpretation/Opfer/ZR-O-03-T91-Straftaten-vollendet_xls.xlsx?__blob=publicationFile&v=3;Bundeskriminalamt;2025;;2026-08-26;326284;f696341513a19e12ed494caba757c5edd19dc13e2c33f18b39ecc94c2f0aab56;dl-de/by-2-0;xlsx;opfer
ZR-O-04-T92-O-TV-Bez-Straftaten-insg_xls.xlsx;data/raw/pks/bund/2025/ZR-O-04-T92-O-TV-Bez-Straftaten-insg_xls.xlsx;https://www.bka.de/SharedDocs/Downloads/DE/Publikationen/PolizeilicheKriminalstatistik/2025/Interpretation/Opfer/ZR-O-04-T92-O-TV-Bez-Straftaten-insg_xls.xlsx?__blob=publicationFile&v=3;Bundeskriminalamt;2025;;2026-08-26;378636;b993ae828d7e23080641efa6c0695626ad709484a537cc3a37603545159fc4d9;dl-de/by-2-0;xlsx;opfer
ZR-O-05-T92-O-TV-Bez-Straftaten-Versuche_xls.xlsx;data/raw/pks/bund/2025/ZR-O-05-T92-O-TV-Bez-Straftaten-Versuche_xls.xlsx;https://www.bka.de/SharedDocs/Downloads/DE/Publikationen/PolizeilicheKriminalstatistik/2025/Interpretation/Opfer/ZR-O-05-T92-O-TV-Bez-Straftaten-Versuche_xls.xlsx?__blob=publicationFile&v=2;Bundeskriminalamt;2025;;2026-08-26;348467;a9fca0b611814e06b68bc65e2cd3b3848d5ba378fdc230f461721c4785716f42;dl-de/by-2-0;xlsx;opfer
ZR-O-06-T92-O-TV-Bez-Straftaten-vollendet_xls.xlsx;data/raw/pks/bund/2025/ZR-O-06-T92-O-TV-Bez-Straftaten-vollendet_xls.xlsx;https://www.bka.de/SharedDocs/Downloads/DE/Publikationen/PolizeilicheKriminalstatistik/2025/Interpretation/Opfer/ZR-O-06-T92-O-TV-Bez-Straftaten-vollendet_xls.xlsx?__blob=publicationFile&v=2;Bundeskriminalamt;2025;;2026-08-26;370047;8092822529a1106c5af3aad6d50108e938536b25ee009de8fa8e776a571d4750;dl-de/by-2-0;xlsx;opfer
Hinweise-zu-den-Zeitreihen.pdf;data/raw/pks/zeitreihen/2025/Hinweise-zu-den-Zeitreihen.pdf;https://www.bka.de/SharedDocs/Downloads/DE/Publikationen/PolizeilicheKriminalstatistik/2025/Interpretation/01_div_Dok/Hinweise-zu-den-Zeitreihen.pdf?__blob=publicationFile&v=3;Bundeskriminalamt;2025;;2026-08-26;721543;584db988496762d99433304aaf1b521aceeb67137bb949cad5af27e1d2a3d0be;dl-de/by-2-0;pdf;zeitreihen
T01-ZR-Bund-Fälle_xls.xlsx;data/raw/pks/bund/2024/T01-ZR-Bund-Fälle_xls.xlsx;https://www.bka.de/SharedDocs/Downloads/DE/Publikationen/PolizeilicheKriminalstatistik/2024/Interpretation/Faelle/T01-ZR-Bund-F%C3%A4lle_xls.xlsx?__blob=publicationFile&v=6;Bundeskriminalamt;2024;;2026-08-26;1441779;3c62ae203aae80164f7a5fd8fe6102805c92187c5582d75a1f3e24b778359a08;dl-de/by-2-0;xlsx;faelle
ZR-O-01-T91-Straftaten-insg_xls.xlsx;data/raw/pks/bund/2024/ZR-O-01-T91-Straftaten-insg_xls.xlsx;https://www.bka.de/SharedDocs/Downloads/DE/Publikationen/PolizeilicheKriminalstatistik/2024/Interpretation/Opfer/ZR-O-01-T91-Straftaten-insg_xls.xlsx?__blob=publicationFile&v=3;Bundeskriminalamt;2024;;2026-08-26;311832;4e11a7076c4a269d59361971eeb1b7ce9379900699a9896317a495310564fc5e;dl-de/by-2-0;xlsx;opfer
ZR-O-02-T91-Straftaten-Versuche_xls.xlsx;data/raw/pks/bund/2024/ZR-O-02-T91-Straftaten-Versuche_xls.xlsx;https://www.bka.de/SharedDocs/Downloads/DE/Publikationen/PolizeilicheKriminalstatistik/2024/Interpretation/Opfer/ZR-O-02-T91-Straftaten-Versuche_xls.xlsx?__blob=publicationFile&v=2;Bundeskriminalamt;2024;;2026-08-26;283231;6c289eb242c4adf135d262654fdf27d225f467efa6d7757adf563d12a1ee8e5c;dl-de/by-2-0;xlsx;opfer
ZR-O-03-T91-Straftaten-vollendet_xls.xlsx;data/raw/pks/bund/2024/ZR-O-03-T91-Straftaten-vollendet_xls.xlsx;https://www.bka.de/SharedDocs/Downloads/DE/Publikationen/PolizeilicheKriminalstatistik/2024/Interpretation/Opfer/ZR-O-03-T91-Straftaten-vollendet_xls.xlsx?__blob=publicationFile&v=2;Bundeskriminalamt;2024;;2026-08-26;317452;f3254c1a79664e2fd3ca9e33b2e42d7152811e53829b73befbcc1b348f0017ce;dl-de/by-2-0;xlsx;opfer
ZR-O-04-T92-O-TV-Bez-Straftaten-insg_xls.xlsx;data/raw/pks/bund/2024/ZR-O-04-T92-O-TV-Bez-Straftaten-insg_xls.xlsx;https://www.bka.de/SharedDocs/Downloads/DE/Publikationen/PolizeilicheKriminalstatistik/2024/Interpretation/Opfer/ZR-O-04-T92-O-TV-Bez-Straftaten-insg_xls.xlsx?__blob=publicationFile&v=2;Bundeskriminalamt;2024;;2026-08-26;364870;4d2e2a69ed3fa91d17970c02c06bf101e7114f9c33b74542cdef2b2d826fb059;dl-de/by-2-0;xlsx;opfer
ZR-O-05-T92-O-TV-Bez-Straftaten-Versuche_xls.xlsx;data/raw/pks/bund/2024/ZR-O-05-T92-O-TV-Bez-Straftaten-Versuche_xls.xlsx;https://www.bka.de/SharedDocs/Downloads/DE/Publikationen/PolizeilicheKriminalstatistik/2024/Interpretation/Opfer/ZR-O-05-T92-O-TV-Bez-Straftaten-Versuche_xls.xlsx?__blob=publicationFile&v=2;Bundeskriminalamt;2024;;2026-08-26;336854;9e064eb417fa15b0cc02a36e94d1de1c2f81ad1b15ab535b7d160a862c6b99ba;dl-de/by-2-0;xlsx;opfer
ZR-O-06-T92-O-TV-Bez-Straftaten-vollendet_xls.xlsx;data/raw/pks/bund/2024/ZR-O-06-T92-O-TV-Bez-Straftaten-vollendet_xls.xlsx;https://www.bka.de/SharedDocs/Downloads/DE/Publikationen/PolizeilicheKriminalstatistik/2024/Interpretation/Opfer/ZR-O-06-T92-O-TV-Bez-Straftaten-vollendet_xls.xlsx?__blob=publicationFile&v=2;Bundeskriminalamt;2024;;2026-08-26;355926;d27673faea7aff800fd87be5cbdd1bf03d9cfce8f00e3ab94f427cf7ffea2c02;dl-de/by-2-0;xlsx;opfer
ZR-F-01-T01-Faelle_xls.xlsx;data/raw/pks/bund/2023/ZR-F-01-T01-Faelle_xls.xlsx;https://www.bka.de/SharedDocs/Downloads/DE/Publikationen/PolizeilicheKriminalstatistik/2023/Interpretation/Faelle/ZR-F-01-T01-Faelle_xls.xlsx?__blob=publicationFile&v=3;Bundeskriminalamt;2023;;2026-08-26;1263777;d570dfd21ad01f63f64c08214df5ca0ac9b9cb7ef11fc0bfd488f5f7b6785a89;dl-de/by-2-0;xlsx;faelle
ZR-F-01-T01-Faelle_csv.csv;data/raw/pks/bund/2023/ZR-F-01-T01-Faelle_csv.csv;https://www.bka.de/SharedDocs/Downloads/DE/Publikationen/PolizeilicheKriminalstatistik/2023/Interpretation/Faelle/ZR-F-01-T01-Faelle_csv.csv?__blob=publicationFile&v=3;Bundeskriminalamt;2023;;2026-08-26;1576594;ccd5796152adf98fb88bfb385136cc12f837f16888762fc448b7d1b96fdb0fb7;dl-de/by-2-0;csv;faelle
ZR-O-01-T91-Straftaten-insg_xls.xlsx;data/raw/pks/bund/2023/ZR-O-01-T91-Straftaten-insg_xls.xlsx;https://www.bka.de/SharedDocs/Downloads/DE/Publikationen/PolizeilicheKriminalstatistik/2023/Interpretation/Opfer/ZR-O-01-T91-Straftaten-insg_xls.xlsx?__blob=publicationFile&v=4;Bundeskriminalamt;2023;;2026-08-26;302405;7be3c71be39941828519749412f8034bd980d7f5c066451025984d3633f51e3f;dl-de/by-2-0;xlsx;opfer
ZR-O-01-T91-Straftaten-insg_csv.csv;data/raw/pks/bund/2023/ZR-O-01-T91-Straftaten-insg_csv.csv;https://www.bka.de/SharedDocs/Downloads/DE/Publikationen/PolizeilicheKriminalstatistik/2023/Interpretation/Opfer/ZR-O-01-T91-Straftaten-insg_csv.csv?__blob=publicationFile&v=3;Bundeskriminalamt;2023;;2026-08-26;327946;a5565030bc135e7dffa03a3b8a2bf78403ca752f7b70dfb99f4eb840d0c23071;dl-de/by-2-0;csv;opfer
ZR-O-02-T91-Straftaten-Versuche_xls.xlsx;data/raw/pks/bund/2023/ZR-O-02-T91-Straftaten-Versuche_xls.xlsx;https://www.bka.de/SharedDocs/Downloads/DE/Publikationen/PolizeilicheKriminalstatistik/2023/Interpretation/Opfer/ZR-O-02-T91-Straftaten-Versuche_xls.xlsx?__blob=publicationFile&v=4;Bundeskriminalamt;2023;;2026-08-26;275176;d503af8d8596654a6e41c370e0562e6007219d21f2bf331bc1c0f32f60d0659b;dl-de/by-2-0;xlsx;opfer
ZR-O-02-T91-Straftaten-Versuche_csv.csv;data/raw/pks/bund/2023/ZR-O-02-T91-Straftaten-Versuche_csv.csv;https://www.bka.de/SharedDocs/Downloads/DE/Publikationen/PolizeilicheKriminalstatistik/2023/Interpretation/Opfer/ZR-O-02-T91-Straftaten-Versuche_csv.csv?__blob=publicationFile&v=3;Bundeskriminalamt;2023;;2026-08-26;292741;bfc0549029e0f6333c662e8c1574dc51bc87de0d7cd8c1afd877db294dfdafb1;dl-de/by-2-0;csv;opfer
ZR-O-03-T91-Straftaten-vollendet_xls.xlsx;data/raw/pks/bund/2023/ZR-O-03-T91-Straftaten-vollendet_xls.xlsx;https://www.bka.de/SharedDocs/Downloads/DE/Publikationen/PolizeilicheKriminalstatistik/2023/Interpretation/Opfer/ZR-O-03-T91-Straftaten-vollendet_xls.xlsx?__blob=publicationFile&v=4;Bundeskriminalamt;2023;;2026-08-26;306151;e8ef723cb2cc56dce348a85c77f78fb01152a6046126db3edfe6faf887d8d598;dl-de/by-2-0;xlsx;opfer
ZR-O-03-T91-Straftaten-vollendet_csv.csv;data/raw/pks/bund/2023/ZR-O-03-T91-Straftaten-vollendet_csv.csv;https://www.bka.de/SharedDocs/Downloads/DE/Publikationen/PolizeilicheKriminalstatistik/2023/Interpretation/Opfer/ZR-O-03-T91-Straftaten-vollendet_csv.csv?__blob=publicationFile&v=3;Bundeskriminalamt;2023;;2026-08-26;325001;05aa3fbee1c0c5ef8e83f9638567b6ede74548a2c47115ba9fc88f79d646472d;dl-de/by-2-0;csv;opfer
ZR-O-04-T92-O-TV-Bez-Straftaten-insg_xls.xlsx;data/raw/pks/bund/2023/ZR-O-04-T92-O-TV-Bez-Straftaten-insg_xls.xlsx;https://www.bka.de/SharedDocs/Downloads/DE/Publikationen/PolizeilicheKriminalstatistik/2023/Interpretation/Opfer/ZR-O-04-T92-O-TV-Bez-Straftaten-insg_xls.xlsx?__blob=publicationFile&v=4;Bundeskriminalamt;2023;;2026-08-26;350916;341c1a2d9f09475a4102767fb0905e8e04cc996f83e1e326f5be2aef67d616e7;dl-de/by-2-0;xlsx;opfer
ZR-O-04-T92-O-TV-Bez-Straftaten-insg_csv.csv;data/raw/pks/bund/2023/ZR-O-04-T92-O-TV-Bez-Straftaten-insg_csv.csv;https://www.bka.de/SharedDocs/Downloads/DE/Publikationen/PolizeilicheKriminalstatistik/2023/Interpretation/Opfer/ZR-O-04-T92-O-TV-Bez-Straftaten-insg_csv.csv?__blob=publicationFile&v=4;Bundeskriminalamt;2023;;2026-08-26;336483;75b77a7c7c8777645c447df0a499988e72a2e3c10936b0e75b060be60399fe91;dl-de/by-2-0;csv;opfer
ZR-O-05-T92-O-TV-Bez-Straftaten-Versuche_xls.xlsx;data/raw/pks/bund/2023/ZR-O-05-T92-O-TV-Bez-Straftaten-Versuche_xls.xlsx;https://www.bka.de/SharedDocs/Downloads/DE/Publikationen/PolizeilicheKriminalstatistik/2023/Interpretation/Opfer/ZR-O-05-T92-O-TV-Bez-Straftaten-Versuche_xls.xlsx?__blob=publicationFile&v=4;Bundeskriminalamt;2023;;2026-08-26;328844;29bf3996fc2327a5de371100257948c73b239877a3d98834fe3757351480321c;dl-de/by-2-0;xlsx;opfer
ZR-O-05-T92-O-TV-Bez-Straftaten-Versuche_csv.csv;data/raw/pks/bund/2023/ZR-O-05-T92-O-TV-Bez-Straftaten-Versuche_csv.csv;https://www.bka.de/SharedDocs/Downloads/DE/Publikationen/PolizeilicheKriminalstatistik/2023/Interpretation/Opfer/ZR-O-05-T92-O-TV-Bez-Straftaten-Versuche_csv.csv?__blob=publicationFile&v=4;Bundeskriminalamt;2023;;2026-08-26;325669;9424236ae799f81c877c7462235481a7527feb9f31b55c26410fc7fda931a706;dl-de/by-2-0;csv;opfer
ZR-O-06-T92-O-TV-Bez-Straftaten-vollendet_xls.xlsx;data/raw/pks/bund/2023/ZR-O-06-T92-O-TV-Bez-Straftaten-vollendet_xls.xlsx;https://www.bka.de/SharedDocs/Downloads/DE/Publikationen/PolizeilicheKriminalstatistik/2023/Interpretation/Opfer/ZR-O-06-T92-O-TV-Bez-Straftaten-vollendet_xls.xlsx?__blob=publicationFile&v=4;Bundeskriminalamt;2023;;2026-08-26;341316;b294a99be921ee25f3312dea0163b7f0f29ae5bbaee0c79c47b8393549fa928c;dl-de/by-2-0;xlsx;opfer
ZR-O-06-T92-O-TV-Bez-Straftaten-vollendet_csv.csv;data/raw/pks/bund/2023/ZR-O-06-T92-O-TV-Bez-Straftaten-vollendet_csv.csv;https://www.bka.de/SharedDocs/Downloads/DE/Publikationen/PolizeilicheKriminalstatistik/2023/Interpretation/Opfer/ZR-O-06-T92-O-TV-Bez-Straftaten-vollendet_csv.csv?__blob=publicationFile&v=4;Bundeskriminalamt;2023;;2026-08-26;333906;c0c0640eedcb5b56b1fa96a25eb451216747c0c42315efa357a3dc67e0943923;dl-de/by-2-0;csv;opfer
ZR-F-01-T01-Faelle_xls.xlsx;data/raw/pks/bund/2022/ZR-F-01-T01-Faelle_xls.xlsx;https://www.bka.de/SharedDocs/Downloads/DE/Publikationen/PolizeilicheKriminalstatistik/2022/Interpretation/Faelle/ZR-F-01-T01-Faelle_xls.xlsx?__blob=publicationFile&v=3;Bundeskriminalamt;2022;;2026-08-26;1212805;d6cbedef3b68b3c1b3feca88945f42a43ca9798f86da4db6e8569c0a0c61a3bb;dl-de/by-2-0;xlsx;faelle
ZR-F-01-T01-Faelle_csv.csv;data/raw/pks/bund/2022/ZR-F-01-T01-Faelle_csv.csv;https://www.bka.de/SharedDocs/Downloads/DE/Publikationen/PolizeilicheKriminalstatistik/2022/Interpretation/Faelle/ZR-F-01-T01-Faelle_csv.csv?__blob=publicationFile&v=3;Bundeskriminalamt;2022;;2026-08-26;1634538;51211d9194400a440d3eda09fddfa851cc629bea7e13f2050f95e8778f96cf9e;dl-de/by-2-0;csv;faelle
ZR-O-01-T91-Straftaten-insg_xls.xlsx;data/raw/pks/bund/2022/ZR-O-01-T91-Straftaten-insg_xls.xlsx;https://www.bka.de/SharedDocs/Downloads/DE/Publikationen/PolizeilicheKriminalstatistik/2022/Interpretation/Opfer/ZR-O-01-T91-Straftaten-insg_xls.xlsx?__blob=publicationFile&v=3;Bundeskriminalamt;2022;;2026-08-26;290703;21d44de2cedeab9e1fe8662c762e5491facee0aa4ce6555f31ab1016b54443d5;dl-de/by-2-0;xlsx;opfer
ZR-O-01-T91-Straftaten-insg_csv.csv;data/raw/pks/bund/2022/ZR-O-01-T91-Straftaten-insg_csv.csv;https://www.bka.de/SharedDocs/Downloads/DE/Publikationen/PolizeilicheKriminalstatistik/2022/Interpretation/Opfer/ZR-O-01-T91-Straftaten-insg_csv.csv?__blob=publicationFile&v=3;Bundeskriminalamt;2022;;2026-08-26;313198;858471744ea865122c8f0a5fb1002418ecb2301cf684184828b860fc3b2d5f94;dl-de/by-2-0;csv;opfer
ZR-O-02-T91-Straftaten-Versuche_xls.xlsx;data/raw/pks/bund/2022/ZR-O-02-T91-Straftaten-Versuche_xls.xlsx;https://www.bka.de/SharedDocs/Downloads/DE/Publikationen/PolizeilicheKriminalstatistik/2022/Interpretation/Opfer/ZR-O-02-T91-Straftaten-Versuche_xls.xlsx?__blob=publicationFile&v=3;Bundeskriminalamt;2022;;2026-08-26;261636;d3e01b9aa97ed67df8c634f33e0c5136098f1123d9422cd1e92d5ec64fec852c;dl-de/by-2-0;xlsx;opfer
ZR-O-02-T91-Straftaten-Versuche_csv.csv;data/raw/pks/bund/2022/ZR-O-02-T91-Straftaten-Versuche_csv.csv;https://www.bka.de/SharedDocs/Downloads/DE/Publikationen/PolizeilicheKriminalstatistik/2022/Interpretation/Opfer/ZR-O-02-T91-Straftaten-Versuche_csv.csv?__blob=publicationFile&v=3;Bundeskriminalamt;2022;;2026-08-26;276592;9142a4bcfa2929864fbc842b14bfe21139fb4854920b1b7bccabbe3ee37ce29d;dl-de/by-2-0;csv;opfer
ZR-O-03-T91-Straftaten-vollendet_xls.xlsx;data/raw/pks/bund/2022/ZR-O-03-T91-Straftaten-vollendet_xls.xlsx;https://www.bka.de/SharedDocs/Downloads/DE/Publikationen/PolizeilicheKriminalstatistik/2022/Interpretation/Opfer/ZR-O-03-T91-Straftaten-vollendet_xls.xlsx?__blob=publicationFile&v=3;Bundeskriminalamt;2022;;2026-08-26;292495;64586946bfb5ac56f75363ec8d57d0cefbce0339d4efede4bee89e554323a713;dl-de/by-2-0;xlsx;opfer
ZR-O-03-T91-Straftaten-vollendet_csv.csv;data/raw/pks/bund/2022/ZR-O-03-T91-Straftaten-vollendet_csv.csv;https://www.bka.de/SharedDocs/Downloads/DE/Publikationen/PolizeilicheKriminalstatistik/2022/Interpretation/Opfer/ZR-O-03-T91-Straftaten-vollendet_csv.csv?__blob=publicationFile&v=3;Bundeskriminalamt;2022;;2026-08-26;310388;686c1600e4240af48b0601f9988683d919d6e4bfb09f71c6d5ba7dddb31a5224;dl-de/by-2-0;csv;opfer
ZR-O-04-T92-O-TV-Bez-Straftaten-insg_xls.xlsx;data/raw/pks/bund/2022/ZR-O-04-T92-O-TV-Bez-Straftaten-insg_xls.xlsx;https://www.bka.de/SharedDocs/Downloads/DE/Publikationen/PolizeilicheKriminalstatistik/2022/Interpretation/Opfer/ZR-O-04-T92-O-TV-Bez-Straftaten-insg_xls.xlsx?__blob=publicationFile&v=3;Bundeskriminalamt;2022;;2026-08-26;337232;e09bc2828dd657252ec48e54139ef466c07ddb141e9a1b9698d1f42c95990d1d;dl-de/by-2-0;xlsx;opfer
ZR-O-04-T92-O-TV-Bez-Straftaten-insg_csv.csv;data/raw/pks/bund/2022/ZR-O-04-T92-O-TV-Bez-Straftaten-insg_csv.csv;https://www.bka.de/SharedDocs/Downloads/DE/Publikationen/PolizeilicheKriminalstatistik/2022/Interpretation/Opfer/ZR-O-04-T92-O-TV-Bez-Straftaten-insg_csv.csv?__blob=publicationFile&v=3;Bundeskriminalamt;2022;;2026-08-26;321981;c029223c742d18294c0d59d615fc071ba98d3c05f1399578dd6ce75f9b7f2c96;dl-de/by-2-0;csv;opfer
ZR-O-05-T92-O-TV-Bez-Straftaten-Versuche_xls.xlsx;data/raw/pks/bund/2022/ZR-O-05-T92-O-TV-Bez-Straftaten-Versuche_xls.xlsx;https://www.bka.de/SharedDocs/Downloads/DE/Publikationen/PolizeilicheKriminalstatistik/2022/Interpretation/Opfer/ZR-O-05-T92-O-TV-Bez-Straftaten-Versuche_xls.xlsx?__blob=publicationFile&v=3;Bundeskriminalamt;2022;;2026-08-26;320232;9d40f97ce1d68348e32d4677d0b17f9fd30f027bf2e948d5d15ef9ea585d5b5b;dl-de/by-2-0;xlsx;opfer
ZR-O-05-T92-O-TV-Bez-Straftaten-Versuche_csv.csv;data/raw/pks/bund/2022/ZR-O-05-T92-O-TV-Bez-Straftaten-Versuche_csv.csv;https://www.bka.de/SharedDocs/Downloads/DE/Publikationen/PolizeilicheKriminalstatistik/2022/Interpretation/Opfer/ZR-O-05-T92-O-TV-Bez-Straftaten-Versuche_csv.csv?__blob=publicationFile&v=3;Bundeskriminalamt;2022;;2026-08-26;312877;4389df10c78ce0f93f7e7e0fad7e6efd9b40d5fc1bb8d9e1a9270bd2083cfa19;dl-de/by-2-0;csv;opfer
ZR-O-06-T92-O-TV-Bez-Straftaten-vollendet_xls.xlsx;data/raw/pks/bund/2022/ZR-O-06-T92-O-TV-Bez-Straftaten-vollendet_xls.xlsx;https://www.bka.de/SharedDocs/Downloads/DE/Publikationen/PolizeilicheKriminalstatistik/2022/Interpretation/Opfer/ZR-O-06-T92-O-TV-Bez-Straftaten-vollendet_xls.xlsx?__blob=publicationFile&v=3;Bundeskriminalamt;2022;;2026-08-26;330459;9cef701652d589e187a199984b186994a6421a33a2954efdd00c8e3ab1f7d4c4;dl-de/by-2-0;xlsx;opfer
ZR-O-06-T92-O-TV-Bez-Straftaten-vollendet_csv.csv;data/raw/pks/bund/2022/ZR-O-06-T92-O-TV-Bez-Straftaten-vollendet_csv.csv;https://www.bka.de/SharedDocs/Downloads/DE/Publikationen/PolizeilicheKriminalstatistik/2022/Interpretation/Opfer/ZR-O-06-T92-O-TV-Bez-Straftaten-vollendet_csv.csv?__blob=publicationFile&v=3;Bundeskriminalamt;2022;;2026-08-26;319518;6fc8b6c4676a4d0868be3f8480c13fa643be08ef9ff68e57157e8712e143e8c8;dl-de/by-2-0;csv;opfer
ZR-F-01-T01-Faelle_xls.xlsx;data/raw/pks/bund/2021/ZR-F-01-T01-Faelle_xls.xlsx;https://www.bka.de/SharedDocs/Downloads/DE/Publikationen/PolizeilicheKriminalstatistik/2021/Interpretation/Faelle/ZR-F-01-T01-Faelle_xls.xlsx?__blob=publicationFile&v=5;Bundeskriminalamt;2021;;2026-08-26;1163254;55f17f05b1e1c840aa9b77e6eaea669c085116b2b907b9222ac4e69f8fe98905;dl-de/by-2-0;xlsx;faelle
ZR-F-01-T01-Faelle_csv.csv;data/raw/pks/bund/2021/ZR-F-01-T01-Faelle_csv.csv;https://www.bka.de/SharedDocs/Downloads/DE/Publikationen/PolizeilicheKriminalstatistik/2021/Interpretation/Faelle/ZR-F-01-T01-Faelle_csv.csv?__blob=publicationFile&v=4;Bundeskriminalamt;2021;;2026-08-26;1527231;698683d065119d16245cdcd46a28dbc5f8c436aceeee3b54fc0ebe63075e6a2a;dl-de/by-2-0;csv;faelle
ZR-O-01-T91-Straftaten-insg_xls.xlsx;data/raw/pks/bund/2021/ZR-O-01-T91-Straftaten-insg_xls.xlsx;https://www.bka.de/SharedDocs/Downloads/DE/Publikationen/PolizeilicheKriminalstatistik/2021/Interpretation/Opfer/ZR-O-01-T91-Straftaten-insg_xls.xlsx?__blob=publicationFile&v=4;Bundeskriminalamt;2021;;2026-08-26;276567;ef5eda68d479ebac92f2122ab0014d94d2a59bfd2c93743a7f29c39e0567e893;dl-de/by-2-0;xlsx;opfer
ZR-O-02-T91-Straftaten-Versuche_xls.xlsx;data/raw/pks/bund/2021/ZR-O-02-T91-Straftaten-Versuche_xls.xlsx;https://www.bka.de/SharedDocs/Downloads/DE/Publikationen/PolizeilicheKriminalstatistik/2021/Interpretation/Opfer/ZR-O-02-T91-Straftaten-Versuche_xls.xlsx?__blob=publicationFile&v=4;Bundeskriminalamt;2021;;2026-08-26;250612;c3bbb2c9a459b2528d8038fcc6aa9d0dbcb70c9d8df0a1e2ceb4bc6c4b93bcae;dl-de/by-2-0;xlsx;opfer
ZR-O-02-T91-Straftaten-Versuche_csv.csv;data/raw/pks/bund/2021/ZR-O-02-T91-Straftaten-Versuche_csv.csv;https://www.bka.de/SharedDocs/Downloads/DE/Publikationen/PolizeilicheKriminalstatistik/2021/Interpretation/Opfer/ZR-O-02-T91-Straftaten-Versuche_csv.csv?__blob=publicationFile&v=3;Bundeskriminalamt;2021;;2026-08-26;264218;dcf99bd1595bb09473b2133be8b1cef77211d0faabd3c7b138a4e798fc364020;dl-de/by-2-0;csv;opfer
ZR-O-03-T91-Straftaten-vollendet_xls.xlsx;data/raw/pks/bund/2021/ZR-O-03-T91-Straftaten-vollendet_xls.xlsx;https://www.bka.de/SharedDocs/Downloads/DE/Publikationen/PolizeilicheKriminalstatistik/2021/Interpretation/Opfer/ZR-O-03-T91-Straftaten-vollendet_xls.xlsx?__blob=publicationFile&v=4;Bundeskriminalamt;2021;;2026-08-26;277986;02074bc5bb18c500b52f1d2fc5549441505685509435dae6cd2be716390619e7;dl-de/by-2-0;xlsx;opfer
ZR-O-03-T91-Straftaten-vollendet_csv.csv;data/raw/pks/bund/2021/ZR-O-03-T91-Straftaten-vollendet_csv.csv;https://www.bka.de/SharedDocs/Downloads/DE/Publikationen/PolizeilicheKriminalstatistik/2021/Interpretation/Opfer/ZR-O-03-T91-Straftaten-vollendet_csv.csv?__blob=publicationFile&v=3;Bundeskriminalamt;2021;;2026-08-26;293316;0222e3db486edb50597ac9f9480dae3cb243e4cb1797b8b3220bbfb87de2d8bd;dl-de/by-2-0;csv;opfer
ZR-O-04-T92-O-TV-Bez-Straftaten-insg_xls.xlsx;data/raw/pks/bund/2021/ZR-O-04-T92-O-TV-Bez-Straftaten-insg_xls.xlsx;https://www.bka.de/SharedDocs/Downloads/DE/Publikationen/PolizeilicheKriminalstatistik/2021/Interpretation/Opfer/ZR-O-04-T92-O-TV-Bez-Straftaten-insg_xls.xlsx?__blob=publicationFile&v=4;Bundeskriminalamt;2021;;2026-08-26;323349;22efc8ec0de62e68907de4ff500baaeca7dfac2ca6c29867053cb3f2424595ee;dl-de/by-2-0;xlsx;opfer
ZR-O-04-T92-O-TV-Bez-Straftaten-insg_csv.csv;data/raw/pks/bund/2021/ZR-O-04-T92-O-TV-Bez-Straftaten-insg_csv.csv;https://www.bka.de/SharedDocs/Downloads/DE/Publikationen/PolizeilicheKriminalstatistik/2021/Interpretation/Opfer/ZR-O-04-T92-O-TV-Bez-Straftaten-insg_csv.csv?__blob=publicationFile&v=3;Bundeskriminalamt;2021;;2026-08-26;307494;a99ce32dfb919e0385a05c4bee97e9188de65ac9a446fe5447e0f0c312e1548f;dl-de/by-2-0;csv;opfer
ZR-O-05-T92-O-TV-Bez-Straftaten-Versuche_xls.xlsx;data/raw/pks/bund/2021/ZR-O-05-T92-O-TV-Bez-Straftaten-Versuche_xls.xlsx;https://www.bka.de/SharedDocs/Downloads/DE/Publikationen/PolizeilicheKriminalstatistik/2021/Interpretation/Opfer/ZR-O-05-T92-O-TV-Bez-Straftaten-Versuche_xls.xlsx?__blob=publicationFile&v=4;Bundeskriminalamt;2021;;2026-08-26;282796;287bf1003e7d3af9b64d98c2d2bb79939d75bcf75d355cc504320023666f8ab8;dl-de/by-2-0;xlsx;opfer
ZR-O-05-T92-O-TV-Bez-Straftaten-Versuche_csv.csv;data/raw/pks/bund/2021/ZR-O-05-T92-O-TV-Bez-Straftaten-Versuche_csv.csv;https://www.bka.de/SharedDocs/Downloads/DE/Publikationen/PolizeilicheKriminalstatistik/2021/Interpretation/Opfer/ZR-O-05-T92-O-TV-Bez-Straftaten-Versuche_csv.csv?__blob=publicationFile&v=3;Bundeskriminalamt;2021;;2026-08-26;274261;062e3e9bccfab7a495febf434670235735396417071293f30f0dc286559f945b;dl-de/by-2-0;csv;opfer
ZR-O-06-T92-O-TV-Bez-Straftaten-vollendet_xls.xlsx;data/raw/pks/bund/2021/ZR-O-06-T92-O-TV-Bez-Straftaten-vollendet_xls.xlsx;https://www.bka.de/SharedDocs/Downloads/DE/Publikationen/PolizeilicheKriminalstatistik/2021/Interpretation/Opfer/ZR-O-06-T92-O-TV-Bez-Straftaten-vollendet_xls.xlsx?__blob=publicationFile&v=4;Bundeskriminalamt;2021;;2026-08-26;316446;acb5ad6ee1c9272d9ad169305e88aea5f066d77c134ee8a6f5b1366fc285e1ac;dl-de/by-2-0;xlsx;opfer
ZR-O-06-T92-O-TV-Bez-Straftaten-vollendet_csv.csv;data/raw/pks/bund/2021/ZR-O-06-T92-O-TV-Bez-Straftaten-vollendet_csv.csv;https://www.bka.de/SharedDocs/Downloads/DE/Publikationen/PolizeilicheKriminalstatistik/2021/Interpretation/Opfer/ZR-O-06-T92-O-TV-Bez-Straftaten-vollendet_csv.csv?__blob=publicationFile&v=3;Bundeskriminalamt;2021;;2026-08-26;305146;feb320fe7642345fa15a4e178253538d0fb751922b272178a9238e1483eea995;dl-de/by-2-0;csv;opfer
ZR-F-01-T01-Faelle_xls.xlsx;data/raw/pks/bund/2020/ZR-F-01-T01-Faelle_xls.xlsx;https://www.bka.de/SharedDocs/Downloads/DE/Publikationen/PolizeilicheKriminalstatistik/2020/Interpretation/Faelle/ZR-F-01-T01-Faelle_xls.xlsx?__blob=publicationFile&v=5;Bundeskriminalamt;2020;;2026-08-26;1189206;ddad50dc0d3ecf8266926506560af1bac60664b75c383603d910bac099966db5;dl-de/by-2-0;xlsx;faelle
ZR-F-01-T01-Faelle_csv.csv;data/raw/pks/bund/2020/ZR-F-01-T01-Faelle_csv.csv;https://www.bka.de/SharedDocs/Downloads/DE/Publikationen/PolizeilicheKriminalstatistik/2020/Interpretation/Faelle/ZR-F-01-T01-Faelle_csv.csv?__blob=publicationFile&v=5;Bundeskriminalamt;2020;;2026-08-26;1435370;929f31bc42aae61e58c3cdd5adb0267115637a2c4b0af6b73f6016ea2d7eb4e2;dl-de/by-2-0;csv;faelle
ZR-O-01-T91-Straftaten-insg_xls.xlsx;data/raw/pks/bund/2020/ZR-O-01-T91-Straftaten-insg_xls.xlsx;https://www.bka.de/SharedDocs/Downloads/DE/Publikationen/PolizeilicheKriminalstatistik/2020/Interpretation/Opfer/ZR-O-01-T91-Straftaten-insg_xls.xlsx?__blob=publicationFile&v=5;Bundeskriminalamt;2020;;2026-08-26;440084;d3bc59e7eebfb81818a4a47b449ffd002f7f10fb161a2523e6a8313a1fc1e9f0;dl-de/by-2-0;xlsx;opfer
ZR-O-01-T91-Straftaten-insg_csv.csv;data/raw/pks/bund/2020/ZR-O-01-T91-Straftaten-insg_csv.csv;https://www.bka.de/SharedDocs/Downloads/DE/Publikationen/PolizeilicheKriminalstatistik/2020/Interpretation/Opfer/ZR-O-01-T91-Straftaten-insg_csv.csv?__blob=publicationFile&v=5;Bundeskriminalamt;2020;;2026-08-26;495481;edccfb4ada108b81d7372be38bb2b510300d2f8da1b9fe416fc7d3500068b8d8;dl-de/by-2-0;csv;opfer
ZR-O-02-T91-Straftaten-Versuche_xls.xlsx;data/raw/pks/bund/2020/ZR-O-02-T91-Straftaten-Versuche_xls.xlsx;https://www.bka.de/SharedDocs/Downloads/DE/Publikationen/PolizeilicheKriminalstatistik/2020/Interpretation/Opfer/ZR-O-02-T91-Straftaten-Versuche_xls.xlsx?__blob=publicationFile&v=5;Bundeskriminalamt;2020;;2026-08-26;408138;2b95eded2b76ce67b109b9a496f8848175f1e9c484fee15da0f8146d8b6f16b8;dl-de/by-2-0;xlsx;opfer
ZR-O-02-T91-Straftaten-Versuche_csv.csv;data/raw/pks/bund/2020/ZR-O-02-T91-Straftaten-Versuche_csv.csv;https://www.bka.de/SharedDocs/Downloads/DE/Publikationen/PolizeilicheKriminalstatistik/2020/Interpretation/Opfer/ZR-O-02-T91-Straftaten-Versuche_csv.csv?__blob=publicationFile&v=5;Bundeskriminalamt;2020;;2026-08-26;456981;cd68c3e4b2ef142c6d24f92c288ea37f5eec1e34475c310839a9fc969b0b834b;dl-de/by-2-0;csv;opfer
ZR-O-03-T91-Straftaten-vollendet_xls.xlsx;data/raw/pks/bund/2020/ZR-O-03-T91-Straftaten-vollendet_xls.xlsx;https://www.bka.de/SharedDocs/Downloads/DE/Publikationen/PolizeilicheKriminalstatistik/2020/Interpretation/Opfer/ZR-O-03-T91-Straftaten-vollendet_xls.xlsx?__blob=publicationFile&v=5;Bundeskriminalamt;2020;;2026-08-26;439841;9c6ac37c68f498b389c0711ebd966144a09994fa22d0b42bf127db894e062f00;dl-de/by-2-0;xlsx;opfer
ZR-O-03-T91-Straftaten-vollendet_csv.csv;data/raw/pks/bund/2020/ZR-O-03-T91-Straftaten-vollendet_csv.csv;https://www.bka.de/SharedDocs/Downloads/DE/Publikationen/PolizeilicheKriminalstatistik/2020/Interpretation/Opfer/ZR-O-03-T91-Straftaten-vollendet_csv.csv?__blob=publicationFile&v=5;Bundeskriminalamt;2020;;2026-08-26;492191;75ea22d808d340271d7aa4710293f2e7d1cc660e93f579145cd0325b9cdf1e20;dl-de/by-2-0;csv;opfer
ZR-O-04-T92-O-TV-Bez-Straftaten-insg_xls.xlsx;data/raw/pks/bund/2020/ZR-O-04-T92-O-TV-Bez-Straftaten-insg_xls.xlsx;https://www.bka.de/SharedDocs/Downloads/DE/Publikationen/PolizeilicheKriminalstatistik/2020/Interpretation/Opfer/ZR-O-04-T92-O-TV-Bez-Straftaten-insg_xls.xlsx?__blob=publicationFile&v=5;Bundeskriminalamt;2020;;2026-08-26;311211;75a51ecfdd80bd4f757cae489c812a73dd6d1c7ea50401fce32f7d88d4071fb5;dl-de/by-2-0;xlsx;opfer
ZR-O-04-T92-O-TV-Bez-Straftaten-insg_csv.csv;data/raw/pks/bund/2020/ZR-O-04-T92-O-TV-Bez-Straftaten-insg_csv.csv;https://www.bka.de/SharedDocs/Downloads/DE/Publikationen/PolizeilicheKriminalstatistik/2020/Interpretation/Opfer/ZR-O-04-T92-O-TV-Bez-Straftaten-insg_csv.csv?__blob=publicationFile&v=6;Bundeskriminalamt;2020;;2026-08-26;294982;df2baae5a75b44d7532dc291963ac5f11a079043a4ec4e8fc2add2852ac0b3bb;dl-de/by-2-0;csv;opfer
ZR-O-05-T92-O-TV-Bez-Straftaten-Versuche_xls.xlsx;data/raw/pks/bund/2020/ZR-O-05-T92-O-TV-Bez-Straftaten-Versuche_xls.xlsx;https://www.bka.de/SharedDocs/Downloads/DE/Publikationen/PolizeilicheKriminalstatistik/2020/Interpretation/Opfer/ZR-O-05-T92-O-TV-Bez-Straftaten-Versuche_xls.xlsx?__blob=publicationFile&v=5;Bundeskriminalamt;2020;;2026-08-26;271971;22979901e233c839cc9bcb21b1c7bbb988548aae1016809c77ad224533a8d830;dl-de/by-2-0;xlsx;opfer
ZR-O-05-T92-O-TV-Bez-Straftaten-Versuche_csv.csv;data/raw/pks/bund/2020/ZR-O-05-T92-O-TV-Bez-Straftaten-Versuche_csv.csv;https://www.bka.de/SharedDocs/Downloads/DE/Publikationen/PolizeilicheKriminalstatistik/2020/Interpretation/Opfer/ZR-O-05-T92-O-TV-Bez-Straftaten-Versuche_csv.csv?__blob=publicationFile&v=5;Bundeskriminalamt;2020;;2026-08-26;263100;f91c8d7250ac04b37a90d7927483bb47cd17b71ba246af03a8c65dae06b137d3;dl-de/by-2-0;csv;opfer
ZR-O-06-T92-O-TV-Bez-Straftaten-vollendet_xls.xlsx;data/raw/pks/bund/2020/ZR-O-06-T92-O-TV-Bez-Straftaten-vollendet_xls.xlsx;https://www.bka.de/SharedDocs/Downloads/DE/Publikationen/PolizeilicheKriminalstatistik/2020/Interpretation/Opfer/ZR-O-06-T92-O-TV-Bez-Straftaten-vollendet_xls.xlsx?__blob=publicationFile&v=5;Bundeskriminalamt;2020;;2026-08-26;304240;716edacc81f4fb031d314e555f900f90bf15ce3621b9d2ae58a47d54539607ff;dl-de/by-2-0;xlsx;opfer
ZR-O-06-T92-O-TV-Bez-Straftaten-vollendet_csv.csv;data/raw/pks/bund/2020/ZR-O-06-T92-O-TV-Bez-Straftaten-vollendet_csv.csv;https://www.bka.de/SharedDocs/Downloads/DE/Publikationen/PolizeilicheKriminalstatistik/2020/Interpretation/Opfer/ZR-O-06-T92-O-TV-Bez-Straftaten-vollendet_csv.csv?__blob=publicationFile&v=5;Bundeskriminalamt;2020;;2026-08-26;292739;a8e8e8037d97a327b2c08e460f2d66e5d87e8c3910bae33861b3f08768a9506c;dl-de/by-2-0;csv;opfer
ZR-F-01-T01-Faelle_xls.xlsx;data/raw/pks/bund/2019/ZR-F-01-T01-Faelle_xls.xlsx;https://www.bka.de/SharedDocs/Downloads/DE/Publikationen/PolizeilicheKriminalstatistik/2019/Interpretation/Faelle/ZR-F-01-T01-Faelle_xls.xlsx?__blob=publicationFile&v=4;Bundeskriminalamt;2019;;2026-08-26;1147121;a47c5e3f2ccc6f60c0bdb3bcad4d9282384657b5498916a7d165f982f8d54be6;dl-de/by-2-0;xlsx;faelle
ZR-F-01-T01-Faelle_csv.csv;data/raw/pks/bund/2019/ZR-F-01-T01-Faelle_csv.csv;https://www.bka.de/SharedDocs/Downloads/DE/Publikationen/PolizeilicheKriminalstatistik/2019/Interpretation/Faelle/ZR-F-01-T01-Faelle_csv.csv?__blob=publicationFile&v=4;Bundeskriminalamt;2019;;2026-08-26;1387617;36be07c7d297daf47200b1a6a5e149b772fc4a204e99dda7f739c688911f407f;dl-de/by-2-0;csv;faelle
ZR-O-01-T91-Straftaten-insg_xls.xlsx;data/raw/pks/bund/2019/ZR-O-01-T91-Straftaten-insg_xls.xlsx;https://www.bka.de/SharedDocs/Downloads/DE/Publikationen/PolizeilicheKriminalstatistik/2019/Interpretation/Opfer/ZR-O-01-T91-Straftaten-insg_xls.xlsx?__blob=publicationFile&v=4;Bundeskriminalamt;2019;;2026-08-26;269867;03532101d5dc0c11801f90a8570d8b1108680f21b6fed88c35f5680dafa88d89;dl-de/by-2-0;xlsx;opfer
ZR-O-01-T91-Straftaten-insg_csv.csv;data/raw/pks/bund/2019/ZR-O-01-T91-Straftaten-insg_csv.csv;https://www.bka.de/SharedDocs/Downloads/DE/Publikationen/PolizeilicheKriminalstatistik/2019/Interpretation/Opfer/ZR-O-01-T91-Straftaten-insg_csv.csv?__blob=publicationFile&v=4;Bundeskriminalamt;2019;;2026-08-26;270834;9cdc901e4cb8f5664a2ea4cb74b8ebb7e13da9efdc17f79eec75162e75f38a09;dl-de/by-2-0;csv;opfer
ZR-O-02-T91-Straftaten-Versuche_xls.xlsx;data/raw/pks/bund/2019/ZR-O-02-T91-Straftaten-Versuche_xls.xlsx;https://www.bka.de/SharedDocs/Downloads/DE/Publikationen/PolizeilicheKriminalstatistik/2019/Interpretation/Opfer/ZR-O-02-T91-Straftaten-Versuche_xls.xlsx?__blob=publicationFile&v=4;Bundeskriminalamt;2019;;2026-08-26;247120;e833f98734bc4c0e74b3fc90e77633ca0df041bced0c778f69e192aee39f46e6;dl-de/by-2-0;xlsx;opfer
ZR-O-02-T91-Straftaten-Versuche_csv.csv;data/raw/pks/bund/2019/ZR-O-02-T91-Straftaten-Versuche_csv.csv;https://www.bka.de/SharedDocs/Downloads/DE/Publikationen/PolizeilicheKriminalstatistik/2019/Interpretation/Opfer/ZR-O-02-T91-Straftaten-Versuche_csv.csv?__blob=publicationFile&v=4;Bundeskriminalamt;2019;;2026-08-26;242220;085ebe373f94520a384eb359ce1a97919607d537af8a9fea1b0c86e969ffcbee;dl-de/by-2-0;csv;opfer
ZR-O-03-T91-Straftaten-vollendet_xls.xlsx;data/raw/pks/bund/2019/ZR-O-03-T91-Straftaten-vollendet_xls.xlsx;https://www.bka.de/SharedDocs/Downloads/DE/Publikationen/PolizeilicheKriminalstatistik/2019/Interpretation/Opfer/ZR-O-03-T91-Straftaten-vollendet_xls.xlsx?__blob=publicationFile&v=5;Bundeskriminalamt;2019;;2026-08-26;269993;fc6f7d30640b28bd4e1e5ef414c9d3834680e6bffbf6d5ea66b0c149200b1b43;dl-de/by-2-0;xlsx;opfer
ZR-O-03-T91-Straftaten-vollendet_csv.csv;data/raw/pks/bund/2019/ZR-O-03-T91-Straftaten-vollendet_csv.csv;https://www.bka.de/SharedDocs/Downloads/DE/Publikationen/PolizeilicheKriminalstatistik/2019/Interpretation/Opfer/ZR-O-03-T91-Straftaten-vollendet_csv.csv?__blob=publicationFile&v=5;Bundeskriminalamt;2019;;2026-08-26;268464;f8504ef45e857368fa7f09f1ca829b2b17b25dbf29f2420dcae0ed2a71e771fa;dl-de/by-2-0;csv;opfer
ZR-O-04-T92-O-TV-Bez-Straftaten-insg_xls.xlsx;data/raw/pks/bund/2019/ZR-O-04-T92-O-TV-Bez-Straftaten-insg_xls.xlsx;https://www.bka.de/SharedDocs/Downloads/DE/Publikationen/PolizeilicheKriminalstatistik/2019/Interpretation/Opfer/ZR-O-04-T92-O-TV-Bez-Straftaten-insg_xls.xlsx?__blob=publicationFile&v=4;Bundeskriminalamt;2019;;2026-08-26;311875;1488b323312db16e1bb0b9474477100bf9ec846aa570ce5c351b8b0c9159307b;dl-de/by-2-0;xlsx;opfer
ZR-O-04-T92-O-TV-Bez-Straftaten-insg_csv.csv;data/raw/pks/bund/2019/ZR-O-04-T92-O-TV-Bez-Straftaten-insg_csv.csv;https://www.bka.de/SharedDocs/Downloads/DE/Publikationen/PolizeilicheKriminalstatistik/2019/Interpretation/Opfer/ZR-O-04-T92-O-TV-Bez-Straftaten-insg_csv.csv?__blob=publicationFile&v=4;Bundeskriminalamt;2019;;2026-08-26;281822;7625f04bb031401e05b6d6cea71a8ab589fd8e759c0bb6299001adf5f6e5cbeb;dl-de/by-2-0;csv;opfer
ZR-O-05-T92-O-TV-Bez-Straftaten-Versuche_xls.xlsx;data/raw/pks/bund/2019/ZR-O-05-T92-O-TV-Bez-Straftaten-Versuche_xls.xlsx;https://www.bka.de/SharedDocs/Downloads/DE/Publikationen/PolizeilicheKriminalstatistik/2019/Interpretation/Opfer/ZR-O-05-T92-O-TV-Bez-Straftaten-Versuche_xls.xlsx?__blob=publicationFile&v=4;Bundeskriminalamt;2019;;2026-08-26;272929;5a50ec2e229f747b30f4dbeb9ff4adad71073c1394d0029edc8eb4497c5c35d9;dl-de/by-2-0;xlsx;opfer
ZR-O-05-T92-O-TV-Bez-Straftaten-Versuche_csv.csv;data/raw/pks/bund/2019/ZR-O-05-T92-O-TV-Bez-Straftaten-Versuche_csv.csv;https://www.bka.de/SharedDocs/Downloads/DE/Publikationen/PolizeilicheKriminalstatistik/2019/Interpretation/Opfer/ZR-O-05-T92-O-TV-Bez-Straftaten-Versuche_csv.csv?__blob=publicationFile&v=4;Bundeskriminalamt;2019;;2026-08-26;251478;e1731ce32afbf617a7c633a14077ea9d12ed3454dccb3b2e46670769d2e44c31;dl-de/by-2-0;csv;opfer
ZR-O-06-T92-O-TV-Bez-Straftaten-vollendet_xls.xlsx;data/raw/pks/bund/2019/ZR-O-06-T92-O-TV-Bez-Straftaten-vollendet_xls.xlsx;https://www.bka.de/SharedDocs/Downloads/DE/Publikationen/PolizeilicheKriminalstatistik/2019/Interpretation/Opfer/ZR-O-06-T92-O-TV-Bez-Straftaten-vollendet_xls.xlsx?__blob=publicationFile&v=4;Bundeskriminalamt;2019;;2026-08-26;303261;48472d36d0c3b3e280c258914d49e71611f352b457b23c19ac9d068f2197d58f;dl-de/by-2-0;xlsx;opfer
ZR-O-06-T92-O-TV-Bez-Straftaten-vollendet_csv.csv;data/raw/pks/bund/2019/ZR-O-06-T92-O-TV-Bez-Straftaten-vollendet_csv.csv;https://www.bka.de/SharedDocs/Downloads/DE/Publikationen/PolizeilicheKriminalstatistik/2019/Interpretation/Opfer/ZR-O-06-T92-O-TV-Bez-Straftaten-vollendet_csv.csv?__blob=publicationFile&v=4;Bundeskriminalamt;2019;;2026-08-26;279694;72df800b6db72fc58c4024cb937df069fe24e20b5ca3a36bf84d80459b3cebb1;dl-de/by-2-0;csv;opfer
BU-F-01-T01-Faelle_xls.xlsx;data/raw/pks/bund/2019/BU-F-01-T01-Faelle_xls.xlsx;https://www.bka.de/SharedDocs/Downloads/DE/Publikationen/PolizeilicheKriminalstatistik/2019/Bund/Faelle/BU-F-01-T01-Faelle_xls.xlsx?__blob=publicationFile&v=7;Bundeskriminalamt;2019;;2026-08-26;171740;e7d34c6789ab4796242cf47f62cf574c42ac76fb6604de6b5e4a1d8706292592;dl-de/by-2-0;xlsx;faelle bund
BU-F-01-T01-Faelle_csv.csv;data/raw/pks/bund/2019/BU-F-01-T01-Faelle_csv.csv;https://www.bka.de/SharedDocs/Downloads/DE/Publikationen/PolizeilicheKriminalstatistik/2019/Bund/Faelle/BU-F-01-T01-Faelle_csv.csv?__blob=publicationFile&v=7;Bundeskriminalamt;2019;;2026-08-26;154194;5f9251bdd2a4337ff835c26e25156e339553246673103260d9436c4706daa378;dl-de/by-2-0;csv;faelle
BU-F-02-T01-Fallentw_xls.xlsx;data/raw/pks/bund/2019/BU-F-02-T01-Fallentw_xls.xlsx;https://www.bka.de/SharedDocs/Downloads/DE/Publikationen/PolizeilicheKriminalstatistik/2019/Bund/Faelle/BU-F-02-T01-Fallentw_xls.xlsx?__blob=publicationFile&v=10;Bundeskriminalamt;2019;;2026-08-26;176531;9c0e8aaedb65b5684b7db9d88252040bbacf4f86b2a79fa00b92428dd2f86f5b;dl-de/by-2-0;xlsx;faelle bund
BU-F-02-T01-Fallentw_csv.csv;data/raw/pks/bund/2019/BU-F-02-T01-Fallentw_csv.csv;https://www.bka.de/SharedDocs/Downloads/DE/Publikationen/PolizeilicheKriminalstatistik/2019/Bund/Faelle/BU-F-02-T01-Fallentw_csv.csv?__blob=publicationFile&v=9;Bundeskriminalamt;2019;;2026-08-26;130684;8aefa3558addac292cfcc5160b92c9b6d58283bcdef1b9f6ae7fbbedb1d2312b;dl-de/by-2-0;csv;faelle
BU-F-03-T01-vollendete-Faelle_xls.xlsx;data/raw/pks/bund/2019/BU-F-03-T01-vollendete-Faelle_xls.xlsx;https://www.bka.de/SharedDocs/Downloads/DE/Publikationen/PolizeilicheKriminalstatistik/2019/Bund/Faelle/BU-F-03-T01-vollendete-Faelle_xls.xlsx?__blob=publicationFile&v=6;Bundeskriminalamt;2019;;2026-08-26;159474;25da65802e02521c12c1be4fc21b9f8d997210ce86567118612becfd660e9b82;dl-de/by-2-0;xlsx;faelle bund
BU-F-03-T01-vollendete-Faelle_csv.csv;data/raw/pks/bund/2019/BU-F-03-T01-vollendete-Faelle_csv.csv;https://www.bka.de/SharedDocs/Downloads/DE/Publikationen/PolizeilicheKriminalstatistik/2019/Bund/Faelle/BU-F-03-T01-vollendete-Faelle_csv.csv?__blob=publicationFile&v=6;Bundeskriminalamt;2019;;2026-08-26;146229;b5ddbeedf582a47f756162836692b752bbeecc45126f95e2f7e47a3525918a8e;dl-de/by-2-0;csv;faelle
BU-F-04-T01-Tatortverteilung-Prozent_xls.xlsx;data/raw/pks/bund/2019/BU-F-04-T01-Tatortverteilung-Prozent_xls.xlsx;https://www.bka.de/SharedDocs/Downloads/DE/Publikationen/PolizeilicheKriminalstatistik/2019/Bund/Faelle/BU-F-04-T01-Tatortverteilung-Prozent_xls.xlsx?__blob=publicationFile&v=5;Bundeskriminalamt;2019;;2026-08-26;133989;c48dab28277dada3bc7d9174a7dbb7d7380d07af2c81e031b02724c5cd7147c4;dl-de/by-2-0;xlsx;faelle bund
BU-F-04-T01-Tatortverteilung-Prozent_csv.csv;data/raw/pks/bund/2019/BU-F-04-T01-Tatortverteilung-Prozent_csv.csv;https://www.bka.de/SharedDocs/Downloads/DE/Publikationen/PolizeilicheKriminalstatistik/2019/Bund/Faelle/BU-F-04-T01-Tatortverteilung-Prozent_csv.csv?__blob=publicationFile&v=5;Bundeskriminalamt;2019;;2026-08-26;109075;c849df819f715fcfdc0cbf18e46a0b8abe49d1cfa1fde576cc5d85fd93abd536;dl-de/by-2-0;csv;faelle
BU-F-05-T01-Tatzeit-vor-Berichtsjahr_xls.xlsx;data/raw/pks/bund/2019/BU-F-05-T01-Tatzeit-vor-Berichtsjahr_xls.xlsx;https://www.bka.de/SharedDocs/Downloads/DE/Publikationen/PolizeilicheKriminalstatistik/2019/Bund/Faelle/BU-F-05-T01-Tatzeit-vor-Berichtsjahr_xls.xlsx?__blob=publicationFile&v=5;Bundeskriminalamt;2019;;2026-08-26;198169;47ec2bf172e470b7dcfa044e1cbd10e01848e4bd8c7c56cc33d6ef3bedb1cf71;dl-de/by-2-0;xlsx;faelle bund
BU-F-05-T01-Tatzeit-vor-Berichtsjahr_csv.csv;data/raw/pks/bund/2019/BU-F-05-T01-Tatzeit-vor-Berichtsjahr_csv.csv;https://www.bka.de/SharedDocs/Downloads/DE/Publikationen/PolizeilicheKriminalstatistik/2019/Bund/Faelle/BU-F-05-T01-Tatzeit-vor-Berichtsjahr_csv.csv?__blob=publicationFile&v=5;Bundeskriminalamt;2019;;2026-08-26;163813;5da4c9751967aba77604d6a78ba895a3fbb3a75c3c82214557ec296fd59ce77a;dl-de/by-2-0;csv;faelle
BU-F-06-T12-aufgeklaert_xls.xlsx;data/raw/pks/bund/2019/BU-F-06-T12-aufgeklaert_xls.xlsx;https://www.bka.de/SharedDocs/Downloads/DE/Publikationen/PolizeilicheKriminalstatistik/2019/Bund/Faelle/BU-F-06-T12-aufgeklaert_xls.xlsx?__blob=publicationFile&v=4;Bundeskriminalamt;2019;;2026-08-26;126534;71faf4288febdbd5b18f9a553e578d2aa2445f865e37c6e790c58e1cf5dbdf04;dl-de/by-2-0;xlsx;faelle bund
BU-F-06-T12-aufgeklaert_csv.csv;data/raw/pks/bund/2019/BU-F-06-T12-aufgeklaert_csv.csv;https://www.bka.de/SharedDocs/Downloads/DE/Publikationen/PolizeilicheKriminalstatistik/2019/Bund/Faelle/BU-F-06-T12-aufgeklaert_csv.csv?__blob=publicationFile&v=4;Bundeskriminalamt;2019;;2026-08-26;125846;7fbc38c839bb88cb685a2730d7cef8b9a37c2def4034da5b889b346f62ad3581;dl-de/by-2-0;csv;faelle
BU-F-07-T07-Schaden_xls.xlsx;data/raw/pks/bund/2019/BU-F-07-T07-Schaden_xls.xlsx;https://www.bka.de/SharedDocs/Downloads/DE/Publikationen/PolizeilicheKriminalstatistik/2019/Bund/Faelle/BU-F-07-T07-Schaden_xls.xlsx?__blob=publicationFile&v=4;Bundeskriminalamt;2019;;2026-08-26;66978;0fc9e887c334653f824cc8f1aceb18fe95916a5f31ecd24575c6bb88ab92ff2e;dl-de/by-2-0;xlsx;faelle bund
BU-F-07-T07-Schaden_csv.csv;data/raw/pks/bund/2019/BU-F-07-T07-Schaden_csv.csv;https://www.bka.de/SharedDocs/Downloads/DE/Publikationen/PolizeilicheKriminalstatistik/2019/Bund/Faelle/BU-F-07-T07-Schaden_csv.csv?__blob=publicationFile&v=4;Bundeskriminalamt;2019;;2026-08-26;58906;440a30edb2563d207ce386623527a99d390ef13097f8f4872390b119a6942bb0;dl-de/by-2-0;csv;faelle
BU-F-08-T08-Tatzeit_xls.xlsx;data/raw/pks/bund/2019/BU-F-08-T08-Tatzeit_xls.xlsx;https://www.bka.de/SharedDocs/Downloads/DE/Publikationen/PolizeilicheKriminalstatistik/2019/Bund/Faelle/BU-F-08-T08-Tatzeit_xls.xlsx?__blob=publicationFile&v=7;Bundeskriminalamt;2019;;2026-08-26;145255;db3761bd68f40b392f762c2ee5d8c2b7d9ba68216370eb343e065a222135c62e;dl-de/by-2-0;xlsx;faelle bund
BU-F-08-T08-Tatzeit_csv.csv;data/raw/pks/bund/2019/BU-F-08-T08-Tatzeit_csv.csv;https://www.bka.de/SharedDocs/Downloads/DE/Publikationen/PolizeilicheKriminalstatistik/2019/Bund/Faelle/BU-F-08-T08-Tatzeit_csv.csv?__blob=publicationFile&v=5;Bundeskriminalamt;2019;;2026-08-26;163649;4d3d793bab8fa04735a08b2cbcb2c2588465b59b20487d4e0662ff7bc35f55d3;dl-de/by-2-0;csv;faelle
BU-F-09-T02-Wikri_xls.xlsx;data/raw/pks/bund/2019/BU-F-09-T02-Wikri_xls.xlsx;https://www.bka.de/SharedDocs/Downloads/DE/Publikationen/PolizeilicheKriminalstatistik/2019/Bund/Faelle/BU-F-09-T02-Wikri_xls.xlsx?__blob=publicationFile&v=4;Bundeskriminalamt;2019;;2026-08-26;54313;a0e66f4a91a432ee9b2578900aa523da54468b3196bdfc31af0b86bfafab180a;dl-de/by-2-0;xlsx;faelle bund
BU-F-09-T02-Wikri_csv.csv;data/raw/pks/bund/2019/BU-F-09-T02-Wikri_csv.csv;https://www.bka.de/SharedDocs/Downloads/DE/Publikationen/PolizeilicheKriminalstatistik/2019/Bund/Faelle/BU-F-09-T02-Wikri_csv.csv?__blob=publicationFile&v=4;Bundeskriminalamt;2019;;2026-08-26;40110;1f75a0901fbe1f7f6beface4d3b0fdefb9458aa25625961761728e699906d89c;dl-de/by-2-0;csv;faelle
BU-F-10-T02-Wikri-Fallentw_xls.xlsx;data/raw/pks/bund/2019/BU-F-10-T02-Wikri-Fallentw_xls.xlsx;https://www.bka.de/SharedDocs/Downloads/DE/Publikationen/PolizeilicheKriminalstatistik/2019/Bund/Faelle/BU-F-10-T02-Wikri-Fallentw_xls.xlsx?__blob=publicationFile&v=8;Bundeskriminalamt;2019;;2026-08-26;43967;fe889c32e586b0df69e20cce493f531715b65d1d0c2007360a2cb430154f4f93;dl-de/by-2-0;xlsx;faelle bund
BU-F-10-T02-Wikri-Fallentw_csv.csv;data/raw/pks/bund/2019/BU-F-10-T02-Wikri-Fallentw_csv.csv;https://www.bka.de/SharedDocs/Downloads/DE/Publikationen/PolizeilicheKriminalstatistik/2019/Bund/Faelle/BU-F-10-T02-Wikri-Fallentw_csv.csv?__blob=publicationFile&v=8;Bundeskriminalamt;2019;;2026-08-26;22218;0bccb1cf0fff517ce7f98fb5049edc46d88e02c82c50a1c099438b7677ce532a;dl-de/by-2-0;csv;faelle
BU-F-11-T09-Schaden-Wikri_xls.xlsx;data/raw/pks/bund/2019/BU-F-11-T09-Schaden-Wikri_xls.xlsx;https://www.bka.de/SharedDocs/Downloads/DE/Publikationen/PolizeilicheKriminalstatistik/2019/Bund/Faelle/BU-F-11-T09-Schaden-Wikri_xls.xlsx?__blob=publicationFile&v=4;Bundeskriminalamt;2019;;2026-08-26;23889;ca93d5bbbf4f2b1fb36fd59dbf8eac9ad0003213b69e420d7cf85d8b4a780646;dl-de/by-2-0;xlsx;faelle bund
BU-F-11-T09-Schaden-Wikri_csv.csv;data/raw/pks/bund/2019/BU-F-11-T09-Schaden-Wikri_csv.csv;https://www.bka.de/SharedDocs/Downloads/DE/Publikationen/PolizeilicheKriminalstatistik/2019/Bund/Faelle/BU-F-11-T09-Schaden-Wikri_csv.csv?__blob=publicationFile&v=4;Bundeskriminalamt;2019;;2026-08-26;11203;56ceb09af453ca8e7457dcdda9e7eed589e6a7208fa5c2587716e7ab7ca8aaaf;dl-de/by-2-0;csv;faelle
BU-F-12-T05-TM-Internet_xls.xlsx;data/raw/pks/bund/2019/BU-F-12-T05-TM-Internet_xls.xlsx;https://www.bka.de/SharedDocs/Downloads/DE/Publikationen/PolizeilicheKriminalstatistik/2019/Bund/Faelle/BU-F-12-T05-TM-Internet_xls.xlsx?__blob=publicationFile&v=4;Bundeskriminalamt;2019;;2026-08-26;139819;e7358b4cd589cba98216b7d2342ef73eaba9e321ed289d30f1f35cf5d11362d7;dl-de/by-2-0;xlsx;faelle bund
BU-F-12-T05-TM-Internet_csv.csv;data/raw/pks/bund/2019/BU-F-12-T05-TM-Internet_csv.csv;https://www.bka.de/SharedDocs/Downloads/DE/Publikationen/PolizeilicheKriminalstatistik/2019/Bund/Faelle/BU-F-12-T05-TM-Internet_csv.csv?__blob=publicationFile&v=4;Bundeskriminalamt;2019;;2026-08-26;129386;3886037a3c3ae72d7706a5b84788122d33310902efdaf9e45ec69332316989d8;dl-de/by-2-0;csv;faelle
BU-F-13-T05-TM-Internet-Fallentw_xls.xlsx;data/raw/pks/bund/2019/BU-F-13-T05-TM-Internet-Fallentw_xls.xlsx;https://www.bka.de/SharedDocs/Downloads/DE/Publikationen/PolizeilicheKriminalstatistik/2019/Bund/Faelle/BU-F-13-T05-TM-Internet-Fallentw_xls.xlsx?__blob=publicationFile&v=6;Bundeskriminalamt;2019;;2026-08-26;81635;8268c58c5f70632b761b145b1d4891b0e3457407b700b2c8df22b1d62202e4be;dl-de/by-2-0;xlsx;faelle bund
BU-F-13-T05-TM-Internet-Fallentw_csv.csv;data/raw/pks/bund/2019/BU-F-13-T05-TM-Internet-Fallentw_csv.csv;https://www.bka.de/SharedDocs/Downloads/DE/Publikationen/PolizeilicheKriminalstatistik/2019/Bund/Faelle/BU-F-13-T05-TM-Internet-Fallentw_csv.csv?__blob=publicationFile&v=6;Bundeskriminalamt;2019;;2026-08-26;54586;8ff2e904c00bdd7285b143dde8793c271a1b30e730ec715e748844cca02cfcdd;dl-de/by-2-0;csv;faelle
BU-F-14-T03-Faelle-BP_xls.xlsx;data/raw/pks/bund/2019/BU-F-14-T03-Faelle-BP_xls.xlsx;https://www.bka.de/SharedDocs/Downloads/DE/Publikationen/PolizeilicheKriminalstatistik/2019/Bund/Faelle/BU-F-14-T03-Faelle-BP_xls.xlsx?__blob=publicationFile&v=4;Bundeskriminalamt;2019;;2026-08-26;138448;1e1eb7cfba2d0815378df847e153d1165df52f4f2f9f5a328ecb9836555b12d1;dl-de/by-2-0;xlsx;faelle bund
BU-F-14-T03-Faelle-BP_csv.csv;data/raw/pks/bund/2019/BU-F-14-T03-Faelle-BP_csv.csv;https://www.bka.de/SharedDocs/Downloads/DE/Publikationen/PolizeilicheKriminalstatistik/2019/Bund/Faelle/BU-F-14-T03-Faelle-BP_csv.csv?__blob=publicationFile&v=4;Bundeskriminalamt;2019;;2026-08-26;128578;d2b8d25b308a7971637993753d657897eb5a006f3423f25374b7d661df94e8ff;dl-de/by-2-0;csv;faelle
BU-TV-03-T20-TV-vollendete-Faelle_xls.xlsx;data/raw/pks/bund/2019/BU-TV-03-T20-TV-vollendete-Faelle_xls.xlsx;https://www.bka.de/SharedDocs/Downloads/DE/Publikationen/PolizeilicheKriminalstatistik/2019/Bund/Tatverdaechtige/BU-TV-03-T20-TV-vollendete-Faelle_xls.xlsx?__blob=publicationFile&v=4;Bundeskriminalamt;2019;;2026-08-26;444528;64de6d63887dbd2821a4afa2edcaefe341c8f26e36c8f31965fd96085a6948aa;dl-de/by-2-0;xlsx;faelle
BU-TV-03-T20-TV-vollendete-Faelle_csv.csv;data/raw/pks/bund/2019/BU-TV-03-T20-TV-vollendete-Faelle_csv.csv;https://www.bka.de/SharedDocs/Downloads/DE/Publikationen/PolizeilicheKriminalstatistik/2019/Bund/Tatverdaechtige/BU-TV-03-T20-TV-vollendete-Faelle_csv.csv?__blob=publicationFile&v=4;Bundeskriminalamt;2019;;2026-08-26;449318;e0accdb3c715c4ab6d7449c7fe74b2c0c752db8de0055f8198d8d2d7a497a599;dl-de/by-2-0;csv;faelle
BU-O-01-T91-Opfer_xls.xlsx;data/raw/pks/bund/2019/BU-O-01-T91-Opfer_xls.xlsx;https://www.bka.de/SharedDocs/Downloads/DE/Publikationen/PolizeilicheKriminalstatistik/2019/Bund/Opfer/BU-O-01-T91-Opfer_xls.xlsx?__blob=publicationFile&v=4;Bundeskriminalamt;2019;;2026-08-26;104743;50a2219c3265828cab5e530b8aee3ea10e3d4031fe20f1353e493061313ed623;dl-de/by-2-0;xlsx;opfer bund
BU-O-01-T91-Opfer_csv.csv;data/raw/pks/bund/2019/BU-O-01-T91-Opfer_csv.csv;https://www.bka.de/SharedDocs/Downloads/DE/Publikationen/PolizeilicheKriminalstatistik/2019/Bund/Opfer/BU-O-01-T91-Opfer_csv.csv?__blob=publicationFile&v=4;Bundeskriminalamt;2019;;2026-08-26;97822;17983396e9fa123b661554c92a0df22d396b81aef40af4240094596447b9bf1b;dl-de/by-2-0;csv;opfer
BU-O-02-T91-Alter-erw_xls.xlsx;data/raw/pks/bund/2019/BU-O-02-T91-Alter-erw_xls.xlsx;https://www.bka.de/SharedDocs/Downloads/DE/Publikationen/PolizeilicheKriminalstatistik/2019/Bund/Opfer/BU-O-02-T91-Alter-erw_xls.xlsx?__blob=publicationFile&v=4;Bundeskriminalamt;2019;;2026-08-26;197988;6e82df591c2ff6364cc40d338fd128232de95ce214deb28f5e211a31d8c1c865;dl-de/by-2-0;xlsx;opfer bund
BU-O-02-T91-Alter-erw_csv.csv;data/raw/pks/bund/2019/BU-O-02-T91-Alter-erw_csv.csv;https://www.bka.de/SharedDocs/Downloads/DE/Publikationen/PolizeilicheKriminalstatistik/2019/Bund/Opfer/BU-O-02-T91-Alter-erw_csv.csv?__blob=publicationFile&v=4;Bundeskriminalamt;2019;;2026-08-26;154432;ea8cea8ba0ddcdf31ec04543b2e1ab92c8310a7de09db298973d41f774000fd3;dl-de/by-2-0;csv;opfer
BU-O-03-T91-Opfer-ab-60J_xls.xlsx;data/raw/pks/bund/2019/BU-O-03-T91-Opfer-ab-60J_xls.xlsx;https://www.bka.de/SharedDocs/Downloads/DE/Publikationen/PolizeilicheKriminalstatistik/2019/Bund/Opfer/BU-O-03-T91-Opfer-ab-60J_xls.xlsx?__blob=publicationFile&v=4;Bundeskriminalamt;2019;;2026-08-26;91624;167983045a489cee2449948cb40895087f9ffe705a0ccba89147111741be75fd;dl-de/by-2-0;xlsx;opfer bund
BU-O-03-T91-Opfer-ab-60J_csv.csv;data/raw/pks/bund/2019/BU-O-03-T91-Opfer-ab-60J_csv.csv;https://www.bka.de/SharedDocs/Downloads/DE/Publikationen/PolizeilicheKriminalstatistik/2019/Bund/Opfer/BU-O-03-T91-Opfer-ab-60J_csv.csv?__blob=publicationFile&v=4;Bundeskriminalamt;2019;;2026-08-26;89589;8f7e3a3364ed8ca2efd1d96e2d276cbaa940cac3ecb0174fe669b05b6a707283;dl-de/by-2-0;csv;opfer
BU-O-04-T911-O-Staatsangehoerigkeiten_xls.xlsx;data/raw/pks/bund/2019/BU-O-04-T911-O-Staatsangehoerigkeiten_xls.xlsx;https://www.bka.de/SharedDocs/Downloads/DE/Publikationen/PolizeilicheKriminalstatistik/2019/Bund/Opfer/BU-O-04-T911-O-Staatsangehoerigkeiten_xls.xlsx?__blob=publicationFile&v=4;Bundeskriminalamt;2019;;2026-08-26;408170;d57378986a72e607aabb2d56af92d2a2d0ba4020811ba2255abc22dc805605d5;dl-de/by-2-0;xlsx;opfer bund
BU-O-04-T911-O-Staatsangehoerigkeiten_csv.csv;data/raw/pks/bund/2019/BU-O-04-T911-O-Staatsangehoerigkeiten_csv.csv;https://www.bka.de/SharedDocs/Downloads/DE/Publikationen/PolizeilicheKriminalstatistik/2019/Bund/Opfer/BU-O-04-T911-O-Staatsangehoerigkeiten_csv.csv?__blob=publicationFile&v=4;Bundeskriminalamt;2019;;2026-08-26;234376;10d5af52579d6c482e32e352926a0cfd541b9737abbf26b4e0b576f63a8baca9;dl-de/by-2-0;csv;opfer
BU-O-05-T92-O-TV-Bez_xls.xlsx;data/raw/pks/bund/2019/BU-O-05-T92-O-TV-Bez_xls.xlsx;https://www.bka.de/SharedDocs/Downloads/DE/Publikationen/PolizeilicheKriminalstatistik/2019/Bund/Opfer/BU-O-05-T92-O-TV-Bez_xls.xlsx?__blob=publicationFile&v=4;Bundeskriminalamt;2019;;2026-08-26;81766;61d724507a743683ddd59d3371bab13f23fb5a2d9f91566781d875e620745f14;dl-de/by-2-0;xlsx;opfer bund
BU-O-05-T92-O-TV-Bez_csv.csv;data/raw/pks/bund/2019/BU-O-05-T92-O-TV-Bez_csv.csv;https://www.bka.de/SharedDocs/Downloads/DE/Publikationen/PolizeilicheKriminalstatistik/2019/Bund/Opfer/BU-O-05-T92-O-TV-Bez_csv.csv?__blob=publicationFile&v=4;Bundeskriminalamt;2019;;2026-08-26;83902;2e3c72e80cf328056a5cb7bf45f68843e97651948b81ddbd7f57dfb317a56673;dl-de/by-2-0;csv;opfer
BU-O-06-T921-O-TV-Partner_xls.xlsx;data/raw/pks/bund/2019/BU-O-06-T921-O-TV-Partner_xls.xlsx;https://www.bka.de/SharedDocs/Downloads/DE/Publikationen/PolizeilicheKriminalstatistik/2019/Bund/Opfer/BU-O-06-T921-O-TV-Partner_xls.xlsx?__blob=publicationFile&v=4;Bundeskriminalamt;2019;;2026-08-26;62266;a6f7a296c396739bd65d611106e912c3e80306bbda9df484893e85fec5d0c33f;dl-de/by-2-0;xlsx;opfer bund
BU-O-06-T921-O-TV-Partner_csv.csv;data/raw/pks/bund/2019/BU-O-06-T921-O-TV-Partner_csv.csv;https://www.bka.de/SharedDocs/Downloads/DE/Publikationen/PolizeilicheKriminalstatistik/2019/Bund/Opfer/BU-O-06-T921-O-TV-Partner_csv.csv?__blob=publicationFile&v=4;Bundeskriminalamt;2019;;2026-08-26;70613;057157f21aef85906f4877da5d5943a619409b64ca71dc7146123ed4f6090584;dl-de/by-2-0;csv;opfer
BU-O-07-T922-O-TV-Familie_xls.xlsx;data/raw/pks/bund/2019/BU-O-07-T922-O-TV-Familie_xls.xlsx;https://www.bka.de/SharedDocs/Downloads/DE/Publikationen/PolizeilicheKriminalstatistik/2019/Bund/Opfer/BU-O-07-T922-O-TV-Familie_xls.xlsx?__blob=publicationFile&v=4;Bundeskriminalamt;2019;;2026-08-26;74231;aaaf0d715dd4cc99ee0fef077f5e23a35de46dc6d6dbe1559f920aca946ac426;dl-de/by-2-0;xlsx;opfer bund
BU-O-07-T922-O-TV-Familie_csv.csv;data/raw/pks/bund/2019/BU-O-07-T922-O-TV-Familie_csv.csv;https://www.bka.de/SharedDocs/Downloads/DE/Publikationen/PolizeilicheKriminalstatistik/2019/Bund/Opfer/BU-O-07-T922-O-TV-Familie_csv.csv?__blob=publicationFile&v=4;Bundeskriminalamt;2019;;2026-08-26;78563;63c7245940daf47f3c86003e6637a567cc81271a36d0f01b1cededa4967a276b;dl-de/by-2-0;csv;opfer
BU-O-08-T923-O-TV-informell_xls.xlsx;data/raw/pks/bund/2019/BU-O-08-T923-O-TV-informell_xls.xlsx;https://www.bka.de/SharedDocs/Downloads/DE/Publikationen/PolizeilicheKriminalstatistik/2019/Bund/Opfer/BU-O-08-T923-O-TV-informell_xls.xlsx?__blob=publicationFile&v=4;Bundeskriminalamt;2019;;2026-08-26;53815;19a5f58100792862b67d85d6a8320eacdcb36f461225c81a57bad3624eb0d67d;dl-de/by-2-0;xlsx;opfer bund
BU-O-08-T923-O-TV-informell_csv.csv;data/raw/pks/bund/2019/BU-O-08-T923-O-TV-informell_csv.csv;https://www.bka.de/SharedDocs/Downloads/DE/Publikationen/PolizeilicheKriminalstatistik/2019/Bund/Opfer/BU-O-08-T923-O-TV-informell_csv.csv?__blob=publicationFile&v=4;Bundeskriminalamt;2019;;2026-08-26;65596;015f83eab22e66e2d9ec57e10c99913756969046347a24c87d8c0486f80376ca;dl-de/by-2-0;csv;opfer
BU-O-09-T93-O-TV-raeumlich-sozial_xls.xlsx;data/raw/pks/bund/2019/BU-O-09-T93-O-TV-raeumlich-sozial_xls.xlsx;https://www.bka.de/SharedDocs/Downloads/DE/Publikationen/PolizeilicheKriminalstatistik/2019/Bund/Opfer/BU-O-09-T93-O-TV-raeumlich-sozial_xls.xlsx?__blob=publicationFile&v=4;Bundeskriminalamt;2019;;2026-08-26;68385;653cd86bdfcbc3b871f1e1c5c14d5f6e93d3a95fe33948169efdaf88ae923905;dl-de/by-2-0;xlsx;opfer bund
BU-O-09-T93-O-TV-raeumlich-sozial_csv.csv;data/raw/pks/bund/2019/BU-O-09-T93-O-TV-raeumlich-sozial_csv.csv;https://www.bka.de/SharedDocs/Downloads/DE/Publikationen/PolizeilicheKriminalstatistik/2019/Bund/Opfer/BU-O-09-T93-O-TV-raeumlich-sozial_csv.csv?__blob=publicationFile&v=4;Bundeskriminalamt;2019;;2026-08-26;74331;91617f1ec1b14344b9a8973ef7d8875cf1765b40424bac4ecc009be6a426d069;dl-de/by-2-0;csv;opfer
BU-O-10-T931-O-TV-raeumlich-sozial-a_xls.xlsx;data/raw/pks/bund/2019/BU-O-10-T931-O-TV-raeumlich-sozial-a_xls.xlsx;https://www.bka.de/SharedDocs/Downloads/DE/Publikationen/PolizeilicheKriminalstatistik/2019/Bund/Opfer/BU-O-10-T931-O-TV-raeumlich-sozial-a_xls.xlsx?__blob=publicationFile&v=4;Bundeskriminalamt;2019;;2026-08-26;68095;ab3ba6e5f23a2f2898a7bdf1142a63d9b0505970a79f0cc836687e08b830fe83;dl-de/by-2-0;xlsx;opfer bund
BU-O-10-T931-O-TV-raeumlich-sozial-a_csv.csv;data/raw/pks/bund/2019/BU-O-10-T931-O-TV-raeumlich-sozial-a_csv.csv;https://www.bka.de/SharedDocs/Downloads/DE/Publikationen/PolizeilicheKriminalstatistik/2019/Bund/Opfer/BU-O-10-T931-O-TV-raeumlich-sozial-a_csv.csv?__blob=publicationFile&v=4;Bundeskriminalamt;2019;;2026-08-26;75252;0d72162f07b6b7d3ff26ec64ed397e96dc611a67c7da7bfd0cf85388ef5f052b;dl-de/by-2-0;csv;opfer
BU-O-11-T932-O-TV-raeumlich-sozial-b_xls.xlsx;data/raw/pks/bund/2019/BU-O-11-T932-O-TV-raeumlich-sozial-b_xls.xlsx;https://www.bka.de/SharedDocs/Downloads/DE/Publikationen/PolizeilicheKriminalstatistik/2019/Bund/Opfer/BU-O-11-T932-O-TV-raeumlich-sozial-b_xls.xlsx?__blob=publicationFile&v=4;Bundeskriminalamt;2019;;2026-08-26;53257;d118abf5cf30fec92d4f2f6c4b52b33ed7bb5147b985dbca07fe4c769c8ceafe;dl-de/by-2-0;xlsx;opfer bund
BU-O-11-T932-O-TV-raeumlich-sozial-b_csv.csv;data/raw/pks/bund/2019/BU-O-11-T932-O-TV-raeumlich-sozial-b_csv.csv;https://www.bka.de/SharedDocs/Downloads/DE/Publikationen/PolizeilicheKriminalstatistik/2019/Bund/Opfer/BU-O-11-T932-O-TV-raeumlich-sozial-b_csv.csv?__blob=publicationFile&v=4;Bundeskriminalamt;2019;;2026-08-26;65808;c6c814743e451ffecdc2af3e1caf06d2b0fcf58f1a18a81d957a734ac4322862;dl-de/by-2-0;csv;opfer
BU-O-12-T933-O-TV-raeumlich-sozial-c_xls.xlsx;data/raw/pks/bund/2019/BU-O-12-T933-O-TV-raeumlich-sozial-c_xls.xlsx;https://www.bka.de/SharedDocs/Downloads/DE/Publikationen/PolizeilicheKriminalstatistik/2019/Bund/Opfer/BU-O-12-T933-O-TV-raeumlich-sozial-c_xls.xlsx?__blob=publicationFile&v=4;Bundeskriminalamt;2019;;2026-08-26;67034;093dbce55ea2a2242e895969d40cc496743470c0141aa776af5cca3f5f0d4888;dl-de/by-2-0;xlsx;opfer bund
BU-O-12-T933-O-TV-raeumlich-sozial-c_csv.csv;data/raw/pks/bund/2019/BU-O-12-T933-O-TV-raeumlich-sozial-c_csv.csv;https://www.bka.de/SharedDocs/Downloads/DE/Publikationen/PolizeilicheKriminalstatistik/2019/Bund/Opfer/BU-O-12-T933-O-TV-raeumlich-sozial-c_csv.csv?__blob=publicationFile&v=4;Bundeskriminalamt;2019;;2026-08-26;73410;b11f61d5624a47a4f276c9e55f1d3728988afa6349a41021cf0df4c55b0b4b12;dl-de/by-2-0;csv;opfer
BU-O-13-T94-Opferspezifik_xls.xlsx;data/raw/pks/bund/2019/BU-O-13-T94-Opferspezifik_xls.xlsx;https://www.bka.de/SharedDocs/Downloads/DE/Publikationen/PolizeilicheKriminalstatistik/2019/Bund/Opfer/BU-O-13-T94-Opferspezifik_xls.xlsx?__blob=publicationFile&v=4;Bundeskriminalamt;2019;;2026-08-26;63283;32d885eb1649de7bc19f856424842567f1ce68a38f388fdd1ffacd3da452a495;dl-de/by-2-0;xlsx;opfer bund
BU-O-13-T94-Opferspezifik_csv.csv;data/raw/pks/bund/2019/BU-O-13-T94-Opferspezifik_csv.csv;https://www.bka.de/SharedDocs/Downloads/DE/Publikationen/PolizeilicheKriminalstatistik/2019/Bund/Opfer/BU-O-13-T94-Opferspezifik_csv.csv?__blob=publicationFile&v=4;Bundeskriminalamt;2019;;2026-08-26;70045;dee68dff3278f499195cc8c5ff648663d05b28aa2d2928a6d2228d0e198b96d3;dl-de/by-2-0;csv;opfer
BU-O-14-T941-Beeintraechtigung_xls.xlsx;data/raw/pks/bund/2019/BU-O-14-T941-Beeintraechtigung_xls.xlsx;https://www.bka.de/SharedDocs/Downloads/DE/Publikationen/PolizeilicheKriminalstatistik/2019/Bund/Opfer/BU-O-14-T941-Beeintraechtigung_xls.xlsx?__blob=publicationFile&v=4;Bundeskriminalamt;2019;;2026-08-26;69788;56d2baa3e5d0eb5776b5b551b283bec2c33f393d98dd0204cf40585371bce17c;dl-de/by-2-0;xlsx;opfer bund
BU-O-14-T941-Beeintraechtigung_csv.csv;data/raw/pks/bund/2019/BU-O-14-T941-Beeintraechtigung_csv.csv;https://www.bka.de/SharedDocs/Downloads/DE/Publikationen/PolizeilicheKriminalstatistik/2019/Bund/Opfer/BU-O-14-T941-Beeintraechtigung_csv.csv?__blob=publicationFile&v=4;Bundeskriminalamt;2019;;2026-08-26;74504;1738ec7968199416abf5341f81d739036370080e72eaa35fba919a64f48570fa;dl-de/by-2-0;csv;opfer
BU-O-15-T942-Beruf-Taetigkeit-1_xls.xlsx;data/raw/pks/bund/2019/BU-O-15-T942-Beruf-Taetigkeit-1_xls.xlsx;https://www.bka.de/SharedDocs/Downloads/DE/Publikationen/PolizeilicheKriminalstatistik/2019/Bund/Opfer/BU-O-15-T942-Beruf-Taetigkeit-1_xls.xlsx?__blob=publicationFile&v=4;Bundeskriminalamt;2019;;2026-08-26;62585;14c82ec394faa811cc0861e600dec0374f7e659cb09b0863b953ab183f82e872;dl-de/by-2-0;xlsx;opfer bund
BU-O-15-T942-Beruf-Taetigkeit-1_csv.csv;data/raw/pks/bund/2019/BU-O-15-T942-Beruf-Taetigkeit-1_csv.csv;https://www.bka.de/SharedDocs/Downloads/DE/Publikationen/PolizeilicheKriminalstatistik/2019/Bund/Opfer/BU-O-15-T942-Beruf-Taetigkeit-1_csv.csv?__blob=publicationFile&v=4;Bundeskriminalamt;2019;;2026-08-26;69584;47c4acc6db9ab9e391e28bcbe4c04f9640525418dd489afcc21cbc49e6352c5d;dl-de/by-2-0;csv;opfer
BU-O-16-T943-Beruf-Taetigkeit-2_xls.xlsx;data/raw/pks/bund/2019/BU-O-16-T943-Beruf-Taetigkeit-2_xls.xlsx;https://www.bka.de/SharedDocs/Downloads/DE/Publikationen/PolizeilicheKriminalstatistik/2019/Bund/Opfer/BU-O-16-T943-Beruf-Taetigkeit-2_xls.xlsx?__blob=publicationFile&v=4;Bundeskriminalamt;2019;;2026-08-26;75370;52285c8a27bf07b3b72011cab1449b29580fcdf430f0aaa7e5b1be8554ae524f;dl-de/by-2-0;xlsx;opfer bund
BU-O-16-T943-Beruf-Taetigkeit-2_csv.csv;data/raw/pks/bund/2019/BU-O-16-T943-Beruf-Taetigkeit-2_csv.csv;https://www.bka.de/SharedDocs/Downloads/DE/Publikationen/PolizeilicheKriminalstatistik/2019/Bund/Opfer/BU-O-16-T943-Beruf-Taetigkeit-2_csv.csv?__blob=publicationFile&v=4;Bundeskriminalamt;2019;;2026-08-26;79601;474568f63ef5a2acd14fb57b0477a34c8ac3e9e638c17cbe9aed9db0caed4a2d;dl-de/by-2-0;csv;opfer
BU-O-17-T944-Sonstiges_xls.xlsx;data/raw/pks/bund/2019/BU-O-17-T944-Sonstiges_xls.xlsx;https://www.bka.de/SharedDocs/Downloads/DE/Publikationen/PolizeilicheKriminalstatistik/2019/Bund/Opfer/BU-O-17-T944-Sonstiges_xls.xlsx?__blob=publicationFile&v=4;Bundeskriminalamt;2019;;2026-08-26;58727;15b6012f369369583ca219b9633a4cd4794ca3c6ec61d64e89aabcd2c62f159a;dl-de/by-2-0;xlsx;opfer bund
BU-O-17-T944-Sonstiges_csv.csv;data/raw/pks/bund/2019/BU-O-17-T944-Sonstiges_csv.csv;https://www.bka.de/SharedDocs/Downloads/DE/Publikationen/PolizeilicheKriminalstatistik/2019/Bund/Opfer/BU-O-17-T944-Sonstiges_csv.csv?__blob=publicationFile&v=4;Bundeskriminalamt;2019;;2026-08-26;67759;d3d384ba4cd575e6d7f97bbc5c768b3186f8d4d04ad7ddf39c7f6479ac09d707;dl-de/by-2-0;csv;opfer
LA-F-01-T01-Laender-Faelle_xls.xlsx;data/raw/pks/laender/2019/LA-F-01-T01-Laender-Faelle_xls.xlsx;https://www.bka.de/SharedDocs/Downloads/DE/Publikationen/PolizeilicheKriminalstatistik/2019/Land/Faelle/LA-F-01-T01-Laender-Faelle_xls.xlsx?__blob=publicationFile&v=7;Bundeskriminalamt;2019;;2026-08-26;2160364;ab6876f3c984de9be0efcfa62ea7a388ff7b89b3cdb830b04e25e552d2dc0c6c;dl-de/by-2-0;xlsx;faelle laender
LA-F-01-T01-Laender-Faelle_csv.csv;data/raw/pks/laender/2019/LA-F-01-T01-Laender-Faelle_csv.csv;https://www.bka.de/SharedDocs/Downloads/DE/Publikationen/PolizeilicheKriminalstatistik/2019/Land/Faelle/LA-F-01-T01-Laender-Faelle_csv.csv?__blob=publicationFile&v=5;Bundeskriminalamt;2019;;2026-08-26;2567760;f0d39188bda03d8d259664c3834f90aa5f2bc2be480752cc14849a7c581e3189;dl-de/by-2-0;csv;faelle laender
LA-F-02-T01-Laender-Faelle-HZ_xls.xlsx;data/raw/pks/laender/2019/LA-F-02-T01-Laender-Faelle-HZ_xls.xlsx;https://www.bka.de/SharedDocs/Downloads/DE/Publikationen/PolizeilicheKriminalstatistik/2019/Land/Faelle/LA-F-02-T01-Laender-Faelle-HZ_xls.xlsx?__blob=publicationFile&v=8;Bundeskriminalamt;2019;;2026-08-26;1806533;cb253e743ac7806efac1752c31ad74d5aa50ce5fe863094db4e4bf8da2a241bd;dl-de/by-2-0;xlsx;faelle laender
LA-F-02-T01-Laender-Faelle-HZ_csv.csv;data/raw/pks/laender/2019/LA-F-02-T01-Laender-Faelle-HZ_csv.csv;https://www.bka.de/SharedDocs/Downloads/DE/Publikationen/PolizeilicheKriminalstatistik/2019/Land/Faelle/LA-F-02-T01-Laender-Faelle-HZ_csv.csv?__blob=publicationFile&v=6;Bundeskriminalamt;2019;;2026-08-26;2134583;1a44a6e8f7904d57f2613ecaa988e79b26af0ff7899266a2293f8de602e5c99c;dl-de/by-2-0;csv;faelle laender
LA-F-03-T01-Laender-Fallentw_xls.xlsx;data/raw/pks/laender/2019/LA-F-03-T01-Laender-Fallentw_xls.xlsx;https://www.bka.de/SharedDocs/Downloads/DE/Publikationen/PolizeilicheKriminalstatistik/2019/Land/Faelle/LA-F-03-T01-Laender-Fallentw_xls.xlsx?__blob=publicationFile&v=8;Bundeskriminalamt;2019;;2026-08-26;1943057;774294ad0323e8c719e5ab3f45a8792d3b081225b896da4554a4153ce0dec109;dl-de/by-2-0;xlsx;faelle laender
LA-F-03-T01-Laender-Fallentw_csv.csv;data/raw/pks/laender/2019/LA-F-03-T01-Laender-Fallentw_csv.csv;https://www.bka.de/SharedDocs/Downloads/DE/Publikationen/PolizeilicheKriminalstatistik/2019/Land/Faelle/LA-F-03-T01-Laender-Fallentw_csv.csv?__blob=publicationFile&v=6;Bundeskriminalamt;2019;;2026-08-26;2278085;07c3f8dc34a6227e51e10f34ba83633866aeeb29e2c5546060360f8c7b6a743a;dl-de/by-2-0;csv;faelle laender
LA-F-04-T07-Laender-Schaden_xls.xlsx;data/raw/pks/laender/2019/LA-F-04-T07-Laender-Schaden_xls.xlsx;https://www.bka.de/SharedDocs/Downloads/DE/Publikationen/PolizeilicheKriminalstatistik/2019/Land/Faelle/LA-F-04-T07-Laender-Schaden_xls.xlsx?__blob=publicationFile&v=6;Bundeskriminalamt;2019;;2026-08-26;738818;c1c663be716920e96757fbeadf4bb1adc7b6f7d0998a246bf9c24b087e13c4c4;dl-de/by-2-0;xlsx;faelle laender
LA-F-04-T07-Laender-Schaden_csv.csv;data/raw/pks/laender/2019/LA-F-04-T07-Laender-Schaden_csv.csv;https://www.bka.de/SharedDocs/Downloads/DE/Publikationen/PolizeilicheKriminalstatistik/2019/Land/Faelle/LA-F-04-T07-Laender-Schaden_csv.csv?__blob=publicationFile&v=4;Bundeskriminalamt;2019;;2026-08-26;974203;470a2fd5d838cdc6af595a642248e02c12f37a43c8f21dc8cc186a23ceaaf5e4;dl-de/by-2-0;csv;faelle laender
LA-F-05-T02-Laender-Faelle-Wikri_xls.xlsx;data/raw/pks/laender/2019/LA-F-05-T02-Laender-Faelle-Wikri_xls.xlsx;https://www.bka.de/SharedDocs/Downloads/DE/Publikationen/PolizeilicheKriminalstatistik/2019/Land/Faelle/LA-F-05-T02-Laender-Faelle-Wikri_xls.xlsx?__blob=publicationFile&v=6;Bundeskriminalamt;2019;;2026-08-26;592058;0f92efd50db5d6f1199ce9c99d32d3732ed394175aee723a6ef284478b75728f;dl-de/by-2-0;xlsx;faelle laender
LA-F-05-T02-Laender-Faelle-Wikri_csv.csv;data/raw/pks/laender/2019/LA-F-05-T02-Laender-Faelle-Wikri_csv.csv;https://www.bka.de/SharedDocs/Downloads/DE/Publikationen/PolizeilicheKriminalstatistik/2019/Land/Faelle/LA-F-05-T02-Laender-Faelle-Wikri_csv.csv?__blob=publicationFile&v=4;Bundeskriminalamt;2019;;2026-08-26;708200;3da57dc0adf36598f60bf5737ad4bd7ff8f747e210dc450e5209d5ff87543d7d;dl-de/by-2-0;csv;faelle laender
LA-F-06-T02-Laender-Faelle-Wikri-HZ_xls.xlsx;data/raw/pks/laender/2019/LA-F-06-T02-Laender-Faelle-Wikri-HZ_xls.xlsx;https://www.bka.de/SharedDocs/Downloads/DE/Publikationen/PolizeilicheKriminalstatistik/2019/Land/Faelle/LA-F-06-T02-Laender-Faelle-Wikri-HZ_xls.xlsx?__blob=publicationFile&v=6;Bundeskriminalamt;2019;;2026-08-26;380426;b1b4f216bcc77435f6da3759ebe74b6fc2132819585036a913e2d16df1a13a7d;dl-de/by-2-0;xlsx;faelle laender
LA-F-06-T02-Laender-Faelle-Wikri-HZ_csv.csv;data/raw/pks/laender/2019/LA-F-06-T02-Laender-Faelle-Wikri-HZ_csv.csv;https://www.bka.de/SharedDocs/Downloads/DE/Publikationen/PolizeilicheKriminalstatistik/2019/Land/Faelle/LA-F-06-T02-Laender-Faelle-Wikri-HZ_csv.csv?__blob=publicationFile&v=4;Bundeskriminalamt;2019;;2026-08-26;596956;450fbfedf19de84528c6bded6c55cd30259adaa5627ec0f3153cbc706b9f5b70;dl-de/by-2-0;csv;faelle laender
LA-F-07-T02-Laender-Wikri-Fallentw_xls.xlsx;data/raw/pks/laender/2019/LA-F-07-T02-Laender-Wikri-Fallentw_xls.xlsx;https://www.bka.de/SharedDocs/Downloads/DE/Publikationen/PolizeilicheKriminalstatistik/2019/Land/Faelle/LA-F-07-T02-Laender-Wikri-Fallentw_xls.xlsx?__blob=publicationFile&v=8;Bundeskriminalamt;2019;;2026-08-26;425843;1a28a5a81e70d72b8076a149b766ba782731dd2bb46a743f00125ef05d778791;dl-de/by-2-0;xlsx;faelle laender
LA-F-07-T02-Laender-Wikri-Fallentw_csv.csv;data/raw/pks/laender/2019/LA-F-07-T02-Laender-Wikri-Fallentw_csv.csv;https://www.bka.de/SharedDocs/Downloads/DE/Publikationen/PolizeilicheKriminalstatistik/2019/Land/Faelle/LA-F-07-T02-Laender-Wikri-Fallentw_csv.csv?__blob=publicationFile&v=6;Bundeskriminalamt;2019;;2026-08-26;626430;2c0beea791bb3cdee234f501b83ad46d5a01218fd6d9a2d1f79ed9b1cd80dd1e;dl-de/by-2-0;csv;faelle laender
LA-F-08-T09-Laender-Schaden-Wikri_xls.xlsx;data/raw/pks/laender/2019/LA-F-08-T09-Laender-Schaden-Wikri_xls.xlsx;https://www.bka.de/SharedDocs/Downloads/DE/Publikationen/PolizeilicheKriminalstatistik/2019/Land/Faelle/LA-F-08-T09-Laender-Schaden-Wikri_xls.xlsx?__blob=publicationFile&v=6;Bundeskriminalamt;2019;;2026-08-26;172313;8ae3164f9acb508972d1cf89c5e8726bc72e068e937962e3a02a29e4b5f32513;dl-de/by-2-0;xlsx;faelle laender
LA-F-08-T09-Laender-Schaden-Wikri_csv.csv;data/raw/pks/laender/2019/LA-F-08-T09-Laender-Schaden-Wikri_csv.csv;https://www.bka.de/SharedDocs/Downloads/DE/Publikationen/PolizeilicheKriminalstatistik/2019/Land/Faelle/LA-F-08-T09-Laender-Schaden-Wikri_csv.csv?__blob=publicationFile&v=4;Bundeskriminalamt;2019;;2026-08-26;183236;e71a708b04d58bb05058ad31649cf5271a127190be68e33483b28692bdf39ddd;dl-de/by-2-0;csv;faelle laender
LA-F-09-T05-Laender-Faelle-TM-Internet-HZ_xls.xlsx;data/raw/pks/laender/2019/LA-F-09-T05-Laender-Faelle-TM-Internet-HZ_xls.xlsx;https://www.bka.de/SharedDocs/Downloads/DE/Publikationen/PolizeilicheKriminalstatistik/2019/Land/Faelle/LA-F-09-T05-Laender-Faelle-TM-Internet-HZ_xls.xlsx?__blob=publicationFile&v=7;Bundeskriminalamt;2019;;2026-08-26;1143643;53b64e14d6c86823e1caec31318dd49c5b3ffb399755b2d289d6ab60eff49500;dl-de/by-2-0;xlsx;faelle laender
LA-F-09-T05-Laender-Faelle-TM-Internet-HZ_csv.csv;data/raw/pks/laender/2019/LA-F-09-T05-Laender-Faelle-TM-Internet-HZ_csv.csv;https://www.bka.de/SharedDocs/Downloads/DE/Publikationen/PolizeilicheKriminalstatistik/2019/Land/Faelle/LA-F-09-T05-Laender-Faelle-TM-Internet-HZ_csv.csv?__blob=publicationFile&v=5;Bundeskriminalamt;2019;;2026-08-26;1990989;e5d3b328f322e78270e051a38855974b6e6a447cf545e88b8d383d493b60b544;dl-de/by-2-0;csv;faelle laender
LA-F-10-T05-Laender-TM-Fallentw_xls.xlsx;data/raw/pks/laender/2019/LA-F-10-T05-Laender-TM-Fallentw_xls.xlsx;https://www.bka.de/SharedDocs/Downloads/DE/Publikationen/PolizeilicheKriminalstatistik/2019/Land/Faelle/LA-F-10-T05-Laender-TM-Fallentw_xls.xlsx?__blob=publicationFile&v=8;Bundeskriminalamt;2019;;2026-08-26;1358308;43722760f0ec56b7056f67f63794121e51b06da26b8148d8ee6d1c931933508c;dl-de/by-2-0;xlsx;faelle laender
LA-F-10-T05-Laender-TM-Fallentw_csv.csv;data/raw/pks/laender/2019/LA-F-10-T05-Laender-TM-Fallentw_csv.csv;https://www.bka.de/SharedDocs/Downloads/DE/Publikationen/PolizeilicheKriminalstatistik/2019/Land/Faelle/LA-F-10-T05-Laender-TM-Fallentw_csv.csv?__blob=publicationFile&v=6;Bundeskriminalamt;2019;;2026-08-26;2070433;b073378123c41ea41b056d6beefa02fe141973c27f4ed4a920c74b8b9d8835bc;dl-de/by-2-0;csv;faelle laender
BU-F-01-T01-Faelle_xls.xlsx;data/raw/pks/bund/2020/BU-F-01-T01-Faelle_xls.xlsx;https://www.bka.de/SharedDocs/Downloads/DE/Publikationen/PolizeilicheKriminalstatistik/2020/Bund/Faelle/BU-F-01-T01-Faelle_xls.xlsx?__blob=publicationFile&v=5;Bundeskriminalamt;2020;;2026-08-26;172179;d6d67514a90510c98d774aa48b9af813df7a5fc91968ee94f019a498497ea7ef;dl-de/by-2-0;xlsx;faelle bund
BU-F-01-T01-Faelle_csv.csv;data/raw/pks/bund/2020/BU-F-01-T01-Faelle_csv.csv;https://www.bka.de/SharedDocs/Downloads/DE/Publikationen/PolizeilicheKriminalstatistik/2020/Bund/Faelle/BU-F-01-T01-Faelle_csv.csv?__blob=publicationFile&v=5;Bundeskriminalamt;2020;;2026-08-26;154320;6d6c1281656ad026683075fc3fb40698e0100227d7de644890dc78bb733e7cec;dl-de/by-2-0;csv;faelle
BU-F-02-T01-Fallentw_xls.xlsx;data/raw/pks/bund/2020/BU-F-02-T01-Fallentw_xls.xlsx;https://www.bka.de/SharedDocs/Downloads/DE/Publikationen/PolizeilicheKriminalstatistik/2020/Bund/Faelle/BU-F-02-T01-Fallentw_xls.xlsx?__blob=publicationFile&v=5;Bundeskriminalamt;2020;;2026-08-26;170593;d88a540580031b50337ae6910733d80cfe28dcdbbc784fe5bf684adb3cd0d337;dl-de/by-2-0;xlsx;faelle bund
BU-F-02-T01-Fallentw_csv.csv;data/raw/pks/bund/2020/BU-F-02-T01-Fallentw_csv.csv;https://www.bka.de/SharedDocs/Downloads/DE/Publikationen/PolizeilicheKriminalstatistik/2020/Bund/Faelle/BU-F-02-T01-Fallentw_csv.csv?__blob=publicationFile&v=5;Bundeskriminalamt;2020;;2026-08-26;130750;554124c5e72063002a5cb6e6b1ec065596c11a18e316431dfdc137a9e86eda61;dl-de/by-2-0;csv;faelle
BU-F-03-T01-vollendete-Faelle_xls.xlsx;data/raw/pks/bund/2020/BU-F-03-T01-vollendete-Faelle_xls.xlsx;https://www.bka.de/SharedDocs/Downloads/DE/Publikationen/PolizeilicheKriminalstatistik/2020/Bund/Faelle/BU-F-03-T01-vollendete-Faelle_xls.xlsx?__blob=publicationFile&v=5;Bundeskriminalamt;2020;;2026-08-26;159263;ebd7a517575016791b3c5347e5b9ca9d6e6305e597b7ed7c74395c24bd931c78;dl-de/by-2-0;xlsx;faelle bund
BU-F-03-T01-vollendete-Faelle_csv.csv;data/raw/pks/bund/2020/BU-F-03-T01-vollendete-Faelle_csv.csv;https://www.bka.de/SharedDocs/Downloads/DE/Publikationen/PolizeilicheKriminalstatistik/2020/Bund/Faelle/BU-F-03-T01-vollendete-Faelle_csv.csv?__blob=publicationFile&v=5;Bundeskriminalamt;2020;;2026-08-26;146345;fb08f7c9ac09c13a5902cf497f770488c2921e8fd15d404d96a2c7412654ce8d;dl-de/by-2-0;csv;faelle
BU-F-04-T01-Tatortverteilung-Prozent_xls.xlsx;data/raw/pks/bund/2020/BU-F-04-T01-Tatortverteilung-Prozent_xls.xlsx;https://www.bka.de/SharedDocs/Downloads/DE/Publikationen/PolizeilicheKriminalstatistik/2020/Bund/Faelle/BU-F-04-T01-Tatortverteilung-Prozent_xls.xlsx?__blob=publicationFile&v=5;Bundeskriminalamt;2020;;2026-08-26;134591;2ec8f1116f63fa2661617ca1d39621c5072cb3fddf1d7e518f6925ef87b03829;dl-de/by-2-0;xlsx;faelle bund
BU-F-04-T01-Tatortverteilung-Prozent_csv.csv;data/raw/pks/bund/2020/BU-F-04-T01-Tatortverteilung-Prozent_csv.csv;https://www.bka.de/SharedDocs/Downloads/DE/Publikationen/PolizeilicheKriminalstatistik/2020/Bund/Faelle/BU-F-04-T01-Tatortverteilung-Prozent_csv.csv?__blob=publicationFile&v=5;Bundeskriminalamt;2020;;2026-08-26;109343;e0dac1fb752dadb9bd17cc58b3a40bbd9d543f260140be0a1132e120bdfd0d82;dl-de/by-2-0;csv;faelle
BU-F-05-T01-Tatzeit-vor-Berichtsjahr_xls.xlsx;data/raw/pks/bund/2020/BU-F-05-T01-Tatzeit-vor-Berichtsjahr_xls.xlsx;https://www.bka.de/SharedDocs/Downloads/DE/Publikationen/PolizeilicheKriminalstatistik/2020/Bund/Faelle/BU-F-05-T01-Tatzeit-vor-Berichtsjahr_xls.xlsx?__blob=publicationFile&v=5;Bundeskriminalamt;2020;;2026-08-26;199217;69c95de157b05257780c880732b4eb12ee41999612bc4ead63cb8156bbbce918;dl-de/by-2-0;xlsx;faelle bund
BU-F-05-T01-Tatzeit-vor-Berichtsjahr_csv.csv;data/raw/pks/bund/2020/BU-F-05-T01-Tatzeit-vor-Berichtsjahr_csv.csv;https://www.bka.de/SharedDocs/Downloads/DE/Publikationen/PolizeilicheKriminalstatistik/2020/Bund/Faelle/BU-F-05-T01-Tatzeit-vor-Berichtsjahr_csv.csv?__blob=publicationFile&v=7;Bundeskriminalamt;2020;;2026-08-26;164022;2a75283c66e4e66fcb8a56a18ee5ef94a649afdf7c32b4b11298270a35f1c67a;dl-de/by-2-0;csv;faelle
BU-F-06-T12-aufgeklaert_xls.xlsx;data/raw/pks/bund/2020/BU-F-06-T12-aufgeklaert_xls.xlsx;https://www.bka.de/SharedDocs/Downloads/DE/Publikationen/PolizeilicheKriminalstatistik/2020/Bund/Faelle/BU-F-06-T12-aufgeklaert_xls.xlsx?__blob=publicationFile&v=5;Bundeskriminalamt;2020;;2026-08-26;126989;54b770d440268c82ce38029ba3be8661850c1587effecfbba025ed45ba6dac69;dl-de/by-2-0;xlsx;faelle bund
BU-F-06-T12-aufgeklaert_csv.csv;data/raw/pks/bund/2020/BU-F-06-T12-aufgeklaert_csv.csv;https://www.bka.de/SharedDocs/Downloads/DE/Publikationen/PolizeilicheKriminalstatistik/2020/Bund/Faelle/BU-F-06-T12-aufgeklaert_csv.csv?__blob=publicationFile&v=5;Bundeskriminalamt;2020;;2026-08-26;126824;2c16ce640d7330d577bccb5b0df900ef8070607353a4992f2114ba594d1f51d8;dl-de/by-2-0;csv;faelle
BU-F-07-T07-Schaden_xls.xlsx;data/raw/pks/bund/2020/BU-F-07-T07-Schaden_xls.xlsx;https://www.bka.de/SharedDocs/Downloads/DE/Publikationen/PolizeilicheKriminalstatistik/2020/Bund/Faelle/BU-F-07-T07-Schaden_xls.xlsx?__blob=publicationFile&v=5;Bundeskriminalamt;2020;;2026-08-26;66965;996904e33611df360539ab3fa778fe9a679bda586c401040b9362be22a453f4a;dl-de/by-2-0;xlsx;faelle bund
BU-F-07-T07-Schaden_csv.csv;data/raw/pks/bund/2020/BU-F-07-T07-Schaden_csv.csv;https://www.bka.de/SharedDocs/Downloads/DE/Publikationen/PolizeilicheKriminalstatistik/2020/Bund/Faelle/BU-F-07-T07-Schaden_csv.csv?__blob=publicationFile&v=5;Bundeskriminalamt;2020;;2026-08-26;58874;556a24339542ae6a85da92fa8d8753a259211b8e29a32f7f4f82d6b02530df8b;dl-de/by-2-0;csv;faelle
BU-F-08-T08-Tatzeit_xls.xlsx;data/raw/pks/bund/2020/BU-F-08-T08-Tatzeit_xls.xlsx;https://www.bka.de/SharedDocs/Downloads/DE/Publikationen/PolizeilicheKriminalstatistik/2020/Bund/Faelle/BU-F-08-T08-Tatzeit_xls.xlsx?__blob=publicationFile&v=6;Bundeskriminalamt;2020;;2026-08-26;144848;416dc45ea9424cc4c8a93bbff7dbe57038141c270f072c9b55f3f1743d6960f2;dl-de/by-2-0;xlsx;faelle bund
BU-F-08-T08-Tatzeit_csv.csv;data/raw/pks/bund/2020/BU-F-08-T08-Tatzeit_csv.csv;https://www.bka.de/SharedDocs/Downloads/DE/Publikationen/PolizeilicheKriminalstatistik/2020/Bund/Faelle/BU-F-08-T08-Tatzeit_csv.csv?__blob=publicationFile&v=6;Bundeskriminalamt;2020;;2026-08-26;161594;8d6887b59f46bbd16f93048c23531074af8e917026a474ada7fac2df6a165cb1;dl-de/by-2-0;csv;faelle
BU-F-09-T02-Wikri_xls.xlsx;data/raw/pks/bund/2020/BU-F-09-T02-Wikri_xls.xlsx;https://www.bka.de/SharedDocs/Downloads/DE/Publikationen/PolizeilicheKriminalstatistik/2020/Bund/Faelle/BU-F-09-T02-Wikri_xls.xlsx?__blob=publicationFile&v=5;Bundeskriminalamt;2020;;2026-08-26;53895;d967191f4a0f357a4d9135ac07f14959c76bbb6ef06b1cd6a0e8e06a84bdc343;dl-de/by-2-0;xlsx;faelle bund
BU-F-09-T02-Wikri_csv.csv;data/raw/pks/bund/2020/BU-F-09-T02-Wikri_csv.csv;https://www.bka.de/SharedDocs/Downloads/DE/Publikationen/PolizeilicheKriminalstatistik/2020/Bund/Faelle/BU-F-09-T02-Wikri_csv.csv?__blob=publicationFile&v=5;Bundeskriminalamt;2020;;2026-08-26;39969;aa9ca8a24447bcf6618a790b5a32127382169ec62c5af69a523e605e938dbe61;dl-de/by-2-0;csv;faelle
BU-F-10-T02-Wikri-Fallentw_xls.xlsx;data/raw/pks/bund/2020/BU-F-10-T02-Wikri-Fallentw_xls.xlsx;https://www.bka.de/SharedDocs/Downloads/DE/Publikationen/PolizeilicheKriminalstatistik/2020/Bund/Faelle/BU-F-10-T02-Wikri-Fallentw_xls.xlsx?__blob=publicationFile&v=5;Bundeskriminalamt;2020;;2026-08-26;48521;ff3a4d7d90bf9adc6200fb1fbf680f87993852a21291c6e2fe5c340a28e3e9f5;dl-de/by-2-0;xlsx;faelle bund
BU-F-10-T02-Wikri-Fallentw_csv.csv;data/raw/pks/bund/2020/BU-F-10-T02-Wikri-Fallentw_csv.csv;https://www.bka.de/SharedDocs/Downloads/DE/Publikationen/PolizeilicheKriminalstatistik/2020/Bund/Faelle/BU-F-10-T02-Wikri-Fallentw_csv.csv?__blob=publicationFile&v=5;Bundeskriminalamt;2020;;2026-08-26;25891;8e643c6a2c48ad4b184cd39b464a53d95b94b5daf7975b086506ca7b4a6f9bb3;dl-de/by-2-0;csv;faelle
BU-F-11-T09-Schaden-Wikri_xls.xlsx;data/raw/pks/bund/2020/BU-F-11-T09-Schaden-Wikri_xls.xlsx;https://www.bka.de/SharedDocs/Downloads/DE/Publikationen/PolizeilicheKriminalstatistik/2020/Bund/Faelle/BU-F-11-T09-Schaden-Wikri_xls.xlsx?__blob=publicationFile&v=5;Bundeskriminalamt;2020;;2026-08-26;22356;5a8b7055eb51c7cd4f32420094ce6cfe28ef90bf1b9104a02d7ced5bd7d526f6;dl-de/by-2-0;xlsx;faelle bund
BU-F-11-T09-Schaden-Wikri_csv.csv;data/raw/pks/bund/2020/BU-F-11-T09-Schaden-Wikri_csv.csv;https://www.bka.de/SharedDocs/Downloads/DE/Publikationen/PolizeilicheKriminalstatistik/2020/Bund/Faelle/BU-F-11-T09-Schaden-Wikri_csv.csv?__blob=publicationFile&v=5;Bundeskriminalamt;2020;;2026-08-26;10885;2daa750607d5248d65911dcae9e87a8aadaaffe61af139cb753007ff06d9261f;dl-de/by-2-0;csv;faelle
BU-F-12-T05-TM-Internet_xls.xlsx;data/raw/pks/bund/2020/BU-F-12-T05-TM-Internet_xls.xlsx;https://www.bka.de/SharedDocs/Downloads/DE/Publikationen/PolizeilicheKriminalstatistik/2020/Bund/Faelle/BU-F-12-T05-TM-Internet_xls.xlsx?__blob=publicationFile&v=5;Bundeskriminalamt;2020;;2026-08-26;140786;76e2be1afa418423ab1cf245d0c43b85c339d00dffa9f5f86dd5ce31991f0092;dl-de/by-2-0;xlsx;faelle bund
BU-F-12-T05-TM-Internet_csv.csv;data/raw/pks/bund/2020/BU-F-12-T05-TM-Internet_csv.csv;https://www.bka.de/SharedDocs/Downloads/DE/Publikationen/PolizeilicheKriminalstatistik/2020/Bund/Faelle/BU-F-12-T05-TM-Internet_csv.csv?__blob=publicationFile&v=5;Bundeskriminalamt;2020;;2026-08-26;129606;f3ed43f85010d57fc89fc06ff42ebcd066c0e01d8f528312a8a8ff9adcaf1e6b;dl-de/by-2-0;csv;faelle
BU-F-13-T05-TM-Internet-Fallentw_xls.xlsx;data/raw/pks/bund/2020/BU-F-13-T05-TM-Internet-Fallentw_xls.xlsx;https://www.bka.de/SharedDocs/Downloads/DE/Publikationen/PolizeilicheKriminalstatistik/2020/Bund/Faelle/BU-F-13-T05-TM-Internet-Fallentw_xls.xlsx?__blob=publicationFile&v=5;Bundeskriminalamt;2020;;2026-08-26;94010;fb4ff262787eb87e3444fc9cd93e8c080e9a2bfa89676355f79e8d24618c6167;dl-de/by-2-0;xlsx;faelle bund
BU-F-13-T05-TM-Internet-Fallentw_csv.csv;data/raw/pks/bund/2020/BU-F-13-T05-TM-Internet-Fallentw_csv.csv;https://www.bka.de/SharedDocs/Downloads/DE/Publikationen/PolizeilicheKriminalstatistik/2020/Bund/Faelle/BU-F-13-T05-TM-Internet-Fallentw_csv.csv?__blob=publicationFile&v=5;Bundeskriminalamt;2020;;2026-08-26;66800;aaa0ead8da934480fa9d68cb2391e0bd25256270faf0f685c80c84999ce5f8c9;dl-de/by-2-0;csv;faelle
BU-F-14-T03-Faelle-BP_xls.xlsx;data/raw/pks/bund/2020/BU-F-14-T03-Faelle-BP_xls.xlsx;https://www.bka.de/SharedDocs/Downloads/DE/Publikationen/PolizeilicheKriminalstatistik/2020/Bund/Faelle/BU-F-14-T03-Faelle-BP_xls.xlsx?__blob=publicationFile&v=5;Bundeskriminalamt;2020;;2026-08-26;139188;9ca1fb8aaa5d364808ae23396ade42df30386a01b9fc31f4880ccc2a719daca5;dl-de/by-2-0;xlsx;faelle bund
BU-F-14-T03-Faelle-BP_csv.csv;data/raw/pks/bund/2020/BU-F-14-T03-Faelle-BP_csv.csv;https://www.bka.de/SharedDocs/Downloads/DE/Publikationen/PolizeilicheKriminalstatistik/2020/Bund/Faelle/BU-F-14-T03-Faelle-BP_csv.csv?__blob=publicationFile&v=5;Bundeskriminalamt;2020;;2026-08-26;128731;814125756d63176c0adc3f4092094fff77211658b2de71e77808c7db647839f8;dl-de/by-2-0;csv;faelle
BU-TV-03-T20-TV-vollendete-Faelle_xls.xlsx;data/raw/pks/bund/2020/BU-TV-03-T20-TV-vollendete-Faelle_xls.xlsx;https://www.bka.de/SharedDocs/Downloads/DE/Publikationen/PolizeilicheKriminalstatistik/2020/Bund/Tatverdaechtige/BU-TV-03-T20-TV-vollendete-Faelle_xls.xlsx?__blob=publicationFile&v=5;Bundeskriminalamt;2020;;2026-08-26;444767;f5e312f38e24fd65dce98a35476dd0c0803c38602259b8564dbcac3ff05f490d;dl-de/by-2-0;xlsx;faelle
BU-TV-03-T20-TV-vollendete-Faelle_csv.csv;data/raw/pks/bund/2020/BU-TV-03-T20-TV-vollendete-Faelle_csv.csv;https://www.bka.de/SharedDocs/Downloads/DE/Publikationen/PolizeilicheKriminalstatistik/2020/Bund/Tatverdaechtige/BU-TV-03-T20-TV-vollendete-Faelle_csv.csv?__blob=publicationFile&v=5;Bundeskriminalamt;2020;;2026-08-26;449683;3edc3c8b1383ff8119ab013aa729ad8444923d85097953129765c37c180cc324;dl-de/by-2-0;csv;faelle
BU-O-01-T91-Opfer_xls.xlsx;data/raw/pks/bund/2020/BU-O-01-T91-Opfer_xls.xlsx;https://www.bka.de/SharedDocs/Downloads/DE/Publikationen/PolizeilicheKriminalstatistik/2020/Bund/Opfer/BU-O-01-T91-Opfer_xls.xlsx?__blob=publicationFile&v=5;Bundeskriminalamt;2020;;2026-08-26;107813;e7757b3252de47177845b84d8924c3881c69afd995296f16164ab7084344615a;dl-de/by-2-0;xlsx;opfer bund
BU-O-01-T91-Opfer_csv.csv;data/raw/pks/bund/2020/BU-O-01-T91-Opfer_csv.csv;https://www.bka.de/SharedDocs/Downloads/DE/Publikationen/PolizeilicheKriminalstatistik/2020/Bund/Opfer/BU-O-01-T91-Opfer_csv.csv?__blob=publicationFile&v=5;Bundeskriminalamt;2020;;2026-08-26;97816;a5862437184a5d4927b05e9ce3aa1178608d06ecd882c5767292ea615693c492;dl-de/by-2-0;csv;opfer
BU-O-02-T91-Alter-erw_xls.xlsx;data/raw/pks/bund/2020/BU-O-02-T91-Alter-erw_xls.xlsx;https://www.bka.de/SharedDocs/Downloads/DE/Publikationen/PolizeilicheKriminalstatistik/2020/Bund/Opfer/BU-O-02-T91-Alter-erw_xls.xlsx?__blob=publicationFile&v=5;Bundeskriminalamt;2020;;2026-08-26;197765;f3f2d01cfa367f17c86300a2c06f5bc1cdaaf81c3906cbd4ff1df706be93cfbc;dl-de/by-2-0;xlsx;opfer bund
BU-O-02-T91-Alter-erw_csv.csv;data/raw/pks/bund/2020/BU-O-02-T91-Alter-erw_csv.csv;https://www.bka.de/SharedDocs/Downloads/DE/Publikationen/PolizeilicheKriminalstatistik/2020/Bund/Opfer/BU-O-02-T91-Alter-erw_csv.csv?__blob=publicationFile&v=5;Bundeskriminalamt;2020;;2026-08-26;154460;69ddc35a070f835a5cdcc734092f1c1ce1166338af5fff61e8fbd2db95f47e00;dl-de/by-2-0;csv;opfer
BU-O-03-T91-Opfer-ab-60J_xls.xlsx;data/raw/pks/bund/2020/BU-O-03-T91-Opfer-ab-60J_xls.xlsx;https://www.bka.de/SharedDocs/Downloads/DE/Publikationen/PolizeilicheKriminalstatistik/2020/Bund/Opfer/BU-O-03-T91-Opfer-ab-60J_xls.xlsx?__blob=publicationFile&v=5;Bundeskriminalamt;2020;;2026-08-26;91005;70cd0ae3a9e4f1a16310a6d6e7ea814e04250d6929e7a7c94b8333fccf49eb1f;dl-de/by-2-0;xlsx;opfer bund
BU-O-03-T91-Opfer-ab-60J_csv.csv;data/raw/pks/bund/2020/BU-O-03-T91-Opfer-ab-60J_csv.csv;https://www.bka.de/SharedDocs/Downloads/DE/Publikationen/PolizeilicheKriminalstatistik/2020/Bund/Opfer/BU-O-03-T91-Opfer-ab-60J_csv.csv?__blob=publicationFile&v=5;Bundeskriminalamt;2020;;2026-08-26;89694;6f8b1546a558e9eb9a413ee9d7d658a1e3208d89a2fab1aaf0b0083aedee2a22;dl-de/by-2-0;csv;opfer
BU-O-04-T911-O-Staatsangehoerigkeiten_xls.xlsx;data/raw/pks/bund/2020/BU-O-04-T911-O-Staatsangehoerigkeiten_xls.xlsx;https://www.bka.de/SharedDocs/Downloads/DE/Publikationen/PolizeilicheKriminalstatistik/2020/Bund/Opfer/BU-O-04-T911-O-Staatsangehoerigkeiten_xls.xlsx?__blob=publicationFile&v=5;Bundeskriminalamt;2020;;2026-08-26;419780;bc05ddf73f9fd259ed4c96c71fe1ab411d3bd7fce0f0204f4a8dfe42917d8038;dl-de/by-2-0;xlsx;opfer bund
BU-O-04-T911-O-Staatsangehoerigkeiten_csv.csv;data/raw/pks/bund/2020/BU-O-04-T911-O-Staatsangehoerigkeiten_csv.csv;https://www.bka.de/SharedDocs/Downloads/DE/Publikationen/PolizeilicheKriminalstatistik/2020/Bund/Opfer/BU-O-04-T911-O-Staatsangehoerigkeiten_csv.csv?__blob=publicationFile&v=5;Bundeskriminalamt;2020;;2026-08-26;289461;b2a5cfed811c3d4496982f3f53d453950703ac24ce7899b8884eb318af60c759;dl-de/by-2-0;csv;opfer
BU-O-05-T92-O-TV-Bez_xls.xlsx;data/raw/pks/bund/2020/BU-O-05-T92-O-TV-Bez_xls.xlsx;https://www.bka.de/SharedDocs/Downloads/DE/Publikationen/PolizeilicheKriminalstatistik/2020/Bund/Opfer/BU-O-05-T92-O-TV-Bez_xls.xlsx?__blob=publicationFile&v=5;Bundeskriminalamt;2020;;2026-08-26;81737;d5c9d4e53144e096e3cf32bb32142306975bec8672a21c530db3b97e1ef3b969;dl-de/by-2-0;xlsx;opfer bund
BU-O-05-T92-O-TV-Bez_csv.csv;data/raw/pks/bund/2020/BU-O-05-T92-O-TV-Bez_csv.csv;https://www.bka.de/SharedDocs/Downloads/DE/Publikationen/PolizeilicheKriminalstatistik/2020/Bund/Opfer/BU-O-05-T92-O-TV-Bez_csv.csv?__blob=publicationFile&v=5;Bundeskriminalamt;2020;;2026-08-26;83954;da8f594a82acb25a2ea14e011b2ecae72d7aac3eafd9581932334a89892362ba;dl-de/by-2-0;csv;opfer
BU-O-06-T921-O-TV-Partner_xls.xlsx;data/raw/pks/bund/2020/BU-O-06-T921-O-TV-Partner_xls.xlsx;https://www.bka.de/SharedDocs/Downloads/DE/Publikationen/PolizeilicheKriminalstatistik/2020/Bund/Opfer/BU-O-06-T921-O-TV-Partner_xls.xlsx?__blob=publicationFile&v=5;Bundeskriminalamt;2020;;2026-08-26;75487;90fa743e4d9be1b854d344b8b338528286fd8d56f15a8635fedff136d005c24e;dl-de/by-2-0;xlsx;opfer bund
BU-O-06-T921-O-TV-Partner_csv.csv;data/raw/pks/bund/2020/BU-O-06-T921-O-TV-Partner_csv.csv;https://www.bka.de/SharedDocs/Downloads/DE/Publikationen/PolizeilicheKriminalstatistik/2020/Bund/Opfer/BU-O-06-T921-O-TV-Partner_csv.csv?__blob=publicationFile&v=5;Bundeskriminalamt;2020;;2026-08-26;78391;f4f80e5675ff93e2fbcad7171823b8969e562e1bc1a6cdbb6f929cea7c09b4be;dl-de/by-2-0;csv;opfer
BU-O-07-T922-O-TV-Familie_xls.xlsx;data/raw/pks/bund/2020/BU-O-07-T922-O-TV-Familie_xls.xlsx;https://www.bka.de/SharedDocs/Downloads/DE/Publikationen/PolizeilicheKriminalstatistik/2020/Bund/Opfer/BU-O-07-T922-O-TV-Familie_xls.xlsx?__blob=publicationFile&v=5;Bundeskriminalamt;2020;;2026-08-26;95151;78c71f7f98be8249a740d5a13611f2b5274c93df3bdad9d6c7dd3f755ffc39b1;dl-de/by-2-0;xlsx;opfer bund
BU-O-07-T922-O-TV-Familie_csv.csv;data/raw/pks/bund/2020/BU-O-07-T922-O-TV-Familie_csv.csv;https://www.bka.de/SharedDocs/Downloads/DE/Publikationen/PolizeilicheKriminalstatistik/2020/Bund/Opfer/BU-O-07-T922-O-TV-Familie_csv.csv?__blob=publicationFile&v=5;Bundeskriminalamt;2020;;2026-08-26;90341;d454a68913079090d5d33e9df5f53723a4642cfea252b172a03c6cb43b416b85;dl-de/by-2-0;csv;opfer
BU-O-08-T923-O-TV-informell_xls.xlsx;data/raw/pks/bund/2020/BU-O-08-T923-O-TV-informell_xls.xlsx;https://www.bka.de/SharedDocs/Downloads/DE/Publikationen/PolizeilicheKriminalstatistik/2020/Bund/Opfer/BU-O-08-T923-O-TV-informell_xls.xlsx?__blob=publicationFile&v=6;Bundeskriminalamt;2020;;2026-08-26;63896;731479ec3e6bb6051078aa435ac46718c9464b963d148068de237cdb4c6a8fd3;dl-de/by-2-0;xlsx;opfer bund
BU-O-08-T923-O-TV-informell_csv.csv;data/raw/pks/bund/2020/BU-O-08-T923-O-TV-informell_csv.csv;https://www.bka.de/SharedDocs/Downloads/DE/Publikationen/PolizeilicheKriminalstatistik/2020/Bund/Opfer/BU-O-08-T923-O-TV-informell_csv.csv?__blob=publicationFile&v=5;Bundeskriminalamt;2020;;2026-08-26;70646;7b17203492031868a0318e506fdd9b6464c5ca0df7ca9893593cf05da1e0210f;dl-de/by-2-0;csv;opfer
BU-O-09-T93-O-TV-raeumlich-sozial_xls.xlsx;data/raw/pks/bund/2020/BU-O-09-T93-O-TV-raeumlich-sozial_xls.xlsx;https://www.bka.de/SharedDocs/Downloads/DE/Publikationen/PolizeilicheKriminalstatistik/2020/Bund/Opfer/BU-O-09-T93-O-TV-raeumlich-sozial_xls.xlsx?__blob=publicationFile&v=5;Bundeskriminalamt;2020;;2026-08-26;83829;53e1d598a19957489b7627c3e1f8d34fa4ba4150a45e80c61675c30f87d0dd8e;dl-de/by-2-0;xlsx;opfer bund
BU-O-09-T93-O-TV-raeumlich-sozial_csv.csv;data/raw/pks/bund/2020/BU-O-09-T93-O-TV-raeumlich-sozial_csv.csv;https://www.bka.de/SharedDocs/Downloads/DE/Publikationen/PolizeilicheKriminalstatistik/2020/Bund/Opfer/BU-O-09-T93-O-TV-raeumlich-sozial_csv.csv?__blob=publicationFile&v=5;Bundeskriminalamt;2020;;2026-08-26;83733;fa04d657abcec859153d014c5f5d586a964aab0fae65982aa2d377d146f2f65f;dl-de/by-2-0;csv;opfer
BU-O-10-T931-O-TV-raeumlich-sozial-a_xls.xlsx;data/raw/pks/bund/2020/BU-O-10-T931-O-TV-raeumlich-sozial-a_xls.xlsx;https://www.bka.de/SharedDocs/Downloads/DE/Publikationen/PolizeilicheKriminalstatistik/2020/Bund/Opfer/BU-O-10-T931-O-TV-raeumlich-sozial-a_xls.xlsx?__blob=publicationFile&v=5;Bundeskriminalamt;2020;;2026-08-26;81616;c927b923ed71d71d315f36ee7b4ed997d39785dab0e8d04e2c71e57676926e41;dl-de/by-2-0;xlsx;opfer bund
BU-O-10-T931-O-TV-raeumlich-sozial-a_csv.csv;data/raw/pks/bund/2020/BU-O-10-T931-O-TV-raeumlich-sozial-a_csv.csv;https://www.bka.de/SharedDocs/Downloads/DE/Publikationen/PolizeilicheKriminalstatistik/2020/Bund/Opfer/BU-O-10-T931-O-TV-raeumlich-sozial-a_csv.csv?__blob=publicationFile&v=5;Bundeskriminalamt;2020;;2026-08-26;83140;afdc6d8495a824242a9c55cd2c4e4423960ee559aee447a4e7a9e3965971c63b;dl-de/by-2-0;csv;opfer
BU-O-11-T932-O-TV-raeumlich-sozial-b_xls.xlsx;data/raw/pks/bund/2020/BU-O-11-T932-O-TV-raeumlich-sozial-b_xls.xlsx;https://www.bka.de/SharedDocs/Downloads/DE/Publikationen/PolizeilicheKriminalstatistik/2020/Bund/Opfer/BU-O-11-T932-O-TV-raeumlich-sozial-b_xls.xlsx?__blob=publicationFile&v=5;Bundeskriminalamt;2020;;2026-08-26;63969;9fa3375f072bdbda812e486787d08d39ac53aebe770c778f46a909da5997fd85;dl-de/by-2-0;xlsx;opfer bund
BU-O-11-T932-O-TV-raeumlich-sozial-b_csv.csv;data/raw/pks/bund/2020/BU-O-11-T932-O-TV-raeumlich-sozial-b_csv.csv;https://www.bka.de/SharedDocs/Downloads/DE/Publikationen/PolizeilicheKriminalstatistik/2020/Bund/Opfer/BU-O-11-T932-O-TV-raeumlich-sozial-b_csv.csv?__blob=publicationFile&v=5;Bundeskriminalamt;2020;;2026-08-26;71474;2e27dd4541c39dfe4b978b32779076a4d191ab8ee0f0cef9b40344da5d155d16;dl-de/by-2-0;csv;opfer
BU-O-12-T933-O-TV-raeumlich-sozial-c_xls.xlsx;data/raw/pks/bund/2020/BU-O-12-T933-O-TV-raeumlich-sozial-c_xls.xlsx;https://www.bka.de/SharedDocs/Downloads/DE/Publikationen/PolizeilicheKriminalstatistik/2020/Bund/Opfer/BU-O-12-T933-O-TV-raeumlich-sozial-c_xls.xlsx?__blob=publicationFile&v=5;Bundeskriminalamt;2020;;2026-08-26;82181;eebc7df082d8c05fd0f374b4662406057e5a0103703366fcb48a8ff0a4ab3a8c;dl-de/by-2-0;xlsx;opfer bund
BU-O-12-T933-O-TV-raeumlich-sozial-c_csv.csv;data/raw/pks/bund/2020/BU-O-12-T933-O-TV-raeumlich-sozial-c_csv.csv;https://www.bka.de/SharedDocs/Downloads/DE/Publikationen/PolizeilicheKriminalstatistik/2020/Bund/Opfer/BU-O-12-T933-O-TV-raeumlich-sozial-c_csv.csv?__blob=publicationFile&v=5;Bundeskriminalamt;2020;;2026-08-26;82634;74e8539f932d64f8110b9da99f62b9632ed7f7d60dcb2b386b73bfe9750dea76;dl-de/by-2-0;csv;opfer
BU-O-13-T94-Opferspezifik_xls.xlsx;data/raw/pks/bund/2020/BU-O-13-T94-Opferspezifik_xls.xlsx;https://www.bka.de/SharedDocs/Downloads/DE/Publikationen/PolizeilicheKriminalstatistik/2020/Bund/Opfer/BU-O-13-T94-Opferspezifik_xls.xlsx?__blob=publicationFile&v=5;Bundeskriminalamt;2020;;2026-08-26;76532;34605e630607a2f537302acf5819aa4d76dfe3dfb478a8af1c5658fd2819e7f4;dl-de/by-2-0;xlsx;opfer bund
BU-O-13-T94-Opferspezifik_csv.csv;data/raw/pks/bund/2020/BU-O-13-T94-Opferspezifik_csv.csv;https://www.bka.de/SharedDocs/Downloads/DE/Publikationen/PolizeilicheKriminalstatistik/2020/Bund/Opfer/BU-O-13-T94-Opferspezifik_csv.csv?__blob=publicationFile&v=5;Bundeskriminalamt;2020;;2026-08-26;76983;82aacf0bf247eb197067becacd28788d78268d223d9aeb861c430c98dbd0c0d0;dl-de/by-2-0;csv;opfer
BU-O-14-T941-Beeintraechtigung_xls.xlsx;data/raw/pks/bund/2020/BU-O-14-T941-Beeintraechtigung_xls.xlsx;https://www.bka.de/SharedDocs/Downloads/DE/Publikationen/PolizeilicheKriminalstatistik/2020/Bund/Opfer/BU-O-14-T941-Beeintraechtigung_xls.xlsx?__blob=publicationFile&v=5;Bundeskriminalamt;2020;;2026-08-26;5219009;ed86085ca96e51a3245328be9d61d1306543945414f02643f7718588e47ee4b9;dl-de/by-2-0;xlsx;opfer bund
BU-O-14-T941-Beeintraechtigung_csv.csv;data/raw/pks/bund/2020/BU-O-14-T941-Beeintraechtigung_csv.csv;https://www.bka.de/SharedDocs/Downloads/DE/Publikationen/PolizeilicheKriminalstatistik/2020/Bund/Opfer/BU-O-14-T941-Beeintraechtigung_csv.csv?__blob=publicationFile&v=5;Bundeskriminalamt;2020;;2026-08-26;84411;c2a5989a9481a22b96e38a15f5bd3f69f1e7e0a1cbac59c901582f6af4534736;dl-de/by-2-0;csv;opfer
BU-O-15-T942-Beruf-Taetigkeit-1_xls.xlsx;data/raw/pks/bund/2020/BU-O-15-T942-Beruf-Taetigkeit-1_xls.xlsx;https://www.bka.de/SharedDocs/Downloads/DE/Publikationen/PolizeilicheKriminalstatistik/2020/Bund/Opfer/BU-O-15-T942-Beruf-Taetigkeit-1_xls.xlsx?__blob=publicationFile&v=5;Bundeskriminalamt;2020;;2026-08-26;75178;327925d4458ad9d4ca311b11518d4f584c636dc1548011245e8fc7b0047d1e7c;dl-de/by-2-0;xlsx;opfer bund
BU-O-15-T942-Beruf-Taetigkeit-1_csv.csv;data/raw/pks/bund/2020/BU-O-15-T942-Beruf-Taetigkeit-1_csv.csv;https://www.bka.de/SharedDocs/Downloads/DE/Publikationen/PolizeilicheKriminalstatistik/2020/Bund/Opfer/BU-O-15-T942-Beruf-Taetigkeit-1_csv.csv?__blob=publicationFile&v=5;Bundeskriminalamt;2020;;2026-08-26;76704;494e69245a81f141110e4489bd980e69977d46db186b0ce75c367c453e9e6929;dl-de/by-2-0;csv;opfer
BU-O-16-T943-Beruf-Taetigkeit-2_xls.xlsx;data/raw/pks/bund/2020/BU-O-16-T943-Beruf-Taetigkeit-2_xls.xlsx;https://www.bka.de/SharedDocs/Downloads/DE/Publikationen/PolizeilicheKriminalstatistik/2020/Bund/Opfer/BU-O-16-T943-Beruf-Taetigkeit-2_xls.xlsx?__blob=publicationFile&v=5;Bundeskriminalamt;2020;;2026-08-26;99474;9b07a3c77b6f2f9baaa9ca79a5c586c6ab526141ff2a27187d40b875909b44f1;dl-de/by-2-0;xlsx;opfer bund
BU-O-16-T943-Beruf-Taetigkeit-2_csv.csv;data/raw/pks/bund/2020/BU-O-16-T943-Beruf-Taetigkeit-2_csv.csv;https://www.bka.de/SharedDocs/Downloads/DE/Publikationen/PolizeilicheKriminalstatistik/2020/Bund/Opfer/BU-O-16-T943-Beruf-Taetigkeit-2_csv.csv?__blob=publicationFile&v=5;Bundeskriminalamt;2020;;2026-08-26;91924;185792eca8551f7716ed0ef081f07e85b24c2eb965eccf591f24782ae1f4ddcd;dl-de/by-2-0;csv;opfer
LA-F-01-T01-Laender-Faelle_xls.xlsx;data/raw/pks/laender/2020/LA-F-01-T01-Laender-Faelle_xls.xlsx;https://www.bka.de/SharedDocs/Downloads/DE/Publikationen/PolizeilicheKriminalstatistik/2020/Land/Faelle/LA-F-01-T01-Laender-Faelle_xls.xlsx?__blob=publicationFile&v=6;Bundeskriminalamt;2020;;2026-08-26;2168108;574aac8ddd58f650d73407cac9755541326610bfaf7b059337b7a4e3df14f83b;dl-de/by-2-0;xlsx;faelle laender
LA-F-01-T01-Laender-Faelle_csv.csv;data/raw/pks/laender/2020/LA-F-01-T01-Laender-Faelle_csv.csv;https://www.bka.de/SharedDocs/Downloads/DE/Publikationen/PolizeilicheKriminalstatistik/2020/Land/Faelle/LA-F-01-T01-Laender-Faelle_csv.csv?__blob=publicationFile&v=5;Bundeskriminalamt;2020;;2026-08-26;2561584;2a0f5700e11967d0d7c42d9bae892be958a0b0060bd17c49efef89293e5519fa;dl-de/by-2-0;csv;faelle laender
LA-F-02-T01-Laender-Faelle-HZ_xls.xlsx;data/raw/pks/laender/2020/LA-F-02-T01-Laender-Faelle-HZ_xls.xlsx;https://www.bka.de/SharedDocs/Downloads/DE/Publikationen/PolizeilicheKriminalstatistik/2020/Land/Faelle/LA-F-02-T01-Laender-Faelle-HZ_xls.xlsx?__blob=publicationFile&v=6;Bundeskriminalamt;2020;;2026-08-26;1584326;93bf34aa7e8dd61af876017846d1a9b41dbc4577ae59d5f2703d7b2a02044144;dl-de/by-2-0;xlsx;faelle laender
LA-F-02-T01-Laender-Faelle-HZ_csv.csv;data/raw/pks/laender/2020/LA-F-02-T01-Laender-Faelle-HZ_csv.csv;https://www.bka.de/SharedDocs/Downloads/DE/Publikationen/PolizeilicheKriminalstatistik/2020/Land/Faelle/LA-F-02-T01-Laender-Faelle-HZ_csv.csv?__blob=publicationFile&v=5;Bundeskriminalamt;2020;;2026-08-26;2135464;f8cdd7c407e2b781034e1380169000b87f6ade7501a54a9550ff2fdb328aad9e;dl-de/by-2-0;csv;faelle laender
LA-F-03-T01-Laender-Fallentw_xls.xlsx;data/raw/pks/laender/2020/LA-F-03-T01-Laender-Fallentw_xls.xlsx;https://www.bka.de/SharedDocs/Downloads/DE/Publikationen/PolizeilicheKriminalstatistik/2020/Land/Faelle/LA-F-03-T01-Laender-Fallentw_xls.xlsx?__blob=publicationFile&v=10;Bundeskriminalamt;2020;;2026-08-26;2012281;b54d3f6ef915197e7cb11c352bbfe5aa054ec6b439e9ecb8d005ce375415f25e;dl-de/by-2-0;xlsx;faelle laender
LA-F-03-T01-Laender-Fallentw_csv.csv;data/raw/pks/laender/2020/LA-F-03-T01-Laender-Fallentw_csv.csv;https://www.bka.de/SharedDocs/Downloads/DE/Publikationen/PolizeilicheKriminalstatistik/2020/Land/Faelle/LA-F-03-T01-Laender-Fallentw_csv.csv?__blob=publicationFile&v=7;Bundeskriminalamt;2020;;2026-08-26;2472248;b4e65ff4ad7894a41f3432c1bc0d8383263fcb4f8d4088cf71e31a13a04e7ff9;dl-de/by-2-0;csv;faelle laender
LA-F-04-T07-Laender-Schaden_xls.xlsx;data/raw/pks/laender/2020/LA-F-04-T07-Laender-Schaden_xls.xlsx;https://www.bka.de/SharedDocs/Downloads/DE/Publikationen/PolizeilicheKriminalstatistik/2020/Land/Faelle/LA-F-04-T07-Laender-Schaden_xls.xlsx?__blob=publicationFile&v=6;Bundeskriminalamt;2020;;2026-08-26;733756;95a4e10c0c54ee4886bbe9bbb4a694f573ff5eced03c22240ddced6cd253977f;dl-de/by-2-0;xlsx;faelle laender
LA-F-04-T07-Laender-Schaden_csv.csv;data/raw/pks/laender/2020/LA-F-04-T07-Laender-Schaden_csv.csv;https://www.bka.de/SharedDocs/Downloads/DE/Publikationen/PolizeilicheKriminalstatistik/2020/Land/Faelle/LA-F-04-T07-Laender-Schaden_csv.csv?__blob=publicationFile&v=5;Bundeskriminalamt;2020;;2026-08-26;974804;d301821e9d6ffcdd4c179d2036cd2650122539db8d6ab9861a1986e8ba7e879a;dl-de/by-2-0;csv;faelle laender
LA-F-05-T02-Laender-Faelle-Wikri_xls.xlsx;data/raw/pks/laender/2020/LA-F-05-T02-Laender-Faelle-Wikri_xls.xlsx;https://www.bka.de/SharedDocs/Downloads/DE/Publikationen/PolizeilicheKriminalstatistik/2020/Land/Faelle/LA-F-05-T02-Laender-Faelle-Wikri_xls.xlsx?__blob=publicationFile&v=6;Bundeskriminalamt;2020;;2026-08-26;537859;ad2a7400d4fc26be134473152ed0ba38083697c2f8fb6bdd3e67e6882dd44e92;dl-de/by-2-0;xlsx;faelle laender
LA-F-05-T02-Laender-Faelle-Wikri_csv.csv;data/raw/pks/laender/2020/LA-F-05-T02-Laender-Faelle-Wikri_csv.csv;https://www.bka.de/SharedDocs/Downloads/DE/Publikationen/PolizeilicheKriminalstatistik/2020/Land/Faelle/LA-F-05-T02-Laender-Faelle-Wikri_csv.csv?__blob=publicationFile&v=5;Bundeskriminalamt;2020;;2026-08-26;704867;496a56fe2671e10d9c07daeaec6748b56653e6404da7d0c40ad0f1589fa508f9;dl-de/by-2-0;csv;faelle laender
LA-F-06-T02-Laender-Faelle-Wikri-HZ_xls.xlsx;data/raw/pks/laender/2020/LA-F-06-T02-Laender-Faelle-Wikri-HZ_xls.xlsx;https://www.bka.de/SharedDocs/Downloads/DE/Publikationen/PolizeilicheKriminalstatistik/2020/Land/Faelle/LA-F-06-T02-Laender-Faelle-Wikri-HZ_xls.xlsx?__blob=publicationFile&v=6;Bundeskriminalamt;2020;;2026-08-26;363171;420f1200a79c019b7091cd27a8235821fb9bcdfa0c94babfbedc54f12a19ddce;dl-de/by-2-0;xlsx;faelle laender
LA-F-06-T02-Laender-Faelle-Wikri-HZ_csv.csv;data/raw/pks/laender/2020/LA-F-06-T02-Laender-Faelle-Wikri-HZ_csv.csv;https://www.bka.de/SharedDocs/Downloads/DE/Publikationen/PolizeilicheKriminalstatistik/2020/Land/Faelle/LA-F-06-T02-Laender-Faelle-Wikri-HZ_csv.csv?__blob=publicationFile&v=5;Bundeskriminalamt;2020;;2026-08-26;595896;34e0531ebe1ec6e70bd4301fc1aa092adc86e6b29bd800043ade2de81b545553;dl-de/by-2-0;csv;faelle laender
LA-F-07-T02-Laender-Wikri-Fallentw_xls.xlsx;data/raw/pks/laender/2020/LA-F-07-T02-Laender-Wikri-Fallentw_xls.xlsx;https://www.bka.de/SharedDocs/Downloads/DE/Publikationen/PolizeilicheKriminalstatistik/2020/Land/Faelle/LA-F-07-T02-Laender-Wikri-Fallentw_xls.xlsx?__blob=publicationFile&v=6;Bundeskriminalamt;2020;;2026-08-26;420904;e61efb626cff04cd88cb2088fa2da43710bbe1b5dbbdf50df6b42741cca6633a;dl-de/by-2-0;xlsx;faelle laender
LA-F-07-T02-Laender-Wikri-Fallentw_csv.csv;data/raw/pks/laender/2020/LA-F-07-T02-Laender-Wikri-Fallentw_csv.csv;https://www.bka.de/SharedDocs/Downloads/DE/Publikationen/PolizeilicheKriminalstatistik/2020/Land/Faelle/LA-F-07-T02-Laender-Wikri-Fallentw_csv.csv?__blob=publicationFile&v=5;Bundeskriminalamt;2020;;2026-08-26;624189;7956b4830333bd00b0e8b21f1c23f46c4572af34fb5164152e1a133be83aae18;dl-de/by-2-0;csv;faelle laender
LA-F-08-T09-Laender-Schaden-Wikri_xls.xlsx;data/raw/pks/laender/2020/LA-F-08-T09-Laender-Schaden-Wikri_xls.xlsx;https://www.bka.de/SharedDocs/Downloads/DE/Publikationen/PolizeilicheKriminalstatistik/2020/Land/Faelle/LA-F-08-T09-Laender-Schaden-Wikri_xls.xlsx?__blob=publicationFile&v=6;Bundeskriminalamt;2020;;2026-08-26;165989;6538f7b2566be33f94d83f0cecb14eff493d390261343e2db6210825a4016c87;dl-de/by-2-0;xlsx;faelle laender
LA-F-08-T09-Laender-Schaden-Wikri_csv.csv;data/raw/pks/laender/2020/LA-F-08-T09-Laender-Schaden-Wikri_csv.csv;https://www.bka.de/SharedDocs/Downloads/DE/Publikationen/PolizeilicheKriminalstatistik/2020/Land/Faelle/LA-F-08-T09-Laender-Schaden-Wikri_csv.csv?__blob=publicationFile&v=5;Bundeskriminalamt;2020;;2026-08-26;185593;6b97fb873e96fa84939e89ee950ee943c77344780d6725d1a2206fc8c820c82f;dl-de/by-2-0;csv;faelle laender
LA-F-09-T05-Laender-Faelle-TM-Internet-HZ_xls.xlsx;data/raw/pks/laender/2020/LA-F-09-T05-Laender-Faelle-TM-Internet-HZ_xls.xlsx;https://www.bka.de/SharedDocs/Downloads/DE/Publikationen/PolizeilicheKriminalstatistik/2020/Land/Faelle/LA-F-09-T05-Laender-Faelle-TM-Internet-HZ_xls.xlsx?__blob=publicationFile&v=8;Bundeskriminalamt;2020;;2026-08-26;1046604;4b4b71e059a678cb6853a0b6a63c42c843906350bcd0a3f2e49a410edefd17b7;dl-de/by-2-0;xlsx;faelle laender
LA-F-09-T05-Laender-Faelle-TM-Internet-HZ_csv.csv;data/raw/pks/laender/2020/LA-F-09-T05-Laender-Faelle-TM-Internet-HZ_csv.csv;https://www.bka.de/SharedDocs/Downloads/DE/Publikationen/PolizeilicheKriminalstatistik/2020/Land/Faelle/LA-F-09-T05-Laender-Faelle-TM-Internet-HZ_csv.csv?__blob=publicationFile&v=5;Bundeskriminalamt;2020;;2026-08-26;2071610;67d822633124a36809ff131673b04de4bf1d8979ffd6bcaa620eadc42f691975;dl-de/by-2-0;csv;faelle laender
LA-F-10-T05-Laender-TM-Fallentw_xls.xlsx;data/raw/pks/laender/2020/LA-F-10-T05-Laender-TM-Fallentw_xls.xlsx;https://www.bka.de/SharedDocs/Downloads/DE/Publikationen/PolizeilicheKriminalstatistik/2020/Land/Faelle/LA-F-10-T05-Laender-TM-Fallentw_xls.xlsx?__blob=publicationFile&v=5;Bundeskriminalamt;2020;;2026-08-26;1357541;965e361eb1522020cd2e8a6f0cb20bff59fcd237a9d429be65537bf0bf1b853d;dl-de/by-2-0;xlsx;faelle laender
LA-F-10-T05-Laender-TM-Fallentw_csv.csv;data/raw/pks/laender/2020/LA-F-10-T05-Laender-TM-Fallentw_csv.csv;https://www.bka.de/SharedDocs/Downloads/DE/Publikationen/PolizeilicheKriminalstatistik/2020/Land/Faelle/LA-F-10-T05-Laender-TM-Fallentw_csv.csv?__blob=publicationFile&v=5;Bundeskriminalamt;2020;;2026-08-26;2071239;919348b2feebef78282ea89ff2b1ad3dca7dba455713f09d98b93ab77b14676a;dl-de/by-2-0;csv;faelle laender
BU-F-01-T01-Faelle_xls.xlsx;data/raw/pks/bund/2021/BU-F-01-T01-Faelle_xls.xlsx;https://www.bka.de/SharedDocs/Downloads/DE/Publikationen/PolizeilicheKriminalstatistik/2021/Bund/Faelle/BU-F-01-T01-Faelle_xls.xlsx?__blob=publicationFile&v=4;Bundeskriminalamt;2021;;2026-08-26;159397;07fb1cf595c9c0e6a6aaa3802ed33d5f48a75ed1a0beda86a0ffef3dddd40d87;dl-de/by-2-0;xlsx;faelle bund
BU-F-01-T01-Faelle_csv.csv;data/raw/pks/bund/2021/BU-F-01-T01-Faelle_csv.csv;https://www.bka.de/SharedDocs/Downloads/DE/Publikationen/PolizeilicheKriminalstatistik/2021/Bund/Faelle/BU-F-01-T01-Faelle_csv.csv?__blob=publicationFile&v=5;Bundeskriminalamt;2021;;2026-08-26;153899;0293bfceceac6152f19e3b350ad241821aad53324338298b29feb02fce6cff83;dl-de/by-2-0;csv;faelle
BU-F-02-T01-Fallentw_xls.xlsx;data/raw/pks/bund/2021/BU-F-02-T01-Fallentw_xls.xlsx;https://www.bka.de/SharedDocs/Downloads/DE/Publikationen/PolizeilicheKriminalstatistik/2021/Bund/Faelle/BU-F-02-T01-Fallentw_xls.xlsx?__blob=publicationFile&v=4;Bundeskriminalamt;2021;;2026-08-26;177537;f6b9920b2a1a09c79522113f09cf774f8ad1c2cb2fe1aac2cfc31f9bc8817952;dl-de/by-2-0;xlsx;faelle bund
BU-F-02-T01-Fallentw_csv.csv;data/raw/pks/bund/2021/BU-F-02-T01-Fallentw_csv.csv;https://www.bka.de/SharedDocs/Downloads/DE/Publikationen/PolizeilicheKriminalstatistik/2021/Bund/Faelle/BU-F-02-T01-Fallentw_csv.csv?__blob=publicationFile&v=3;Bundeskriminalamt;2021;;2026-08-26;130922;b196af3766907146ce5f52a62fd656a925f7c940f4610661743ca79f86b979a2;dl-de/by-2-0;csv;faelle
BU-F-03-T01-vollendete-Faelle_xls.xlsx;data/raw/pks/bund/2021/BU-F-03-T01-vollendete-Faelle_xls.xlsx;https://www.bka.de/SharedDocs/Downloads/DE/Publikationen/PolizeilicheKriminalstatistik/2021/Bund/Faelle/BU-F-03-T01-vollendete-Faelle_xls.xlsx?__blob=publicationFile&v=5;Bundeskriminalamt;2021;;2026-08-26;147873;b3748c348210b42d945dfd92ded113c584a40bc4a0aa3064c333318357bca76b;dl-de/by-2-0;xlsx;faelle bund
BU-F-03-T01-vollendete-Faelle_csv.csv;data/raw/pks/bund/2021/BU-F-03-T01-vollendete-Faelle_csv.csv;https://www.bka.de/SharedDocs/Downloads/DE/Publikationen/PolizeilicheKriminalstatistik/2021/Bund/Faelle/BU-F-03-T01-vollendete-Faelle_csv.csv?__blob=publicationFile&v=4;Bundeskriminalamt;2021;;2026-08-26;145979;fb0b7373d41f2b3b8b3fda61f1b06d69dc9b5f57e6dc05e51ca0c969507576ee;dl-de/by-2-0;csv;faelle
BU-F-04-T01-Tatortverteilung-Prozent_xls.xlsx;data/raw/pks/bund/2021/BU-F-04-T01-Tatortverteilung-Prozent_xls.xlsx;https://www.bka.de/SharedDocs/Downloads/DE/Publikationen/PolizeilicheKriminalstatistik/2021/Bund/Faelle/BU-F-04-T01-Tatortverteilung-Prozent_xls.xlsx?__blob=publicationFile&v=4;Bundeskriminalamt;2021;;2026-08-26;125187;f1ac001cc4a51ef126954eb9b15e2bd2de4ae84c93348de5b2a6a0d7d8c9e8c3;dl-de/by-2-0;xlsx;faelle bund
BU-F-04-T01-Tatortverteilung-Prozent_csv.csv;data/raw/pks/bund/2021/BU-F-04-T01-Tatortverteilung-Prozent_csv.csv;https://www.bka.de/SharedDocs/Downloads/DE/Publikationen/PolizeilicheKriminalstatistik/2021/Bund/Faelle/BU-F-04-T01-Tatortverteilung-Prozent_csv.csv?__blob=publicationFile&v=3;Bundeskriminalamt;2021;;2026-08-26;108965;685b3bc57b75978829fbb2ac312d5c63033044d0bbdaf5636f0274140631f378;dl-de/by-2-0;csv;faelle
BU-F-05-T01-Tatzeit-vor-Berichtsjahr_xls.xlsx;data/raw/pks/bund/2021/BU-F-05-T01-Tatzeit-vor-Berichtsjahr_xls.xlsx;https://www.bka.de/SharedDocs/Downloads/DE/Publikationen/PolizeilicheKriminalstatistik/2021/Bund/Faelle/BU-F-05-T01-Tatzeit-vor-Berichtsjahr_xls.xlsx?__blob=publicationFile&v=4;Bundeskriminalamt;2021;;2026-08-26;183755;ff5369b72c14f6d139cdf22eafa0ad54ebe599c0def4a19c1c1a5d1263ef6ac4;dl-de/by-2-0;xlsx;faelle bund
BU-F-05-T01-Tatzeit-vor-Berichtsjahr_csv.csv;data/raw/pks/bund/2021/BU-F-05-T01-Tatzeit-vor-Berichtsjahr_csv.csv;https://www.bka.de/SharedDocs/Downloads/DE/Publikationen/PolizeilicheKriminalstatistik/2021/Bund/Faelle/BU-F-05-T01-Tatzeit-vor-Berichtsjahr_csv.csv?__blob=publicationFile&v=3;Bundeskriminalamt;2021;;2026-08-26;163515;8ed351b2f8600359f90b206151bc216abddebff85d52827d8039960a920ce2db;dl-de/by-2-0;csv;faelle
BU-F-06-T12-aufgeklaert_xls.xlsx;data/raw/pks/bund/2021/BU-F-06-T12-aufgeklaert_xls.xlsx;https://www.bka.de/SharedDocs/Downloads/DE/Publikationen/PolizeilicheKriminalstatistik/2021/Bund/Faelle/BU-F-06-T12-aufgeklaert_xls.xlsx?__blob=publicationFile&v=4;Bundeskriminalamt;2021;;2026-08-26;117586;7f3b5bb4a6fbcecb80e259c711a2c58717a48f59ac2b89f8fd3373b6a5832681;dl-de/by-2-0;xlsx;faelle bund
BU-F-06-T12-aufgeklaert_csv.csv;data/raw/pks/bund/2021/BU-F-06-T12-aufgeklaert_csv.csv;https://www.bka.de/SharedDocs/Downloads/DE/Publikationen/PolizeilicheKriminalstatistik/2021/Bund/Faelle/BU-F-06-T12-aufgeklaert_csv.csv?__blob=publicationFile&v=3;Bundeskriminalamt;2021;;2026-08-26;125832;60e87aa1612e5c5e3b3780e62629eb591ccd9398811c541d188842a4d635e63f;dl-de/by-2-0;csv;faelle
BU-F-07-T07-Schaden_xls.xlsx;data/raw/pks/bund/2021/BU-F-07-T07-Schaden_xls.xlsx;https://www.bka.de/SharedDocs/Downloads/DE/Publikationen/PolizeilicheKriminalstatistik/2021/Bund/Faelle/BU-F-07-T07-Schaden_xls.xlsx?__blob=publicationFile&v=4;Bundeskriminalamt;2021;;2026-08-26;63269;fea77629a1ed9c4242ba7c0392fec1c5acf97003978075cba2c512ee5d65854e;dl-de/by-2-0;xlsx;faelle bund
BU-F-07-T07-Schaden_csv.csv;data/raw/pks/bund/2021/BU-F-07-T07-Schaden_csv.csv;https://www.bka.de/SharedDocs/Downloads/DE/Publikationen/PolizeilicheKriminalstatistik/2021/Bund/Faelle/BU-F-07-T07-Schaden_csv.csv?__blob=publicationFile&v=3;Bundeskriminalamt;2021;;2026-08-26;58493;d9b531e153ba8d57db3740a334bb9c7c73b36c848914046cc30a74b8e3e8f722;dl-de/by-2-0;csv;faelle
BU-F-08-T08-Tatzeit_xls.xlsx;data/raw/pks/bund/2021/BU-F-08-T08-Tatzeit_xls.xlsx;https://www.bka.de/SharedDocs/Downloads/DE/Publikationen/PolizeilicheKriminalstatistik/2021/Bund/Faelle/BU-F-08-T08-Tatzeit_xls.xlsx?__blob=publicationFile&v=2;Bundeskriminalamt;2021;;2026-08-26;145615;f3be35a6f9a97a3f65d8653d7a74b58440b86a1b15ffea246b92697de5bc4ec0;dl-de/by-2-0;xlsx;faelle bund
BU-F-08-T08-Tatzeit_csv.csv;data/raw/pks/bund/2021/BU-F-08-T08-Tatzeit_csv.csv;https://www.bka.de/SharedDocs/Downloads/DE/Publikationen/PolizeilicheKriminalstatistik/2021/Bund/Faelle/BU-F-08-T08-Tatzeit_csv.csv?__blob=publicationFile&v=2;Bundeskriminalamt;2021;;2026-08-26;169351;36c4efd17220f009a3a973bd68504269554cb06c05bd960f7e590eba2ba493c5;dl-de/by-2-0;csv;faelle
BU-F-09-T02-Wikri_xls.xlsx;data/raw/pks/bund/2021/BU-F-09-T02-Wikri_xls.xlsx;https://www.bka.de/SharedDocs/Downloads/DE/Publikationen/PolizeilicheKriminalstatistik/2021/Bund/Faelle/BU-F-09-T02-Wikri_xls.xlsx?__blob=publicationFile&v=4;Bundeskriminalamt;2021;;2026-08-26;51241;7e1ebfeadfe59112f23176e99bfe4dd7b48e4872b99b265ac3637c5b258d4ac9;dl-de/by-2-0;xlsx;faelle bund
BU-F-09-T02-Wikri_csv.csv;data/raw/pks/bund/2021/BU-F-09-T02-Wikri_csv.csv;https://www.bka.de/SharedDocs/Downloads/DE/Publikationen/PolizeilicheKriminalstatistik/2021/Bund/Faelle/BU-F-09-T02-Wikri_csv.csv?__blob=publicationFile&v=3;Bundeskriminalamt;2021;;2026-08-26;40343;d7f7ac2e91255cd993cb25c88caa94811e0818a4732db354fe3720be9d9cc409;dl-de/by-2-0;csv;faelle
BU-F-10-T02-Wikri-Fallentw_xls.xlsx;data/raw/pks/bund/2021/BU-F-10-T02-Wikri-Fallentw_xls.xlsx;https://www.bka.de/SharedDocs/Downloads/DE/Publikationen/PolizeilicheKriminalstatistik/2021/Bund/Faelle/BU-F-10-T02-Wikri-Fallentw_xls.xlsx?__blob=publicationFile&v=4;Bundeskriminalamt;2021;;2026-08-26;60744;c312ed0565b46a7aa6654f4c275777ba1ebadf57b26c7aaceb0672b38db36ea9;dl-de/by-2-0;xlsx;faelle bund
BU-F-10-T02-Wikri-Fallentw_csv.csv;data/raw/pks/bund/2021/BU-F-10-T02-Wikri-Fallentw_csv.csv;https://www.bka.de/SharedDocs/Downloads/DE/Publikationen/PolizeilicheKriminalstatistik/2021/Bund/Faelle/BU-F-10-T02-Wikri-Fallentw_csv.csv?__blob=publicationFile&v=3;Bundeskriminalamt;2021;;2026-08-26;35017;0749bb924bc8d713a8ab25c9d53f0360e171fd9fffd00e79acc52c069603dda0;dl-de/by-2-0;csv;faelle
BU-F-11-T09-Schaden-Wikri_xls.xlsx;data/raw/pks/bund/2021/BU-F-11-T09-Schaden-Wikri_xls.xlsx;https://www.bka.de/SharedDocs/Downloads/DE/Publikationen/PolizeilicheKriminalstatistik/2021/Bund/Faelle/BU-F-11-T09-Schaden-Wikri_xls.xlsx?__blob=publicationFile&v=4;Bundeskriminalamt;2021;;2026-08-26;23419;2897ab0a83e4865fe1bff8f7bb3cad4df7ca820824bf4e9aa087428ffe5130d4;dl-de/by-2-0;xlsx;faelle bund
BU-F-11-T09-Schaden-Wikri_csv.csv;data/raw/pks/bund/2021/BU-F-11-T09-Schaden-Wikri_csv.csv;https://www.bka.de/SharedDocs/Downloads/DE/Publikationen/PolizeilicheKriminalstatistik/2021/Bund/Faelle/BU-F-11-T09-Schaden-Wikri_csv.csv?__blob=publicationFile&v=3;Bundeskriminalamt;2021;;2026-08-26;11392;78c6afedad7619c470f9a4f0e3d508cd0a9865fb164c45de6dcee010b73f7c38;dl-de/by-2-0;csv;faelle
BU-F-12-T05-TM-Internet_xls.xlsx;data/raw/pks/bund/2021/BU-F-12-T05-TM-Internet_xls.xlsx;https://www.bka.de/SharedDocs/Downloads/DE/Publikationen/PolizeilicheKriminalstatistik/2021/Bund/Faelle/BU-F-12-T05-TM-Internet_xls.xlsx?__blob=publicationFile&v=4;Bundeskriminalamt;2021;;2026-08-26;136539;950c6210bcf2ed44d07be83afb1e54f479010f03fd44f7951c2e709d34f6a130;dl-de/by-2-0;xlsx;faelle bund
BU-F-12-T05-TM-Internet_csv.csv;data/raw/pks/bund/2021/BU-F-12-T05-TM-Internet_csv.csv;https://www.bka.de/SharedDocs/Downloads/DE/Publikationen/PolizeilicheKriminalstatistik/2021/Bund/Faelle/BU-F-12-T05-TM-Internet_csv.csv?__blob=publicationFile&v=3;Bundeskriminalamt;2021;;2026-08-26;130775;2a91800b1d7df3abe8d3e779685f5d3a7e4bf2862290e9efeb4bdea12c64a03c;dl-de/by-2-0;csv;faelle
BU-F-13-T05-TM-Internet-Fallentw_xls.xlsx;data/raw/pks/bund/2021/BU-F-13-T05-TM-Internet-Fallentw_xls.xlsx;https://www.bka.de/SharedDocs/Downloads/DE/Publikationen/PolizeilicheKriminalstatistik/2021/Bund/Faelle/BU-F-13-T05-TM-Internet-Fallentw_xls.xlsx?__blob=publicationFile&v=4;Bundeskriminalamt;2021;;2026-08-26;124732;d64071ee734a6bfabb09a28853ad3537bb5209ab47b7632306115fe7b914df61;dl-de/by-2-0;xlsx;faelle bund
BU-F-13-T05-TM-Internet-Fallentw_csv.csv;data/raw/pks/bund/2021/BU-F-13-T05-TM-Internet-Fallentw_csv.csv;https://www.bka.de/SharedDocs/Downloads/DE/Publikationen/PolizeilicheKriminalstatistik/2021/Bund/Faelle/BU-F-13-T05-TM-Internet-Fallentw_csv.csv?__blob=publicationFile&v=3;Bundeskriminalamt;2021;;2026-08-26;113087;4bd693de52683d09673439b33ca85494b9597205b217de5078cfec11e360db20;dl-de/by-2-0;csv;faelle
BU-F-14-T03-Faelle-BP_xls.xlsx;data/raw/pks/bund/2021/BU-F-14-T03-Faelle-BP_xls.xlsx;https://www.bka.de/SharedDocs/Downloads/DE/Publikationen/PolizeilicheKriminalstatistik/2021/Bund/Faelle/BU-F-14-T03-Faelle-BP_xls.xlsx?__blob=publicationFile&v=4;Bundeskriminalamt;2021;;2026-08-26;129875;afe6cff5d5862706427d8ff8d187b04327fdeb6098f822911a8b2ab5db3af8cb;dl-de/by-2-0;xlsx;faelle bund
BU-F-14-T03-Faelle-BP_csv.csv;data/raw/pks/bund/2021/BU-F-14-T03-Faelle-BP_csv.csv;https://www.bka.de/SharedDocs/Downloads/DE/Publikationen/PolizeilicheKriminalstatistik/2021/Bund/Faelle/BU-F-14-T03-Faelle-BP_csv.csv?__blob=publicationFile&v=3;Bundeskriminalamt;2021;;2026-08-26;128367;ce96cf77097fe7142dbe1bd5cc46c9edc5c38e8b396bdcd6b0a1be28ada79891;dl-de/by-2-0;csv;faelle
BU-TV-03-T20-TV-vollendete-Faelle_xls.xlsx;data/raw/pks/bund/2021/BU-TV-03-T20-TV-vollendete-Faelle_xls.xlsx;https://www.bka.de/SharedDocs/Downloads/DE/Publikationen/PolizeilicheKriminalstatistik/2021/Bund/Tatverdaechtige/BU-TV-03-T20-TV-vollendete-Faelle_xls.xlsx?__blob=publicationFile&v=4;Bundeskriminalamt;2021;;2026-08-26;414663;7805dbc0db7598e18890e9c3f7f815f23d695a3fa278694986c0c353da46d4c7;dl-de/by-2-0;xlsx;faelle
BU-TV-03-T20-TV-vollendete-Faelle_csv.csv;data/raw/pks/bund/2021/BU-TV-03-T20-TV-vollendete-Faelle_csv.csv;https://www.bka.de/SharedDocs/Downloads/DE/Publikationen/PolizeilicheKriminalstatistik/2021/Bund/Tatverdaechtige/BU-TV-03-T20-TV-vollendete-Faelle_csv.csv?__blob=publicationFile&v=3;Bundeskriminalamt;2021;;2026-08-26;448273;71aa3f80a10e2a960465cc26463ef2235dc2a861e8f6bdfcb86d06261954ed8d;dl-de/by-2-0;csv;faelle
BU-O-01-T91-Opfer_xls.xlsx;data/raw/pks/bund/2021/BU-O-01-T91-Opfer_xls.xlsx;https://www.bka.de/SharedDocs/Downloads/DE/Publikationen/PolizeilicheKriminalstatistik/2021/Bund/Opfer/BU-O-01-T91-Opfer_xls.xlsx?__blob=publicationFile&v=5;Bundeskriminalamt;2021;;2026-08-26;103080;6673b17a9f4818335f02e578723057accd4cc4cf68e492fa936fcd55e706318c;dl-de/by-2-0;xlsx;opfer bund
BU-O-01-T91-Opfer_csv.csv;data/raw/pks/bund/2021/BU-O-01-T91-Opfer_csv.csv;https://www.bka.de/SharedDocs/Downloads/DE/Publikationen/PolizeilicheKriminalstatistik/2021/Bund/Opfer/BU-O-01-T91-Opfer_csv.csv?__blob=publicationFile&v=3;Bundeskriminalamt;2021;;2026-08-26;97763;120c9b0c1a119de121a6222f7121125e9fbff21ce88fe6bc847cd07b326b5627;dl-de/by-2-0;csv;opfer
BU-O-02-T91-Alter-erw_xls.xlsx;data/raw/pks/bund/2021/BU-O-02-T91-Alter-erw_xls.xlsx;https://www.bka.de/SharedDocs/Downloads/DE/Publikationen/PolizeilicheKriminalstatistik/2021/Bund/Opfer/BU-O-02-T91-Alter-erw_xls.xlsx?__blob=publicationFile&v=4;Bundeskriminalamt;2021;;2026-08-26;187292;e10efeed213ffae32a0b240fc1d21b521dc835a05d1d79343011377e314452eb;dl-de/by-2-0;xlsx;opfer bund
BU-O-02-T91-Alter-erw_csv.csv;data/raw/pks/bund/2021/BU-O-02-T91-Alter-erw_csv.csv;https://www.bka.de/SharedDocs/Downloads/DE/Publikationen/PolizeilicheKriminalstatistik/2021/Bund/Opfer/BU-O-02-T91-Alter-erw_csv.csv?__blob=publicationFile&v=3;Bundeskriminalamt;2021;;2026-08-26;154469;879fe54a86c9db199c0f247dc88a35ec8f2ace6e9e0a865c8e0337129778bb6b;dl-de/by-2-0;csv;opfer
BU-O-03-T91-Opfer-ab-60J_xls.xlsx;data/raw/pks/bund/2021/BU-O-03-T91-Opfer-ab-60J_xls.xlsx;https://www.bka.de/SharedDocs/Downloads/DE/Publikationen/PolizeilicheKriminalstatistik/2021/Bund/Opfer/BU-O-03-T91-Opfer-ab-60J_xls.xlsx?__blob=publicationFile&v=4;Bundeskriminalamt;2021;;2026-08-26;87499;e7c45bbab1189b267dff77b6396df092fe4b7475799c5b406d52b51d240007eb;dl-de/by-2-0;xlsx;opfer bund
BU-O-03-T91-Opfer-ab-60J_csv.csv;data/raw/pks/bund/2021/BU-O-03-T91-Opfer-ab-60J_csv.csv;https://www.bka.de/SharedDocs/Downloads/DE/Publikationen/PolizeilicheKriminalstatistik/2021/Bund/Opfer/BU-O-03-T91-Opfer-ab-60J_csv.csv?__blob=publicationFile&v=3;Bundeskriminalamt;2021;;2026-08-26;89723;7ce2d8769f8c2e143f53feac9ac1675bf681e29b683a346f9c208e76026c67ff;dl-de/by-2-0;csv;opfer
BU-O-04-T911-O-Staatsangehoerigkeiten_xls.xlsx;data/raw/pks/bund/2021/BU-O-04-T911-O-Staatsangehoerigkeiten_xls.xlsx;https://www.bka.de/SharedDocs/Downloads/DE/Publikationen/PolizeilicheKriminalstatistik/2021/Bund/Opfer/BU-O-04-T911-O-Staatsangehoerigkeiten_xls.xlsx?__blob=publicationFile&v=5;Bundeskriminalamt;2021;;2026-08-26;406311;8ca08414d8fe3952a77c7d8760520004d03b12772ceac2b6a45b31a1877eef3f;dl-de/by-2-0;xlsx;opfer bund
BU-O-04-T911-O-Staatsangehoerigkeiten_csv.csv;data/raw/pks/bund/2021/BU-O-04-T911-O-Staatsangehoerigkeiten_csv.csv;https://www.bka.de/SharedDocs/Downloads/DE/Publikationen/PolizeilicheKriminalstatistik/2021/Bund/Opfer/BU-O-04-T911-O-Staatsangehoerigkeiten_csv.csv?__blob=publicationFile&v=3;Bundeskriminalamt;2021;;2026-08-26;236734;3b170243350037fde24ee0b0c17f4567815163da616f98c6394c841eccb86b0d;dl-de/by-2-0;csv;opfer
BU-O-05-T92-O-TV-Bez_xls.xlsx;data/raw/pks/bund/2021/BU-O-05-T92-O-TV-Bez_xls.xlsx;https://www.bka.de/SharedDocs/Downloads/DE/Publikationen/PolizeilicheKriminalstatistik/2021/Bund/Opfer/BU-O-05-T92-O-TV-Bez_xls.xlsx?__blob=publicationFile&v=5;Bundeskriminalamt;2021;;2026-08-26;78650;a01ae69654bd656068b97fe25245fb5b7ed280c8fd21df54ad8a814d53a645c5;dl-de/by-2-0;xlsx;opfer bund
BU-O-05-T92-O-TV-Bez_csv.csv;data/raw/pks/bund/2021/BU-O-05-T92-O-TV-Bez_csv.csv;https://www.bka.de/SharedDocs/Downloads/DE/Publikationen/PolizeilicheKriminalstatistik/2021/Bund/Opfer/BU-O-05-T92-O-TV-Bez_csv.csv?__blob=publicationFile&v=3;Bundeskriminalamt;2021;;2026-08-26;84050;f1d93c5d36f52b348f072ae5697ca7765cad972b56ca75bb0420f60931787b6a;dl-de/by-2-0;csv;opfer
BU-O-06-T921-O-TV-Partner_xls.xlsx;data/raw/pks/bund/2021/BU-O-06-T921-O-TV-Partner_xls.xlsx;https://www.bka.de/SharedDocs/Downloads/DE/Publikationen/PolizeilicheKriminalstatistik/2021/Bund/Opfer/BU-O-06-T921-O-TV-Partner_xls.xlsx?__blob=publicationFile&v=4;Bundeskriminalamt;2021;;2026-08-26;73532;d13db8f65e7e04e0adee464dc71cbd23584d8721c4500264f2c44f10ab5beb09;dl-de/by-2-0;xlsx;opfer bund
BU-O-06-T921-O-TV-Partner_csv.csv;data/raw/pks/bund/2021/BU-O-06-T921-O-TV-Partner_csv.csv;https://www.bka.de/SharedDocs/Downloads/DE/Publikationen/PolizeilicheKriminalstatistik/2021/Bund/Opfer/BU-O-06-T921-O-TV-Partner_csv.csv?__blob=publicationFile&v=3;Bundeskriminalamt;2021;;2026-08-26;78570;b0c619e47a6ee1736e77ab52155d23288c69b65d594d5eca39ea2f10539c39c4;dl-de/by-2-0;csv;opfer
BU-O-07-T922-O-TV-Familie_xls.xlsx;data/raw/pks/bund/2021/BU-O-07-T922-O-TV-Familie_xls.xlsx;https://www.bka.de/SharedDocs/Downloads/DE/Publikationen/PolizeilicheKriminalstatistik/2021/Bund/Opfer/BU-O-07-T922-O-TV-Familie_xls.xlsx?__blob=publicationFile&v=4;Bundeskriminalamt;2021;;2026-08-26;92625;ff55c80dd5f812811b4d1abb881574809e0438737303e68f1497e0acf31357ab;dl-de/by-2-0;xlsx;opfer bund
BU-O-07-T922-O-TV-Familie_csv.csv;data/raw/pks/bund/2021/BU-O-07-T922-O-TV-Familie_csv.csv;https://www.bka.de/SharedDocs/Downloads/DE/Publikationen/PolizeilicheKriminalstatistik/2021/Bund/Opfer/BU-O-07-T922-O-TV-Familie_csv.csv?__blob=publicationFile&v=3;Bundeskriminalamt;2021;;2026-08-26;90641;896031cc9660531e39699660ecf979214f786a7b88bb743b9a392357b934ba10;dl-de/by-2-0;csv;opfer
BU-O-08-T923-O-TV-informell_xls.xlsx;data/raw/pks/bund/2021/BU-O-08-T923-O-TV-informell_xls.xlsx;https://www.bka.de/SharedDocs/Downloads/DE/Publikationen/PolizeilicheKriminalstatistik/2021/Bund/Opfer/BU-O-08-T923-O-TV-informell_xls.xlsx?__blob=publicationFile&v=4;Bundeskriminalamt;2021;;2026-08-26;62358;74a3fa605774ddafd5d7074f16681f6ecfb6efc968a34a8584a85cc944f648f6;dl-de/by-2-0;xlsx;opfer bund
BU-O-08-T923-O-TV-informell_csv.csv;data/raw/pks/bund/2021/BU-O-08-T923-O-TV-informell_csv.csv;https://www.bka.de/SharedDocs/Downloads/DE/Publikationen/PolizeilicheKriminalstatistik/2021/Bund/Opfer/BU-O-08-T923-O-TV-informell_csv.csv?__blob=publicationFile&v=3;Bundeskriminalamt;2021;;2026-08-26;70888;ea79767ec64c16c0ad2b4bfa8f8062a6d8266766a9e08e4eb3c7f20e663a142d;dl-de/by-2-0;csv;opfer
BU-O-09-T93-O-TV-raeumlich-sozial_xls.xlsx;data/raw/pks/bund/2021/BU-O-09-T93-O-TV-raeumlich-sozial_xls.xlsx;https://www.bka.de/SharedDocs/Downloads/DE/Publikationen/PolizeilicheKriminalstatistik/2021/Bund/Opfer/BU-O-09-T93-O-TV-raeumlich-sozial_xls.xlsx?__blob=publicationFile&v=4;Bundeskriminalamt;2021;;2026-08-26;81567;a42f781a828e53cbcd55211909f1e2ca4b70ff62d0b85391f46ff5368518ace0;dl-de/by-2-0;xlsx;opfer bund
BU-O-09-T93-O-TV-raeumlich-sozial_csv.csv;data/raw/pks/bund/2021/BU-O-09-T93-O-TV-raeumlich-sozial_csv.csv;https://www.bka.de/SharedDocs/Downloads/DE/Publikationen/PolizeilicheKriminalstatistik/2021/Bund/Opfer/BU-O-09-T93-O-TV-raeumlich-sozial_csv.csv?__blob=publicationFile&v=3;Bundeskriminalamt;2021;;2026-08-26;83817;59e1a94f2d5bf687533eede9b9e9008f8fb7af03424ebff4887d9109b837bb63;dl-de/by-2-0;csv;opfer
BU-O-10-T931-O-TV-raeumlich-sozial-a_xls.xlsx;data/raw/pks/bund/2021/BU-O-10-T931-O-TV-raeumlich-sozial-a_xls.xlsx;https://www.bka.de/SharedDocs/Downloads/DE/Publikationen/PolizeilicheKriminalstatistik/2021/Bund/Opfer/BU-O-10-T931-O-TV-raeumlich-sozial-a_xls.xlsx?__blob=publicationFile&v=4;Bundeskriminalamt;2021;;2026-08-26;80270;91fb0a2b0ccdfbede3a57ded9cd330ace15a0c8899dd313fbe45d14094c0e941;dl-de/by-2-0;xlsx;opfer bund
BU-O-10-T931-O-TV-raeumlich-sozial-a_csv.csv;data/raw/pks/bund/2021/BU-O-10-T931-O-TV-raeumlich-sozial-a_csv.csv;https://www.bka.de/SharedDocs/Downloads/DE/Publikationen/PolizeilicheKriminalstatistik/2021/Bund/Opfer/BU-O-10-T931-O-TV-raeumlich-sozial-a_csv.csv?__blob=publicationFile&v=3;Bundeskriminalamt;2021;;2026-08-26;83404;88009201bb1efa1a1e38976e609d9dd3e35ca14496d394b25650c552f529c56f;dl-de/by-2-0;csv;opfer
BU-O-11-T932-O-TV-raeumlich-sozial-b_xls.xlsx;data/raw/pks/bund/2021/BU-O-11-T932-O-TV-raeumlich-sozial-b_xls.xlsx;https://www.bka.de/SharedDocs/Downloads/DE/Publikationen/PolizeilicheKriminalstatistik/2021/Bund/Opfer/BU-O-11-T932-O-TV-raeumlich-sozial-b_xls.xlsx?__blob=publicationFile&v=4;Bundeskriminalamt;2021;;2026-08-26;63276;60bdd3bbd9b29ae5b089ce24a8da9123648c7f01d0fd632682610d0372fe3661;dl-de/by-2-0;xlsx;opfer bund
BU-O-11-T932-O-TV-raeumlich-sozial-b_csv.csv;data/raw/pks/bund/2021/BU-O-11-T932-O-TV-raeumlich-sozial-b_csv.csv;https://www.bka.de/SharedDocs/Downloads/DE/Publikationen/PolizeilicheKriminalstatistik/2021/Bund/Opfer/BU-O-11-T932-O-TV-raeumlich-sozial-b_csv.csv?__blob=publicationFile&v=4;Bundeskriminalamt;2021;;2026-08-26;71740;1fc6c5dae8d873245e5fb7d36e26c967b7c25f1f730c876bbe0c2a7ec6c1295a;dl-de/by-2-0;csv;opfer
BU-O-12-T933-O-TV-raeumlich-sozial-c_xls.xlsx;data/raw/pks/bund/2021/BU-O-12-T933-O-TV-raeumlich-sozial-c_xls.xlsx;https://www.bka.de/SharedDocs/Downloads/DE/Publikationen/PolizeilicheKriminalstatistik/2021/Bund/Opfer/BU-O-12-T933-O-TV-raeumlich-sozial-c_xls.xlsx?__blob=publicationFile&v=4;Bundeskriminalamt;2021;;2026-08-26;79727;6d1b3b58a145b099a50b5dade3e43d7a8b9bb90b4156158583dd0b11bb12119f;dl-de/by-2-0;xlsx;opfer bund
BU-O-12-T933-O-TV-raeumlich-sozial-c_csv.csv;data/raw/pks/bund/2021/BU-O-12-T933-O-TV-raeumlich-sozial-c_csv.csv;https://www.bka.de/SharedDocs/Downloads/DE/Publikationen/PolizeilicheKriminalstatistik/2021/Bund/Opfer/BU-O-12-T933-O-TV-raeumlich-sozial-c_csv.csv?__blob=publicationFile&v=4;Bundeskriminalamt;2021;;2026-08-26;82774;14dc5c5aa1011d1e0dcc4124df96c77ae9f4c4892c3c80a5a1ece3e0777d407f;dl-de/by-2-0;csv;opfer
BU-O-13-T94-Opferspezifik_xls.xlsx;data/raw/pks/bund/2021/BU-O-13-T94-Opferspezifik_xls.xlsx;https://www.bka.de/SharedDocs/Downloads/DE/Publikationen/PolizeilicheKriminalstatistik/2021/Bund/Opfer/BU-O-13-T94-Opferspezifik_xls.xlsx?__blob=publicationFile&v=4;Bundeskriminalamt;2021;;2026-08-26;72920;e82eff6c5f813dac818e9a771b08e06c06c0b1c6e1597d97e397f1b55a0e5886;dl-de/by-2-0;xlsx;opfer bund
BU-O-13-T94-Opferspezifik_csv.csv;data/raw/pks/bund/2021/BU-O-13-T94-Opferspezifik_csv.csv;https://www.bka.de/SharedDocs/Downloads/DE/Publikationen/PolizeilicheKriminalstatistik/2021/Bund/Opfer/BU-O-13-T94-Opferspezifik_csv.csv?__blob=publicationFile&v=3;Bundeskriminalamt;2021;;2026-08-26;76990;b02a5a66f44f45bc40de00fa145abce2974b10f710221d5078fa7564c6fdd81d;dl-de/by-2-0;csv;opfer
BU-O-14-T941-Beeintraechtigung_xls.xlsx;data/raw/pks/bund/2021/BU-O-14-T941-Beeintraechtigung_xls.xlsx;https://www.bka.de/SharedDocs/Downloads/DE/Publikationen/PolizeilicheKriminalstatistik/2021/Bund/Opfer/BU-O-14-T941-Beeintraechtigung_xls.xlsx?__blob=publicationFile&v=4;Bundeskriminalamt;2021;;2026-08-26;5333958;e557f986b091d5aa422cd1a00803cc875ca88d860a971b24f3efd439f0dd28b1;dl-de/by-2-0;xlsx;opfer bund
BU-O-14-T941-Beeintraechtigung_csv.csv;data/raw/pks/bund/2021/BU-O-14-T941-Beeintraechtigung_csv.csv;https://www.bka.de/SharedDocs/Downloads/DE/Publikationen/PolizeilicheKriminalstatistik/2021/Bund/Opfer/BU-O-14-T941-Beeintraechtigung_csv.csv?__blob=publicationFile&v=3;Bundeskriminalamt;2021;;2026-08-26;84411;625f83830f0060103152180ec97b38a373f347aa039069d0d834a885b1c102cb;dl-de/by-2-0;csv;opfer
BU-O-15-T942-Beruf-Taetigkeit-1_xls.xlsx;data/raw/pks/bund/2021/BU-O-15-T942-Beruf-Taetigkeit-1_xls.xlsx;https://www.bka.de/SharedDocs/Downloads/DE/Publikationen/PolizeilicheKriminalstatistik/2021/Bund/Opfer/BU-O-15-T942-Beruf-Taetigkeit-1_xls.xlsx?__blob=publicationFile&v=4;Bundeskriminalamt;2021;;2026-08-26;73358;c1efb5ab71e4b4cc0419c9f4c8a4aaf68aba4b77299c46f3a0d551f6727c97b5;dl-de/by-2-0;xlsx;opfer bund
BU-O-15-T942-Beruf-Taetigkeit-1_csv.csv;data/raw/pks/bund/2021/BU-O-15-T942-Beruf-Taetigkeit-1_csv.csv;https://www.bka.de/SharedDocs/Downloads/DE/Publikationen/PolizeilicheKriminalstatistik/2021/Bund/Opfer/BU-O-15-T942-Beruf-Taetigkeit-1_csv.csv?__blob=publicationFile&v=3;Bundeskriminalamt;2021;;2026-08-26;76844;65b8ad8d0090e32f4f4065237bef353b2f8b346916c027130ffeec728ff569ec;dl-de/by-2-0;csv;opfer
BU-O-16-T943-Beruf-Taetigkeit-2_xls.xlsx;data/raw/pks/bund/2021/BU-O-16-T943-Beruf-Taetigkeit-2_xls.xlsx;https://www.bka.de/SharedDocs/Downloads/DE/Publikationen/PolizeilicheKriminalstatistik/2021/Bund/Opfer/BU-O-16-T943-Beruf-Taetigkeit-2_xls.xlsx?__blob=publicationFile&v=4;Bundeskriminalamt;2021;;2026-08-26;95183;7cd4bd0dffcc9dc0174dd2e0686ed733f98889491d55be0abd65ab32ddc911f0;dl-de/by-2-0;xlsx;opfer bund
BU-O-16-T943-Beruf-Taetigkeit-2_csv.csv;data/raw/pks/bund/2021/BU-O-16-T943-Beruf-Taetigkeit-2_csv.csv;https://www.bka.de/SharedDocs/Downloads/DE/Publikationen/PolizeilicheKriminalstatistik/2021/Bund/Opfer/BU-O-16-T943-Beruf-Taetigkeit-2_csv.csv?__blob=publicationFile&v=3;Bundeskriminalamt;2021;;2026-08-26;92208;c06149da223e90d26102c4d7ffef8b1dc1c1474f5d1ba4680a2fa142678f40a3;dl-de/by-2-0;csv;opfer
LA-F-01-T01-Laender-Faelle_xls.xlsx;data/raw/pks/laender/2021/LA-F-01-T01-Laender-Faelle_xls.xlsx;https://www.bka.de/SharedDocs/Downloads/DE/Publikationen/PolizeilicheKriminalstatistik/2021/Land/Faelle/LA-F-01-T01-Laender-Faelle_xls.xlsx?__blob=publicationFile&v=5;Bundeskriminalamt;2021;;2026-08-26;1990514;3db52b09d2e7397851ee933c50687d00bcaf9d110e27c784d24eb9cc114ebf3b;dl-de/by-2-0;xlsx;faelle laender
LA-F-01-T01-Laender-Faelle_csv.csv;data/raw/pks/laender/2021/LA-F-01-T01-Laender-Faelle_csv.csv;https://www.bka.de/SharedDocs/Downloads/DE/Publikationen/PolizeilicheKriminalstatistik/2021/Land/Faelle/LA-F-01-T01-Laender-Faelle_csv.csv?__blob=publicationFile&v=6;Bundeskriminalamt;2021;;2026-08-26;2554565;642f201ceac5d2a7c63c41dfc1cf2e8ad88cfd75adba5b1d583405d24044b890;dl-de/by-2-0;csv;faelle laender
LA-F-02-T01-Laender-Faelle-HZ_xls.xlsx;data/raw/pks/laender/2021/LA-F-02-T01-Laender-Faelle-HZ_xls.xlsx;https://www.bka.de/SharedDocs/Downloads/DE/Publikationen/PolizeilicheKriminalstatistik/2021/Land/Faelle/LA-F-02-T01-Laender-Faelle-HZ_xls.xlsx?__blob=publicationFile&v=5;Bundeskriminalamt;2021;;2026-08-26;1676774;d5bc0a2e7917e6a68d0f636e341e0b644d3a96887cacc46aa8d95cbca22d8f32;dl-de/by-2-0;xlsx;faelle laender
LA-F-02-T01-Laender-Faelle-HZ_csv.csv;data/raw/pks/laender/2021/LA-F-02-T01-Laender-Faelle-HZ_csv.csv;https://www.bka.de/SharedDocs/Downloads/DE/Publikationen/PolizeilicheKriminalstatistik/2021/Land/Faelle/LA-F-02-T01-Laender-Faelle-HZ_csv.csv?__blob=publicationFile&v=5;Bundeskriminalamt;2021;;2026-08-26;2150180;1172618ee40cf1b4919804f678e95628cfeaad838fc6dfea844a596513468010;dl-de/by-2-0;csv;faelle laender
LA-F-03-T01-Laender-Fallentw_xls.xlsx;data/raw/pks/laender/2021/LA-F-03-T01-Laender-Fallentw_xls.xlsx;https://www.bka.de/SharedDocs/Downloads/DE/Publikationen/PolizeilicheKriminalstatistik/2021/Land/Faelle/LA-F-03-T01-Laender-Fallentw_xls.xlsx?__blob=publicationFile&v=5;Bundeskriminalamt;2021;;2026-08-26;1783161;3dda8d14bfd9f886c7255d7f212db3417ac70609772776638df1603fa3f28afd;dl-de/by-2-0;xlsx;faelle laender
LA-F-03-T01-Laender-Fallentw_csv.csv;data/raw/pks/laender/2021/LA-F-03-T01-Laender-Fallentw_csv.csv;https://www.bka.de/SharedDocs/Downloads/DE/Publikationen/PolizeilicheKriminalstatistik/2021/Land/Faelle/LA-F-03-T01-Laender-Fallentw_csv.csv?__blob=publicationFile&v=4;Bundeskriminalamt;2021;;2026-08-26;2276747;f937bdea27024b307a276e74f0a646a599a89d224a84d11bda3fe0f8856a2e54;dl-de/by-2-0;csv;faelle laender
LA-F-04-T07-Laender-Schaden_xls.xlsx;data/raw/pks/laender/2021/LA-F-04-T07-Laender-Schaden_xls.xlsx;https://www.bka.de/SharedDocs/Downloads/DE/Publikationen/PolizeilicheKriminalstatistik/2021/Land/Faelle/LA-F-04-T07-Laender-Schaden_xls.xlsx?__blob=publicationFile&v=5;Bundeskriminalamt;2021;;2026-08-26;688738;256ec854adf05479a185d50f8d9b485d4066daaa6c53477ab7692bb2e6a341b2;dl-de/by-2-0;xlsx;faelle laender
LA-F-04-T07-Laender-Schaden_csv.csv;data/raw/pks/laender/2021/LA-F-04-T07-Laender-Schaden_csv.csv;https://www.bka.de/SharedDocs/Downloads/DE/Publikationen/PolizeilicheKriminalstatistik/2021/Land/Faelle/LA-F-04-T07-Laender-Schaden_csv.csv?__blob=publicationFile&v=4;Bundeskriminalamt;2021;;2026-08-26;971149;be9d670f65555e28a1c7251c5c51fda5dba23a5fdf539c32d8db5375dac2cab9;dl-de/by-2-0;csv;faelle laender
LA-F-05-T02-Laender-Faelle-Wikri_xls.xlsx;data/raw/pks/laender/2021/LA-F-05-T02-Laender-Faelle-Wikri_xls.xlsx;https://www.bka.de/SharedDocs/Downloads/DE/Publikationen/PolizeilicheKriminalstatistik/2021/Land/Faelle/LA-F-05-T02-Laender-Faelle-Wikri_xls.xlsx?__blob=publicationFile&v=5;Bundeskriminalamt;2021;;2026-08-26;504998;c6bd070b037237aeded74b464956023fc20348186da6081b06ff2ea916e7316d;dl-de/by-2-0;xlsx;faelle laender
LA-F-05-T02-Laender-Faelle-Wikri_csv.csv;data/raw/pks/laender/2021/LA-F-05-T02-Laender-Faelle-Wikri_csv.csv;https://www.bka.de/SharedDocs/Downloads/DE/Publikationen/PolizeilicheKriminalstatistik/2021/Land/Faelle/LA-F-05-T02-Laender-Faelle-Wikri_csv.csv?__blob=publicationFile&v=4;Bundeskriminalamt;2021;;2026-08-26;707886;446cf87cb4e4d02c1110594e76d46aeb0b54e8945bc1195e9180c49ee4e661ef;dl-de/by-2-0;csv;faelle laender
LA-F-06-T02-Laender-Faelle-Wikri-HZ_xls.xlsx;data/raw/pks/laender/2021/LA-F-06-T02-Laender-Faelle-Wikri-HZ_xls.xlsx;https://www.bka.de/SharedDocs/Downloads/DE/Publikationen/PolizeilicheKriminalstatistik/2021/Land/Faelle/LA-F-06-T02-Laender-Faelle-Wikri-HZ_xls.xlsx?__blob=publicationFile&v=5;Bundeskriminalamt;2021;;2026-08-26;346299;61b12afd23e8d8528fd4317c169111e68f6ab02ed5bda3ac548dadc0f5cff7ab;dl-de/by-2-0;xlsx;faelle laender
LA-F-06-T02-Laender-Faelle-Wikri-HZ_csv.csv;data/raw/pks/laender/2021/LA-F-06-T02-Laender-Faelle-Wikri-HZ_csv.csv;https://www.bka.de/SharedDocs/Downloads/DE/Publikationen/PolizeilicheKriminalstatistik/2021/Land/Faelle/LA-F-06-T02-Laender-Faelle-Wikri-HZ_csv.csv?__blob=publicationFile&v=4;Bundeskriminalamt;2021;;2026-08-26;598719;2a08ce5af555ba469acc2116575dd18ac0956053b874c9778cdd817f74f64f89;dl-de/by-2-0;csv;faelle laender
LA-F-07-T02-Laender-Wikri-Fallentw_xls.xlsx;data/raw/pks/laender/2021/LA-F-07-T02-Laender-Wikri-Fallentw_xls.xlsx;https://www.bka.de/SharedDocs/Downloads/DE/Publikationen/PolizeilicheKriminalstatistik/2021/Land/Faelle/LA-F-07-T02-Laender-Wikri-Fallentw_xls.xlsx?__blob=publicationFile&v=5;Bundeskriminalamt;2021;;2026-08-26;378975;3f50a3ed63516a5210dac83c1fb285be518548c92d9851fa6751145f7487c338;dl-de/by-2-0;xlsx;faelle laender
LA-F-07-T02-Laender-Wikri-Fallentw_csv.csv;data/raw/pks/laender/2021/LA-F-07-T02-Laender-Wikri-Fallentw_csv.csv;https://www.bka.de/SharedDocs/Downloads/DE/Publikationen/PolizeilicheKriminalstatistik/2021/Land/Faelle/LA-F-07-T02-Laender-Wikri-Fallentw_csv.csv?__blob=publicationFile&v=4;Bundeskriminalamt;2021;;2026-08-26;622509;76d9ab4c1a6f1d4b19bfb3986e2a99c5b47c3c17d1bc6d3b59d2252613ce6547;dl-de/by-2-0;csv;faelle laender
LA-F-08-T09-Laender-Schaden-Wikri_xls.xlsx;data/raw/pks/laender/2021/LA-F-08-T09-Laender-Schaden-Wikri_xls.xlsx;https://www.bka.de/SharedDocs/Downloads/DE/Publikationen/PolizeilicheKriminalstatistik/2021/Land/Faelle/LA-F-08-T09-Laender-Schaden-Wikri_xls.xlsx?__blob=publicationFile&v=5;Bundeskriminalamt;2021;;2026-08-26;156272;205a81594742023912cdab15c59639346e8abe267d17cef64c87cec102e6e9da;dl-de/by-2-0;xlsx;faelle laender
LA-F-08-T09-Laender-Schaden-Wikri_csv.csv;data/raw/pks/laender/2021/LA-F-08-T09-Laender-Schaden-Wikri_csv.csv;https://www.bka.de/SharedDocs/Downloads/DE/Publikationen/PolizeilicheKriminalstatistik/2021/Land/Faelle/LA-F-08-T09-Laender-Schaden-Wikri_csv.csv?__blob=publicationFile&v=4;Bundeskriminalamt;2021;;2026-08-26;182576;4dc6c00aa5fe844e4a2516dc45362d60ba7aa079f703425913aa4785bcf1943b;dl-de/by-2-0;csv;faelle laender
LA-F-09-T05-Laender-Faelle-TM-Internet-HZ_xls.xlsx;data/raw/pks/laender/2021/LA-F-09-T05-Laender-Faelle-TM-Internet-HZ_xls.xlsx;https://www.bka.de/SharedDocs/Downloads/DE/Publikationen/PolizeilicheKriminalstatistik/2021/Land/Faelle/LA-F-09-T05-Laender-Faelle-TM-Internet-HZ_xls.xlsx?__blob=publicationFile&v=5;Bundeskriminalamt;2021;;2026-08-26;1096110;53039d19048d1ed7ea621ce2dc7256cb3edbbec7127634c5c2964b30711a1f38;dl-de/by-2-0;xlsx;faelle laender
LA-F-09-T05-Laender-Faelle-TM-Internet-HZ_csv.csv;data/raw/pks/laender/2021/LA-F-09-T05-Laender-Faelle-TM-Internet-HZ_csv.csv;https://www.bka.de/SharedDocs/Downloads/DE/Publikationen/PolizeilicheKriminalstatistik/2021/Land/Faelle/LA-F-09-T05-Laender-Faelle-TM-Internet-HZ_csv.csv?__blob=publicationFile&v=4;Bundeskriminalamt;2021;;2026-08-26;1996927;f040ffffad99e12d717ae3632764fc64dba70f2e767d5a665e9af79d91e5d970;dl-de/by-2-0;csv;faelle laender
LA-F-10-T05-Laender-TM-Fallentw_xls.xlsx;data/raw/pks/laender/2021/LA-F-10-T05-Laender-TM-Fallentw_xls.xlsx;https://www.bka.de/SharedDocs/Downloads/DE/Publikationen/PolizeilicheKriminalstatistik/2021/Land/Faelle/LA-F-10-T05-Laender-TM-Fallentw_xls.xlsx?__blob=publicationFile&v=5;Bundeskriminalamt;2021;;2026-08-26;1245471;b3e3afe66b6e74350b6fa87d2e2e5c56022431c0d824231f7c1b244ef91d93f1;dl-de/by-2-0;xlsx;faelle laender
LA-F-10-T05-Laender-TM-Fallentw_csv.csv;data/raw/pks/laender/2021/LA-F-10-T05-Laender-TM-Fallentw_csv.csv;https://www.bka.de/SharedDocs/Downloads/DE/Publikationen/PolizeilicheKriminalstatistik/2021/Land/Faelle/LA-F-10-T05-Laender-TM-Fallentw_csv.csv?__blob=publicationFile&v=4;Bundeskriminalamt;2021;;2026-08-26;2072607;3e3fd0d02d57cfc20608b2b6003b3bc40508c3e29967869b7f8ef565df9b6773;dl-de/by-2-0;csv;faelle laender
BU-F-01-T01-Faelle_xls.xlsx;data/raw/pks/bund/2025/BU-F-01-T01-Faelle_xls.xlsx;https://www.bka.de/SharedDocs/Downloads/DE/Publikationen/PolizeilicheKriminalstatistik/2025/Bund/Faelle/BU-F-01-T01-Faelle_xls.xlsx?__blob=publicationFile&v=4;Bundeskriminalamt;2025;;2026-08-26;210712;2e152fb3ec657859ebd06e973012e4fd1ee00f1a877b2d263e28e9ba84c6f001;dl-de/by-2-0;xlsx;faelle bund
BU-F-02-T01-Fallentw_xls.xlsx;data/raw/pks/bund/2025/BU-F-02-T01-Fallentw_xls.xlsx;https://www.bka.de/SharedDocs/Downloads/DE/Publikationen/PolizeilicheKriminalstatistik/2025/Bund/Faelle/BU-F-02-T01-Fallentw_xls.xlsx?__blob=publicationFile&v=3;Bundeskriminalamt;2025;;2026-08-26;166144;dec3da6b5787de8851d3a7874f047dcc3d90ece1a6f55c23ac538aeaa60a718f;dl-de/by-2-0;xlsx;faelle bund
BU-F-03-T01-vollendete-Faelle_xls.xlsx;data/raw/pks/bund/2025/BU-F-03-T01-vollendete-Faelle_xls.xlsx;https://www.bka.de/SharedDocs/Downloads/DE/Publikationen/PolizeilicheKriminalstatistik/2025/Bund/Faelle/BU-F-03-T01-vollendete-Faelle_xls.xlsx?__blob=publicationFile&v=2;Bundeskriminalamt;2025;;2026-08-26;189696;39993d7cb00035a80dada11246a5e906b042bac44d1969867c92ce554189a5f7;dl-de/by-2-0;xlsx;faelle bund
BU-F-04-T01-Tatortverteilung-Prozent_xls.xlsx;data/raw/pks/bund/2025/BU-F-04-T01-Tatortverteilung-Prozent_xls.xlsx;https://www.bka.de/SharedDocs/Downloads/DE/Publikationen/PolizeilicheKriminalstatistik/2025/Bund/Faelle/BU-F-04-T01-Tatortverteilung-Prozent_xls.xlsx?__blob=publicationFile&v=3;Bundeskriminalamt;2025;;2026-08-26;138841;8ececfdfcb1f51092793ccb2d865c0079a7b52e2f81dbd1a90fd9ac1ad82d1f6;dl-de/by-2-0;xlsx;faelle bund
BU-F-05-T01-Tatzeit-vor-Berichtsjahr_xls.xlsx;data/raw/pks/bund/2025/BU-F-05-T01-Tatzeit-vor-Berichtsjahr_xls.xlsx;https://www.bka.de/SharedDocs/Downloads/DE/Publikationen/PolizeilicheKriminalstatistik/2025/Bund/Faelle/BU-F-05-T01-Tatzeit-vor-Berichtsjahr_xls.xlsx?__blob=publicationFile&v=2;Bundeskriminalamt;2025;;2026-08-26;220798;f8a2fc58cfc264c0b5306c756a12886852b97fbe8a9672743d33c172cacee048;dl-de/by-2-0;xlsx;faelle bund
BU-F-06-T12-aufgeklaert_xls.xlsx;data/raw/pks/bund/2025/BU-F-06-T12-aufgeklaert_xls.xlsx;https://www.bka.de/SharedDocs/Downloads/DE/Publikationen/PolizeilicheKriminalstatistik/2025/Bund/Faelle/BU-F-06-T12-aufgeklaert_xls.xlsx?__blob=publicationFile&v=2;Bundeskriminalamt;2025;;2026-08-26;144659;06c0c07a44456bf586d01604dbb9ea16b512231e7dcd9ba975239ff2c42556bc;dl-de/by-2-0;xlsx;faelle bund
BU-F-07-T07-Schaden_xls.xlsx;data/raw/pks/bund/2025/BU-F-07-T07-Schaden_xls.xlsx;https://www.bka.de/SharedDocs/Downloads/DE/Publikationen/PolizeilicheKriminalstatistik/2025/Bund/Faelle/BU-F-07-T07-Schaden_xls.xlsx?__blob=publicationFile&v=2;Bundeskriminalamt;2025;;2026-08-26;61285;dd2e985afa2cc450e177dda0e01ebb88e4692c709a79fb56a396b73b98ffa4ea;dl-de/by-2-0;xlsx;faelle bund
BU-F-09-T02-Wikri_xls.xlsx;data/raw/pks/bund/2025/BU-F-09-T02-Wikri_xls.xlsx;https://www.bka.de/SharedDocs/Downloads/DE/Publikationen/PolizeilicheKriminalstatistik/2025/Bund/Faelle/BU-F-09-T02-Wikri_xls.xlsx?__blob=publicationFile&v=2;Bundeskriminalamt;2025;;2026-08-26;59821;aa4509ce1d3326762ee02267fdc5c736bf03a25f0c39536959148abddb6a0790;dl-de/by-2-0;xlsx;faelle bund
BU-F-10-T02-Wikri-Fallentw_xls.xlsx;data/raw/pks/bund/2025/BU-F-10-T02-Wikri-Fallentw_xls.xlsx;https://www.bka.de/SharedDocs/Downloads/DE/Publikationen/PolizeilicheKriminalstatistik/2025/Bund/Faelle/BU-F-10-T02-Wikri-Fallentw_xls.xlsx?__blob=publicationFile&v=2;Bundeskriminalamt;2025;;2026-08-26;55786;49189794f37a5c902122000393040c8f05ffb7bad4afc2e5a721b01651d7e227;dl-de/by-2-0;xlsx;faelle bund
BU-F-11-T09-Schaden-Wikri_xls.xlsx;data/raw/pks/bund/2025/BU-F-11-T09-Schaden-Wikri_xls.xlsx;https://www.bka.de/SharedDocs/Downloads/DE/Publikationen/PolizeilicheKriminalstatistik/2025/Bund/Faelle/BU-F-11-T09-Schaden-Wikri_xls.xlsx?__blob=publicationFile&v=2;Bundeskriminalamt;2025;;2026-08-26;25509;584362241fcc57cceaf6e19e9166b0ccfce92186ceb595d8748ba830e5b56dda;dl-de/by-2-0;xlsx;faelle bund
BU-F-12-T05-TM-Internet_xls.xlsx;data/raw/pks/bund/2025/BU-F-12-T05-TM-Internet_xls.xlsx;https://www.bka.de/SharedDocs/Downloads/DE/Publikationen/PolizeilicheKriminalstatistik/2025/Bund/Faelle/BU-F-12-T05-TM-Internet_xls.xlsx?__blob=publicationFile&v=2;Bundeskriminalamt;2025;;2026-08-26;154364;02221e4b3afa9001fe32bf2533daec0774647663241367ea407379c2575f7a0f;dl-de/by-2-0;xlsx;faelle bund
BU-F-13-T05-TM-Internet-Fallentw_xls.xlsx;data/raw/pks/bund/2025/BU-F-13-T05-TM-Internet-Fallentw_xls.xlsx;https://www.bka.de/SharedDocs/Downloads/DE/Publikationen/PolizeilicheKriminalstatistik/2025/Bund/Faelle/BU-F-13-T05-TM-Internet-Fallentw_xls.xlsx?__blob=publicationFile&v=2;Bundeskriminalamt;2025;;2026-08-26;135146;cae0c3c4be4ddd5081f537810aa9a6231aefc98c262935149d046f1c5e23e68b;dl-de/by-2-0;xlsx;faelle bund
BU-F-14-T03-Faelle-BP_xls.xlsx;data/raw/pks/bund/2025/BU-F-14-T03-Faelle-BP_xls.xlsx;https://www.bka.de/SharedDocs/Downloads/DE/Publikationen/PolizeilicheKriminalstatistik/2025/Bund/Faelle/BU-F-14-T03-Faelle-BP_xls.xlsx?__blob=publicationFile&v=2;Bundeskriminalamt;2025;;2026-08-26;152938;87b99ceeb3261ee35a29f0287466a58002a8881b156948b8b5a1f3d261403384;dl-de/by-2-0;xlsx;faelle bund
LA-F-01-T01-Laender-Faelle_xls.xlsx;data/raw/pks/laender/2025/LA-F-01-T01-Laender-Faelle_xls.xlsx;https://www.bka.de/SharedDocs/Downloads/DE/Publikationen/PolizeilicheKriminalstatistik/2025/Land/Faelle/LA-F-01-T01-Laender-Faelle_xls.xlsx?__blob=publicationFile&v=2;Bundeskriminalamt;2025;;2026-08-26;2516456;a117603a110bc371bd598dc22f9d3c0ecf4cac34367699cf951f9b50ca8820a5;dl-de/by-2-0;xlsx;faelle laender
LA-F-02-T01-Laender-Faelle-HZ_xls.xlsx;data/raw/pks/laender/2025/LA-F-02-T01-Laender-Faelle-HZ_xls.xlsx;https://www.bka.de/SharedDocs/Downloads/DE/Publikationen/PolizeilicheKriminalstatistik/2025/Land/Faelle/LA-F-02-T01-Laender-Faelle-HZ_xls.xlsx?__blob=publicationFile&v=2;Bundeskriminalamt;2025;;2026-08-26;1755654;153aae0a20b6721366761cb7b6e958f4dc064f42cb1253ae9798513ee8096ff5;dl-de/by-2-0;xlsx;faelle laender
LA-F-03-T01-Laender-Fallentw_xls.xlsx;data/raw/pks/laender/2025/LA-F-03-T01-Laender-Fallentw_xls.xlsx;https://www.bka.de/SharedDocs/Downloads/DE/Publikationen/PolizeilicheKriminalstatistik/2025/Land/Faelle/LA-F-03-T01-Laender-Fallentw_xls.xlsx?__blob=publicationFile&v=3;Bundeskriminalamt;2025;;2026-08-26;1868637;326c6a31ec1925bc375d9ad0370d5bf61587b572ed492671e48b5e6e43562737;dl-de/by-2-0;xlsx;faelle laender
LA-F-03-T07-Laender-Schaden_xls.xlsx;data/raw/pks/laender/2025/LA-F-03-T07-Laender-Schaden_xls.xlsx;https://www.bka.de/SharedDocs/Downloads/DE/Publikationen/PolizeilicheKriminalstatistik/2025/Land/Faelle/LA-F-03-T07-Laender-Schaden_xls.xlsx?__blob=publicationFile&v=2;Bundeskriminalamt;2025;;2026-08-26;61285;dd2e985afa2cc450e177dda0e01ebb88e4692c709a79fb56a396b73b98ffa4ea;dl-de/by-2-0;xlsx;faelle laender
LA-F-05-T02-Laender-Faelle-Wikri_xls.xlsx;data/raw/pks/laender/2025/LA-F-05-T02-Laender-Faelle-Wikri_xls.xlsx;https://www.bka.de/SharedDocs/Downloads/DE/Publikationen/PolizeilicheKriminalstatistik/2025/Land/Faelle/LA-F-05-T02-Laender-Faelle-Wikri_xls.xlsx?__blob=publicationFile&v=2;Bundeskriminalamt;2025;;2026-08-26;560280;3b92a2f29b1f24693cddda438dbb7986ceb6628e65d22b50222de47faf3671e5;dl-de/by-2-0;xlsx;faelle laender
LA-F-06-T02-Laender-Faelle-Wikri-HZ_xls.xlsx;data/raw/pks/laender/2025/LA-F-06-T02-Laender-Faelle-Wikri-HZ_xls.xlsx;https://www.bka.de/SharedDocs/Downloads/DE/Publikationen/PolizeilicheKriminalstatistik/2025/Land/Faelle/LA-F-06-T02-Laender-Faelle-Wikri-HZ_xls.xlsx?__blob=publicationFile&v=2;Bundeskriminalamt;2025;;2026-08-26;389339;2957668c31a85344c06b28576ba1ec412d9b82cdf080f5b18afd5f0277846ee0;dl-de/by-2-0;xlsx;faelle laender
LA-F-08-T09-Laender-Schaden-Wikri_xls.xlsx;data/raw/pks/laender/2025/LA-F-08-T09-Laender-Schaden-Wikri_xls.xlsx;https://www.bka.de/SharedDocs/Downloads/DE/Publikationen/PolizeilicheKriminalstatistik/2025/Land/Faelle/LA-F-08-T09-Laender-Schaden-Wikri_xls.xlsx?__blob=publicationFile&v=2;Bundeskriminalamt;2025;;2026-08-26;161570;729daa3284cfa03133f39f1793034c69ffdb9b91788982f979b5ee7cd3eb2c8f;dl-de/by-2-0;xlsx;faelle laender
LA-F-09-T05-Laender-Faelle-TM-Internet-HZ_xls.xlsx;data/raw/pks/laender/2025/LA-F-09-T05-Laender-Faelle-TM-Internet-HZ_xls.xlsx;https://www.bka.de/SharedDocs/Downloads/DE/Publikationen/PolizeilicheKriminalstatistik/2025/Land/Faelle/LA-F-09-T05-Laender-Faelle-TM-Internet-HZ_xls.xlsx?__blob=publicationFile&v=2;Bundeskriminalamt;2025;;2026-08-26;1170410;4bd68e78f723707b376a6a4bc4270b4202466abe840f2a4a7142d051081ca40a;dl-de/by-2-0;xlsx;faelle laender
LA-F-10-T05-Laender-TM-Fallentw_xls.xlsx;data/raw/pks/laender/2025/LA-F-10-T05-Laender-TM-Fallentw_xls.xlsx;https://www.bka.de/SharedDocs/Downloads/DE/Publikationen/PolizeilicheKriminalstatistik/2025/Land/Faelle/LA-F-10-T05-Laender-TM-Fallentw_xls.xlsx?__blob=publicationFile&v=2;Bundeskriminalamt;2025;;2026-08-26;1356605;7bcd166d9e65c5d76184593f14647efc523517605cbf16024a5f86a1d4bbca4b;dl-de/by-2-0;xlsx;faelle laender
BU-O-01-T91-Opfer_xls.xlsx;data/raw/pks/bund/2025/BU-O-01-T91-Opfer_xls.xlsx;https://www.bka.de/SharedDocs/Downloads/DE/Publikationen/PolizeilicheKriminalstatistik/2025/Bund/Opfer/BU-O-01-T91-Opfer_xls.xlsx?__blob=publicationFile&v=2;Bundeskriminalamt;2025;;2026-08-26;109074;6d7c5b2b3c31e6dc6ed9903504b8ec73097daab66f8e679cc929d424c239568f;dl-de/by-2-0;xlsx;opfer bund
BU-O-02-T91-Alter-erw_xls.xlsx;data/raw/pks/bund/2025/BU-O-02-T91-Alter-erw_xls.xlsx;https://www.bka.de/SharedDocs/Downloads/DE/Publikationen/PolizeilicheKriminalstatistik/2025/Bund/Opfer/BU-O-02-T91-Alter-erw_xls.xlsx?__blob=publicationFile&v=2;Bundeskriminalamt;2025;;2026-08-26;200359;55240f33fcd8cb5ea8efb5f60f25d2c2bf08761ca5593c2732ea25f93e5f5f22;dl-de/by-2-0;xlsx;opfer bund
BU-O-03-T91-Opfer-ab-60J_xls.xlsx;data/raw/pks/bund/2025/BU-O-03-T91-Opfer-ab-60J_xls.xlsx;https://www.bka.de/SharedDocs/Downloads/DE/Publikationen/PolizeilicheKriminalstatistik/2025/Bund/Opfer/BU-O-03-T91-Opfer-ab-60J_xls.xlsx?__blob=publicationFile&v=2;Bundeskriminalamt;2025;;2026-08-26;93948;987df17970fffb9c59432e3464b0d2ae8c1554b97f8f0b2be6a97a2740b7b509;dl-de/by-2-0;xlsx;opfer bund
BU-O-04-T911-O-Staatsangehoerigkeiten_xls.xlsx;data/raw/pks/bund/2025/BU-O-04-T911-O-Staatsangehoerigkeiten_xls.xlsx;https://www.bka.de/SharedDocs/Downloads/DE/Publikationen/PolizeilicheKriminalstatistik/2025/Bund/Opfer/BU-O-04-T911-O-Staatsangehoerigkeiten_xls.xlsx?__blob=publicationFile&v=3;Bundeskriminalamt;2025;;2026-08-26;474353;27f6a1393990c46e589712c11bfbcb4c7db423fddbc93bbb5b199ec89107e9dd;dl-de/by-2-0;xlsx;opfer bund
BU-O-05-T92-O-TV-Bez_xls.xlsx;data/raw/pks/bund/2025/BU-O-05-T92-O-TV-Bez_xls.xlsx;https://www.bka.de/SharedDocs/Downloads/DE/Publikationen/PolizeilicheKriminalstatistik/2025/Bund/Opfer/BU-O-05-T92-O-TV-Bez_xls.xlsx?__blob=publicationFile&v=2;Bundeskriminalamt;2025;;2026-08-26;85184;3c8ec6b33a57910cba8ee5e464001e8dae9712aa73b326f7985a875173138af7;dl-de/by-2-0;xlsx;opfer bund
BU-O-06-T921-O-TV-Partner_xls.xlsx;data/raw/pks/bund/2025/BU-O-06-T921-O-TV-Partner_xls.xlsx;https://www.bka.de/SharedDocs/Downloads/DE/Publikationen/PolizeilicheKriminalstatistik/2025/Bund/Opfer/BU-O-06-T921-O-TV-Partner_xls.xlsx?__blob=publicationFile&v=2;Bundeskriminalamt;2025;;2026-08-26;74216;e7f927248b8cd32ceb642f0e7c9f2fd52fedf55394f3fd3e1974808eb9333f48;dl-de/by-2-0;xlsx;opfer bund
BU-O-07-T922-O-TV-Familie_xls.xlsx;data/raw/pks/bund/2025/BU-O-07-T922-O-TV-Familie_xls.xlsx;https://www.bka.de/SharedDocs/Downloads/DE/Publikationen/PolizeilicheKriminalstatistik/2025/Bund/Opfer/BU-O-07-T922-O-TV-Familie_xls.xlsx?__blob=publicationFile&v=4;Bundeskriminalamt;2025;;2026-08-26;100141;bd85d4fa4fef6a6517ea11fc5975a1e86c540004d2d5ddf964b01941fba3c010;dl-de/by-2-0;xlsx;opfer bund
BU-O-08-T923-O-TV-informell_xls.xlsx;data/raw/pks/bund/2025/BU-O-08-T923-O-TV-informell_xls.xlsx;https://www.bka.de/SharedDocs/Downloads/DE/Publikationen/PolizeilicheKriminalstatistik/2025/Bund/Opfer/BU-O-08-T923-O-TV-informell_xls.xlsx?__blob=publicationFile&v=2;Bundeskriminalamt;2025;;2026-08-26;66688;85617fb0d498397ea35819b4f8ffbc5ac51d4d14c6692f807c06f7ef65b097aa;dl-de/by-2-0;xlsx;opfer bund
BU-O-09-T93-O-TV-raeumlich-sozial_xls.xlsx;data/raw/pks/bund/2025/BU-O-09-T93-O-TV-raeumlich-sozial_xls.xlsx;https://www.bka.de/SharedDocs/Downloads/DE/Publikationen/PolizeilicheKriminalstatistik/2025/Bund/Opfer/BU-O-09-T93-O-TV-raeumlich-sozial_xls.xlsx?__blob=publicationFile&v=2;Bundeskriminalamt;2025;;2026-08-26;88722;cd26e5fdedf8e6b39bbd988f6e8a2217dd574423366723fbb7cb8775c95df88d;dl-de/by-2-0;xlsx;opfer bund
BU-O-10-T931-O-TV-raeumlich-sozial-a_xls.xlsx;data/raw/pks/bund/2025/BU-O-10-T931-O-TV-raeumlich-sozial-a_xls.xlsx;https://www.bka.de/SharedDocs/Downloads/DE/Publikationen/PolizeilicheKriminalstatistik/2025/Bund/Opfer/BU-O-10-T931-O-TV-raeumlich-sozial-a_xls.xlsx?__blob=publicationFile&v=2;Bundeskriminalamt;2025;;2026-08-26;87084;1090bf1dd454a94b98b86c023e2bd521c871a3a619684c3143726316c29152f3;dl-de/by-2-0;xlsx;opfer bund
BU-O-11-T932-O-TV-raeumlich-sozial-b_xls.xlsx;data/raw/pks/bund/2025/BU-O-11-T932-O-TV-raeumlich-sozial-b_xls.xlsx;https://www.bka.de/SharedDocs/Downloads/DE/Publikationen/PolizeilicheKriminalstatistik/2025/Bund/Opfer/BU-O-11-T932-O-TV-raeumlich-sozial-b_xls.xlsx?__blob=publicationFile&v=2;Bundeskriminalamt;2025;;2026-08-26;67299;43fcb553303e2c02ec961135b6b484f9423c4e99d1a34e9fd60065fa958b8cd9;dl-de/by-2-0;xlsx;opfer bund
BU-O-12-T933-O-TV-raeumlich-sozial-c_xls.xlsx;data/raw/pks/bund/2025/BU-O-12-T933-O-TV-raeumlich-sozial-c_xls.xlsx;https://www.bka.de/SharedDocs/Downloads/DE/Publikationen/PolizeilicheKriminalstatistik/2025/Bund/Opfer/BU-O-12-T933-O-TV-raeumlich-sozial-c_xls.xlsx?__blob=publicationFile&v=2;Bundeskriminalamt;2025;;2026-08-26;84990;233c876cc08722e299e4e04ae11ef0aad0412db6862d4d148b773f9341809f26;dl-de/by-2-0;xlsx;opfer bund
BU-O-13-T94-Opferspezifik_xls.xlsx;data/raw/pks/bund/2025/BU-O-13-T94-Opferspezifik_xls.xlsx;https://www.bka.de/SharedDocs/Downloads/DE/Publikationen/PolizeilicheKriminalstatistik/2025/Bund/Opfer/BU-O-13-T94-Opferspezifik_xls.xlsx?__blob=publicationFile&v=2;Bundeskriminalamt;2025;;2026-08-26;78293;5275f554a7642d0f8e9ffa4d5d5046cd9a102359b3a73d357920d1800de677b4;dl-de/by-2-0;xlsx;opfer bund
BU-O-14-T941-Beeintraechtigung_xls.xlsx;data/raw/pks/bund/2025/BU-O-14-T941-Beeintraechtigung_xls.xlsx;https://www.bka.de/SharedDocs/Downloads/DE/Publikationen/PolizeilicheKriminalstatistik/2025/Bund/Opfer/BU-O-14-T941-Beeintraechtigung_xls.xlsx?__blob=publicationFile&v=2;Bundeskriminalamt;2025;;2026-08-26;92345;fc3c3f3354ef475a8d73eb5beb93af04f4ac47a4e90c9409040a15ea688fc6b8;dl-de/by-2-0;xlsx;opfer bund
BU-O-15-T942-Beruf-Taetigkeit-1_xls.xlsx;data/raw/pks/bund/2025/BU-O-15-T942-Beruf-Taetigkeit-1_xls.xlsx;https://www.bka.de/SharedDocs/Downloads/DE/Publikationen/PolizeilicheKriminalstatistik/2025/Bund/Opfer/BU-O-15-T942-Beruf-Taetigkeit-1_xls.xlsx?__blob=publicationFile&v=2;Bundeskriminalamt;2025;;2026-08-26;78263;5586e995e9f3e0a7ade08ad3d782a833186aa39310ae0989075989ac14f8c893;dl-de/by-2-0;xlsx;opfer bund
BU-O-16-T943-Beruf-Taetigkeit-2_xls.xlsx;data/raw/pks/bund/2025/BU-O-16-T943-Beruf-Taetigkeit-2_xls.xlsx;https://www.bka.de/SharedDocs/Downloads/DE/Publikationen/PolizeilicheKriminalstatistik/2025/Bund/Opfer/BU-O-16-T943-Beruf-Taetigkeit-2_xls.xlsx?__blob=publicationFile&v=2;Bundeskriminalamt;2025;;2026-08-26;104401;a8d6af56cc3ba1da832c2ddb004086a65220630ccf38240f1e9eceed1d1a7b0f;dl-de/by-2-0;xlsx;opfer bund
BU-F-01-T01-Faelle_xls.xlsx;data/raw/pks/bund/2022/BU-F-01-T01-Faelle_xls.xlsx;https://www.bka.de/SharedDocs/Downloads/DE/Publikationen/PolizeilicheKriminalstatistik/2022/Bund/Faelle/BU-F-01-T01-Faelle_xls.xlsx?__blob=publicationFile&v=3;Bundeskriminalamt;2022;;2026-08-26;165613;9fd430554f7b72b4cd3973bf8b4dc0c5696e7160f346bc9ddb3e5d338d843e9d;dl-de/by-2-0;xlsx;faelle bund
BU-F-02-T01-Fallentw_xls.xlsx;data/raw/pks/bund/2022/BU-F-02-T01-Fallentw_xls.xlsx;https://www.bka.de/SharedDocs/Downloads/DE/Publikationen/PolizeilicheKriminalstatistik/2022/Bund/Faelle/BU-F-02-T01-Fallentw_xls.xlsx?__blob=publicationFile&v=3;Bundeskriminalamt;2022;;2026-08-26;169221;311321865511a6f3832564dfb7e9d36299013c7140b6b9960f8210cc0766e5cf;dl-de/by-2-0;xlsx;faelle bund
BU-F-03-T01-vollendete-Faelle_xls.xlsx;data/raw/pks/bund/2022/BU-F-03-T01-vollendete-Faelle_xls.xlsx;https://www.bka.de/SharedDocs/Downloads/DE/Publikationen/PolizeilicheKriminalstatistik/2022/Bund/Faelle/BU-F-03-T01-vollendete-Faelle_xls.xlsx?__blob=publicationFile&v=3;Bundeskriminalamt;2022;;2026-08-26;153861;10eb168e31971a284c8c9df63ff37f0b29df19e0a0bc1a7cd1782e177948e06a;dl-de/by-2-0;xlsx;faelle bund
BU-F-04-T01-Tatortverteilung-Prozent_xls.xlsx;data/raw/pks/bund/2022/BU-F-04-T01-Tatortverteilung-Prozent_xls.xlsx;https://www.bka.de/SharedDocs/Downloads/DE/Publikationen/PolizeilicheKriminalstatistik/2022/Bund/Faelle/BU-F-04-T01-Tatortverteilung-Prozent_xls.xlsx?__blob=publicationFile&v=3;Bundeskriminalamt;2022;;2026-08-26;130093;069615b67a40d385112188bb5387abcde69f8eb47b28cbcd1c4ebc4b796e4cad;dl-de/by-2-0;xlsx;faelle bund
BU-F-05-T01-Tatzeit-vor-Berichtsjahr_xls.xlsx;data/raw/pks/bund/2022/BU-F-05-T01-Tatzeit-vor-Berichtsjahr_xls.xlsx;https://www.bka.de/SharedDocs/Downloads/DE/Publikationen/PolizeilicheKriminalstatistik/2022/Bund/Faelle/BU-F-05-T01-Tatzeit-vor-Berichtsjahr_xls.xlsx?__blob=publicationFile&v=3;Bundeskriminalamt;2022;;2026-08-26;190284;fba9d627f11674547e8876e867410215f58db559a4f59b0cbc631331d92c5dd1;dl-de/by-2-0;xlsx;faelle bund
BU-F-06-T12-aufgeklaert_xls.xlsx;data/raw/pks/bund/2022/BU-F-06-T12-aufgeklaert_xls.xlsx;https://www.bka.de/SharedDocs/Downloads/DE/Publikationen/PolizeilicheKriminalstatistik/2022/Bund/Faelle/BU-F-06-T12-aufgeklaert_xls.xlsx?__blob=publicationFile&v=3;Bundeskriminalamt;2022;;2026-08-26;121825;daf0dd877aff67fcca10be518f4d73de0b5870fe6a4760a32938b7ebc2afb6d4;dl-de/by-2-0;xlsx;faelle bund
BU-F-07-T07-Schaden_xls.xlsx;data/raw/pks/bund/2022/BU-F-07-T07-Schaden_xls.xlsx;https://www.bka.de/SharedDocs/Downloads/DE/Publikationen/PolizeilicheKriminalstatistik/2022/Bund/Faelle/BU-F-07-T07-Schaden_xls.xlsx?__blob=publicationFile&v=3;Bundeskriminalamt;2022;;2026-08-26;63525;7e65908a7e98a4a5016c9f2467c847c4b223ba6d38555f024de3ff6639dd72a7;dl-de/by-2-0;xlsx;faelle bund
BU-F-08-T08-Tatzeit_xls.xlsx;data/raw/pks/bund/2022/BU-F-08-T08-Tatzeit_xls.xlsx;https://www.bka.de/SharedDocs/Downloads/DE/Publikationen/PolizeilicheKriminalstatistik/2022/Bund/Faelle/BU-F-08-T08-Tatzeit_xls.xlsx?__blob=publicationFile&v=5;Bundeskriminalamt;2022;;2026-08-26;142742;71259cb6b31f5f3cd9f9a9ab53c57239e5c2c5a2fb4b4d079b35c97608b9e51c;dl-de/by-2-0;xlsx;faelle bund
BU-F-09-T02-Wikri_xls.xlsx;data/raw/pks/bund/2022/BU-F-09-T02-Wikri_xls.xlsx;https://www.bka.de/SharedDocs/Downloads/DE/Publikationen/PolizeilicheKriminalstatistik/2022/Bund/Faelle/BU-F-09-T02-Wikri_xls.xlsx?__blob=publicationFile&v=3;Bundeskriminalamt;2022;;2026-08-26;54581;aa260ae7bcaadb3837ee63f8df9a2acc431be23f4f60fb7f4c6b27f30bb958f3;dl-de/by-2-0;xlsx;faelle bund
BU-F-10-T02-Wikri-Fallentw_xls.xlsx;data/raw/pks/bund/2022/BU-F-10-T02-Wikri-Fallentw_xls.xlsx;https://www.bka.de/SharedDocs/Downloads/DE/Publikationen/PolizeilicheKriminalstatistik/2022/Bund/Faelle/BU-F-10-T02-Wikri-Fallentw_xls.xlsx?__blob=publicationFile&v=6;Bundeskriminalamt;2022;;2026-08-26;55265;24755622627a38e104dce58c44c5473744fb226a40884d7da40c2fc726f0b34f;dl-de/by-2-0;xlsx;faelle bund
BU-F-11-T09-Schaden-Wikri_xls.xlsx;data/raw/pks/bund/2022/BU-F-11-T09-Schaden-Wikri_xls.xlsx;https://www.bka.de/SharedDocs/Downloads/DE/Publikationen/PolizeilicheKriminalstatistik/2022/Bund/Faelle/BU-F-11-T09-Schaden-Wikri_xls.xlsx?__blob=publicationFile&v=3;Bundeskriminalamt;2022;;2026-08-26;23474;d197dd37cc149432a2960dc870db88a1edd451499c8cedbf835c613cb398d807;dl-de/by-2-0;xlsx;faelle bund
BU-F-12-T05-TM-Internet_xls.xlsx;data/raw/pks/bund/2022/BU-F-12-T05-TM-Internet_xls.xlsx;https://www.bka.de/SharedDocs/Downloads/DE/Publikationen/PolizeilicheKriminalstatistik/2022/Bund/Faelle/BU-F-12-T05-TM-Internet_xls.xlsx?__blob=publicationFile&v=3;Bundeskriminalamt;2022;;2026-08-26;142035;6e919be13fc0726439a28b6f1f0664e233e3984d4f1d2a136f7cf4e17bb5efba;dl-de/by-2-0;xlsx;faelle bund
BU-F-13-T05-TM-Internet-Fallentw_xls.xlsx;data/raw/pks/bund/2022/BU-F-13-T05-TM-Internet-Fallentw_xls.xlsx;https://www.bka.de/SharedDocs/Downloads/DE/Publikationen/PolizeilicheKriminalstatistik/2022/Bund/Faelle/BU-F-13-T05-TM-Internet-Fallentw_xls.xlsx?__blob=publicationFile&v=3;Bundeskriminalamt;2022;;2026-08-26;131285;54add1c936b1f1d9f6127e86b62f740e3a736413ee2b477d14fb959d9474f86e;dl-de/by-2-0;xlsx;faelle bund
BU-F-14-T03-Faelle-BP_xls.xlsx;data/raw/pks/bund/2022/BU-F-14-T03-Faelle-BP_xls.xlsx;https://www.bka.de/SharedDocs/Downloads/DE/Publikationen/PolizeilicheKriminalstatistik/2022/Bund/Faelle/BU-F-14-T03-Faelle-BP_xls.xlsx?__blob=publicationFile&v=3;Bundeskriminalamt;2022;;2026-08-26;134544;8f53d1b0e0656d56f27a9e337cca6b2c759c7a2a5f3164ad287489bad0b20e41;dl-de/by-2-0;xlsx;faelle bund
LA-F-01-T01-Laender-Faelle_xls.xlsx;data/raw/pks/laender/2022/LA-F-01-T01-Laender-Faelle_xls.xlsx;https://www.bka.de/SharedDocs/Downloads/DE/Publikationen/PolizeilicheKriminalstatistik/2022/Land/Faelle/LA-F-01-T01-Laender-Faelle_xls.xlsx?__blob=publicationFile&v=5;Bundeskriminalamt;2022;;2026-08-26;2446070;da53e16d2ba93ad47f50374d8c18e442bf3526129776a26e07bebda301c1068a;dl-de/by-2-0;xlsx;faelle laender
LA-F-02-T01-Laender-Faelle-HZ_xls.xlsx;data/raw/pks/laender/2022/LA-F-02-T01-Laender-Faelle-HZ_xls.xlsx;https://www.bka.de/SharedDocs/Downloads/DE/Publikationen/PolizeilicheKriminalstatistik/2022/Land/Faelle/LA-F-02-T01-Laender-Faelle-HZ_xls.xlsx?__blob=publicationFile&v=6;Bundeskriminalamt;2022;;2026-08-26;1671741;6b683f0d568d88c996792d20da1f1f5edbe7774cdecf4f47b31fff48f0b972e4;dl-de/by-2-0;xlsx;faelle laender
LA-F-03-T01-Laender-Fallentw_xls.xlsx;data/raw/pks/laender/2022/LA-F-03-T01-Laender-Fallentw_xls.xlsx;https://www.bka.de/SharedDocs/Downloads/DE/Publikationen/PolizeilicheKriminalstatistik/2022/Land/Faelle/LA-F-03-T01-Laender-Fallentw_xls.xlsx?__blob=publicationFile&v=5;Bundeskriminalamt;2022;;2026-08-26;1965042;0323800309a74de431bb0df67bff46bc5e0f3c15e08d143263f9ad8c5d82ebf4;dl-de/by-2-0;xlsx;faelle laender
LA-F-04-T07-Laender-Schaden_xls.xlsx;data/raw/pks/laender/2022/LA-F-04-T07-Laender-Schaden_xls.xlsx;https://www.bka.de/SharedDocs/Downloads/DE/Publikationen/PolizeilicheKriminalstatistik/2022/Land/Faelle/LA-F-04-T07-Laender-Schaden_xls.xlsx?__blob=publicationFile&v=5;Bundeskriminalamt;2022;;2026-08-26;17685186;9a88991a0ae82b5ded7b955fe644c2e86153089afd1ed5c252e2e6572c98adf1;dl-de/by-2-0;xlsx;faelle laender
LA-F-05-T02-Laender-Faelle-Wikri_xls.xlsx;data/raw/pks/laender/2022/LA-F-05-T02-Laender-Faelle-Wikri_xls.xlsx;https://www.bka.de/SharedDocs/Downloads/DE/Publikationen/PolizeilicheKriminalstatistik/2022/Land/Faelle/LA-F-05-T02-Laender-Faelle-Wikri_xls.xlsx?__blob=publicationFile&v=5;Bundeskriminalamt;2022;;2026-08-26;543954;54e0f188de044d7b30d2c1f7a4e6675d599ff7a9bf02fdfb31eb1376ae08f2a1;dl-de/by-2-0;xlsx;faelle laender
LA-F-06-T02-Laender-Faelle-Wikri-HZ_xls.xlsx;data/raw/pks/laender/2022/LA-F-06-T02-Laender-Faelle-Wikri-HZ_xls.xlsx;https://www.bka.de/SharedDocs/Downloads/DE/Publikationen/PolizeilicheKriminalstatistik/2022/Land/Faelle/LA-F-06-T02-Laender-Faelle-Wikri-HZ_xls.xlsx?__blob=publicationFile&v=5;Bundeskriminalamt;2022;;2026-08-26;191427;3f27cfe17ca27f603cf9e8537f8cb54dcd10517244deaf6c4426bab0a4715bb9;dl-de/by-2-0;xlsx;faelle laender
LA-F-07-T02-Laender-Wikri-Fallentw_xls.xlsx;data/raw/pks/laender/2022/LA-F-07-T02-Laender-Wikri-Fallentw_xls.xlsx;https://www.bka.de/SharedDocs/Downloads/DE/Publikationen/PolizeilicheKriminalstatistik/2022/Land/Faelle/LA-F-07-T02-Laender-Wikri-Fallentw_xls.xlsx?__blob=publicationFile&v=5;Bundeskriminalamt;2022;;2026-08-26;482222;18720819b096c82b376aa692a4d367a1448d93e6dafe49f17076492e1c300946;dl-de/by-2-0;xlsx;faelle laender
LA-F-08-T09-Laender-Schaden-Wikri_xls.xlsx;data/raw/pks/laender/2022/LA-F-08-T09-Laender-Schaden-Wikri_xls.xlsx;https://www.bka.de/SharedDocs/Downloads/DE/Publikationen/PolizeilicheKriminalstatistik/2022/Land/Faelle/LA-F-08-T09-Laender-Schaden-Wikri_xls.xlsx?__blob=publicationFile&v=5;Bundeskriminalamt;2022;;2026-08-26;155836;ba3a397582343fc564fa71f8a610fc1f690916f2c0a5e3785d4ec08f14b66723;dl-de/by-2-0;xlsx;faelle laender
LA-F-09-T05-Laender-Faelle-TM-Internet-HZ_xls.xlsx;data/raw/pks/laender/2022/LA-F-09-T05-Laender-Faelle-TM-Internet-HZ_xls.xlsx;https://www.bka.de/SharedDocs/Downloads/DE/Publikationen/PolizeilicheKriminalstatistik/2022/Land/Faelle/LA-F-09-T05-Laender-Faelle-TM-Internet-HZ_xls.xlsx?__blob=publicationFile&v=5;Bundeskriminalamt;2022;;2026-08-26;475482;dd7985ce273fea477606033d52a824b079fcc7223bf4228a45ffc0ea037bff91;dl-de/by-2-0;xlsx;faelle laender
LA-F-10-T05-Laender-TM-Fallentw_xls.xlsx;data/raw/pks/laender/2022/LA-F-10-T05-Laender-TM-Fallentw_xls.xlsx;https://www.bka.de/SharedDocs/Downloads/DE/Publikationen/PolizeilicheKriminalstatistik/2022/Land/Faelle/LA-F-10-T05-Laender-TM-Fallentw_xls.xlsx?__blob=publicationFile&v=5;Bundeskriminalamt;2022;;2026-08-26;1383267;90a7895449b15653aa8533e72a3d67f8f5edf645f993a773da7fcc59730627f1;dl-de/by-2-0;xlsx;faelle laender
BU-O-01-T91-Opfer_xls.xlsx;data/raw/pks/bund/2022/BU-O-01-T91-Opfer_xls.xlsx;https://www.bka.de/SharedDocs/Downloads/DE/Publikationen/PolizeilicheKriminalstatistik/2022/Bund/Opfer/BU-O-01-T91-Opfer_xls.xlsx?__blob=publicationFile&v=3;Bundeskriminalamt;2022;;2026-08-26;106879;52a208fe4d47b24c742583a9c57eb1e05aa20993fe315391ba1000ca747a102c;dl-de/by-2-0;xlsx;opfer bund
BU-O-02-T91-Alter-erw_xls.xlsx;data/raw/pks/bund/2022/BU-O-02-T91-Alter-erw_xls.xlsx;https://www.bka.de/SharedDocs/Downloads/DE/Publikationen/PolizeilicheKriminalstatistik/2022/Bund/Opfer/BU-O-02-T91-Alter-erw_xls.xlsx?__blob=publicationFile&v=4;Bundeskriminalamt;2022;;2026-08-26;196048;084ccd1ff03e734427765ad646769da3e3ee0fef4d4fb985b9e527f364cc6654;dl-de/by-2-0;xlsx;opfer bund
BU-O-03-T91-Opfer-ab-60J_xls.xlsx;data/raw/pks/bund/2022/BU-O-03-T91-Opfer-ab-60J_xls.xlsx;https://www.bka.de/SharedDocs/Downloads/DE/Publikationen/PolizeilicheKriminalstatistik/2022/Bund/Opfer/BU-O-03-T91-Opfer-ab-60J_xls.xlsx?__blob=publicationFile&v=3;Bundeskriminalamt;2022;;2026-08-26;90998;cc90f514a506e946eed9cee11aef2b581d4270a1b6351c2545b0ac13aa71a9ad;dl-de/by-2-0;xlsx;opfer bund
BU-O-04-T911-O-Staatsangehoerigkeiten_xls.xlsx;data/raw/pks/bund/2022/BU-O-04-T911-O-Staatsangehoerigkeiten_xls.xlsx;https://www.bka.de/SharedDocs/Downloads/DE/Publikationen/PolizeilicheKriminalstatistik/2022/Bund/Opfer/BU-O-04-T911-O-Staatsangehoerigkeiten_xls.xlsx?__blob=publicationFile&v=3;Bundeskriminalamt;2022;;2026-08-26;379625;be9263141967a35167cd4e2ff9c25382056257d7f3ce1de4e3e13fb590b22f97;dl-de/by-2-0;xlsx;opfer bund
BU-O-05-T92-O-TV-Bez_xls.xlsx;data/raw/pks/bund/2022/BU-O-05-T92-O-TV-Bez_xls.xlsx;https://www.bka.de/SharedDocs/Downloads/DE/Publikationen/PolizeilicheKriminalstatistik/2022/Bund/Opfer/BU-O-05-T92-O-TV-Bez_xls.xlsx?__blob=publicationFile&v=3;Bundeskriminalamt;2022;;2026-08-26;83489;76002c8f2f731c9112f4508141d7b700fc7b1d5fb4fae091ac272fd886b0f7cf;dl-de/by-2-0;xlsx;opfer bund
BU-O-06-T921-O-TV-Partner_xls.xlsx;data/raw/pks/bund/2022/BU-O-06-T921-O-TV-Partner_xls.xlsx;https://www.bka.de/SharedDocs/Downloads/DE/Publikationen/PolizeilicheKriminalstatistik/2022/Bund/Opfer/BU-O-06-T921-O-TV-Partner_xls.xlsx?__blob=publicationFile&v=3;Bundeskriminalamt;2022;;2026-08-26;76923;b9a3e2c62598aa075d7c0be7e89b078ccc6993bd68f66c9234320fd8a11c8a06;dl-de/by-2-0;xlsx;opfer bund
BU-O-07-T922-O-TV-Familie_xls.xlsx;data/raw/pks/bund/2022/BU-O-07-T922-O-TV-Familie_xls.xlsx;https://www.bka.de/SharedDocs/Downloads/DE/Publikationen/PolizeilicheKriminalstatistik/2022/Bund/Opfer/BU-O-07-T922-O-TV-Familie_xls.xlsx?__blob=publicationFile&v=3;Bundeskriminalamt;2022;;2026-08-26;98096;799935ca073a60097c100f2e598d977f79fbef48e858ed3b1f0f375e830f25d7;dl-de/by-2-0;xlsx;opfer bund
BU-O-08-T923-O-TV-informell_xls.xlsx;data/raw/pks/bund/2022/BU-O-08-T923-O-TV-informell_xls.xlsx;https://www.bka.de/SharedDocs/Downloads/DE/Publikationen/PolizeilicheKriminalstatistik/2022/Bund/Opfer/BU-O-08-T923-O-TV-informell_xls.xlsx?__blob=publicationFile&v=3;Bundeskriminalamt;2022;;2026-08-26;66428;7476b76a963536c30835759ff6d8571578bc5359a3ef9c54b0caa077c43e270f;dl-de/by-2-0;xlsx;opfer bund
BU-O-09-T93-O-TV-raeumlich-sozial_xls.xlsx;data/raw/pks/bund/2022/BU-O-09-T93-O-TV-raeumlich-sozial_xls.xlsx;https://www.bka.de/SharedDocs/Downloads/DE/Publikationen/PolizeilicheKriminalstatistik/2022/Bund/Opfer/BU-O-09-T93-O-TV-raeumlich-sozial_xls.xlsx?__blob=publicationFile&v=3;Bundeskriminalamt;2022;;2026-08-26;86871;c5cb0385fdd312b2486560172e5ded50aeb819a99b95a5b3297b7c79078de813;dl-de/by-2-0;xlsx;opfer bund
BU-O-10-T931-O-TV-raeumlich-sozial-a_xls.xlsx;data/raw/pks/bund/2022/BU-O-10-T931-O-TV-raeumlich-sozial-a_xls.xlsx;https://www.bka.de/SharedDocs/Downloads/DE/Publikationen/PolizeilicheKriminalstatistik/2022/Bund/Opfer/BU-O-10-T931-O-TV-raeumlich-sozial-a_xls.xlsx?__blob=publicationFile&v=3;Bundeskriminalamt;2022;;2026-08-26;84554;2720b9bb11dad56d22e3ce0202c683f4b5e3ece3d8a93f075d05d520d6805ce9;dl-de/by-2-0;xlsx;opfer bund
BU-O-11-T932-O-TV-raeumlich-sozial-b_xls.xlsx;data/raw/pks/bund/2022/BU-O-11-T932-O-TV-raeumlich-sozial-b_xls.xlsx;https://www.bka.de/SharedDocs/Downloads/DE/Publikationen/PolizeilicheKriminalstatistik/2022/Bund/Opfer/BU-O-11-T932-O-TV-raeumlich-sozial-b_xls.xlsx?__blob=publicationFile&v=3;Bundeskriminalamt;2022;;2026-08-26;66535;2fda077d7b6a10431255ff849523679defc4497d1ac2bb70646ca5e2c52a0584;dl-de/by-2-0;xlsx;opfer bund
BU-O-12-T933-O-TV-raeumlich-sozial-c_xls.xlsx;data/raw/pks/bund/2022/BU-O-12-T933-O-TV-raeumlich-sozial-c_xls.xlsx;https://www.bka.de/SharedDocs/Downloads/DE/Publikationen/PolizeilicheKriminalstatistik/2022/Bund/Opfer/BU-O-12-T933-O-TV-raeumlich-sozial-c_xls.xlsx?__blob=publicationFile&v=3;Bundeskriminalamt;2022;;2026-08-26;79713;276dd72d25f30afb49c5fbe4ce53349d87e04243b616441e02e985db915ce760;dl-de/by-2-0;xlsx;opfer bund
BU-O-13-T94-Opferspezifik_xls.xlsx;data/raw/pks/bund/2022/BU-O-13-T94-Opferspezifik_xls.xlsx;https://www.bka.de/SharedDocs/Downloads/DE/Publikationen/PolizeilicheKriminalstatistik/2022/Bund/Opfer/BU-O-13-T94-Opferspezifik_xls.xlsx?__blob=publicationFile&v=3;Bundeskriminalamt;2022;;2026-08-26;77323;0bcf5e1cebf4e8763fad522f3cb5b85b9620303b1802600e50d4dd23cf8aa959;dl-de/by-2-0;xlsx;opfer bund
BU-O-14-T941-Beeintraechtigung_xls.xlsx;data/raw/pks/bund/2022/BU-O-14-T941-Beeintraechtigung_xls.xlsx;https://www.bka.de/SharedDocs/Downloads/DE/Publikationen/PolizeilicheKriminalstatistik/2022/Bund/Opfer/BU-O-14-T941-Beeintraechtigung_xls.xlsx?__blob=publicationFile&v=3;Bundeskriminalamt;2022;;2026-08-26;94531;9096d5b0adbf33495dae564f5ac73c10a768ace6c387edc9bb3fdb18189a2bc2;dl-de/by-2-0;xlsx;opfer bund
BU-O-15-T942-Beruf-Taetigkeit-1_xls.xlsx;data/raw/pks/bund/2022/BU-O-15-T942-Beruf-Taetigkeit-1_xls.xlsx;https://www.bka.de/SharedDocs/Downloads/DE/Publikationen/PolizeilicheKriminalstatistik/2022/Bund/Opfer/BU-O-15-T942-Beruf-Taetigkeit-1_xls.xlsx?__blob=publicationFile&v=3;Bundeskriminalamt;2022;;2026-08-26;77606;f36d278c4d23da67c0b44836e72977fd9da7764208aed12f62f26e50ca01be03;dl-de/by-2-0;xlsx;opfer bund
BU-O-16-T943-Beruf-Taetigkeit-2_xls.xlsx;data/raw/pks/bund/2022/BU-O-16-T943-Beruf-Taetigkeit-2_xls.xlsx;https://www.bka.de/SharedDocs/Downloads/DE/Publikationen/PolizeilicheKriminalstatistik/2022/Bund/Opfer/BU-O-16-T943-Beruf-Taetigkeit-2_xls.xlsx?__blob=publicationFile&v=3;Bundeskriminalamt;2022;;2026-08-26;100567;5eb55bad5d3c2743d618d73d5454eb95162ab04ff67bfbb14f0b2416faa0b643;dl-de/by-2-0;xlsx;opfer bund
BU-F-01-T01-Faelle_xls.xlsx;data/raw/pks/bund/2023/BU-F-01-T01-Faelle_xls.xlsx;https://www.bka.de/SharedDocs/Downloads/DE/Publikationen/PolizeilicheKriminalstatistik/2023/Bund/Faelle/BU-F-01-T01-Faelle_xls.xlsx?__blob=publicationFile&v=3;Bundeskriminalamt;2023;;2026-08-26;190561;d2438109baed2b6acf0a27d0c5cfcf7093cc355045cb4733665d7882e8ea1c19;dl-de/by-2-0;xlsx;faelle bund
BU-F-02-T01-Fallentw_xls.xlsx;data/raw/pks/bund/2023/BU-F-02-T01-Fallentw_xls.xlsx;https://www.bka.de/SharedDocs/Downloads/DE/Publikationen/PolizeilicheKriminalstatistik/2023/Bund/Faelle/BU-F-02-T01-Fallentw_xls.xlsx?__blob=publicationFile&v=3;Bundeskriminalamt;2023;;2026-08-26;166621;a5f9ba4b346bee32974876ab56a7889b01700dea7e659a66088da7ed5ef9c7bb;dl-de/by-2-0;xlsx;faelle bund
BU-F-03-T01-vollendete-Faelle_xls.xlsx;data/raw/pks/bund/2023/BU-F-03-T01-vollendete-Faelle_xls.xlsx;https://www.bka.de/SharedDocs/Downloads/DE/Publikationen/PolizeilicheKriminalstatistik/2023/Bund/Faelle/BU-F-03-T01-vollendete-Faelle_xls.xlsx?__blob=publicationFile&v=3;Bundeskriminalamt;2023;;2026-08-26;156785;3ef679a84bb10b8264a1b93f11eea87d06dc87b46970241a95b55dab4db707ed;dl-de/by-2-0;xlsx;faelle bund
BU-F-04-T01-Tatortverteilung-Prozent_xls.xlsx;data/raw/pks/bund/2023/BU-F-04-T01-Tatortverteilung-Prozent_xls.xlsx;https://www.bka.de/SharedDocs/Downloads/DE/Publikationen/PolizeilicheKriminalstatistik/2023/Bund/Faelle/BU-F-04-T01-Tatortverteilung-Prozent_xls.xlsx?__blob=publicationFile&v=3;Bundeskriminalamt;2023;;2026-08-26;133292;dc55f31cf8fef592d89081d9788c3034a6dd8898bbcd473ed858a21bc9901d71;dl-de/by-2-0;xlsx;faelle bund
BU-F-05-T01-Tatzeit-vor-Berichtsjahr_xls.xlsx;data/raw/pks/bund/2023/BU-F-05-T01-Tatzeit-vor-Berichtsjahr_xls.xlsx;https://www.bka.de/SharedDocs/Downloads/DE/Publikationen/PolizeilicheKriminalstatistik/2023/Bund/Faelle/BU-F-05-T01-Tatzeit-vor-Berichtsjahr_xls.xlsx?__blob=publicationFile&v=3;Bundeskriminalamt;2023;;2026-08-26;237142;6928d86992c6e35f465654f85c15fc5ce5cae47c08ea778ec9ec4419700f0c0d;dl-de/by-2-0;xlsx;faelle bund
BU-F-06-T12-aufgeklaert_xls.xlsx;data/raw/pks/bund/2023/BU-F-06-T12-aufgeklaert_xls.xlsx;https://www.bka.de/SharedDocs/Downloads/DE/Publikationen/PolizeilicheKriminalstatistik/2023/Bund/Faelle/BU-F-06-T12-aufgeklaert_xls.xlsx?__blob=publicationFile&v=3;Bundeskriminalamt;2023;;2026-08-26;122993;1c07df7dcccb63257e17865323cb7bc758e583ea1e1a889c4be7f730140325e1;dl-de/by-2-0;xlsx;faelle bund
BU-F-07-T07-Schaden_xls.xlsx;data/raw/pks/bund/2023/BU-F-07-T07-Schaden_xls.xlsx;https://www.bka.de/SharedDocs/Downloads/DE/Publikationen/PolizeilicheKriminalstatistik/2023/Bund/Faelle/BU-F-07-T07-Schaden_xls.xlsx?__blob=publicationFile&v=3;Bundeskriminalamt;2023;;2026-08-26;65838;6b517382e57696492dacdb645ab65030af33c48351813a8b6a60d74eacd6811e;dl-de/by-2-0;xlsx;faelle bund
BU-F-08-T08-Tatzeit_xls.xlsx;data/raw/pks/bund/2023/BU-F-08-T08-Tatzeit_xls.xlsx;https://www.bka.de/SharedDocs/Downloads/DE/Publikationen/PolizeilicheKriminalstatistik/2023/Bund/Faelle/BU-F-08-T08-Tatzeit_xls.xlsx?__blob=publicationFile&v=6;Bundeskriminalamt;2023;;2026-08-26;138305;104aa370b4d277c6e792646ae982e637fa8d3af763c5fc1104ba1afe3dbe431d;dl-de/by-2-0;xlsx;faelle bund
BU-F-09-T02-Wikri_xls.xlsx;data/raw/pks/bund/2023/BU-F-09-T02-Wikri_xls.xlsx;https://www.bka.de/SharedDocs/Downloads/DE/Publikationen/PolizeilicheKriminalstatistik/2023/Bund/Faelle/BU-F-09-T02-Wikri_xls.xlsx?__blob=publicationFile&v=3;Bundeskriminalamt;2023;;2026-08-26;60487;f8d620c8a43d99cc38e784ec70f198b752faa5e3350e203ca6d080b02bb2c6f4;dl-de/by-2-0;xlsx;faelle bund
BU-F-10-T02-Wikri-Fallentw_xls.xlsx;data/raw/pks/bund/2023/BU-F-10-T02-Wikri-Fallentw_xls.xlsx;https://www.bka.de/SharedDocs/Downloads/DE/Publikationen/PolizeilicheKriminalstatistik/2023/Bund/Faelle/BU-F-10-T02-Wikri-Fallentw_xls.xlsx?__blob=publicationFile&v=3;Bundeskriminalamt;2023;;2026-08-26;54921;ad2ec54fb5a2ff8d5f1b5dcd0c2353bf8f3a1d36b9f3bccf19d1b7fef6ea94c2;dl-de/by-2-0;xlsx;faelle bund
BU-F-11-T09-Schaden-Wikri_xls.xlsx;data/raw/pks/bund/2023/BU-F-11-T09-Schaden-Wikri_xls.xlsx;https://www.bka.de/SharedDocs/Downloads/DE/Publikationen/PolizeilicheKriminalstatistik/2023/Bund/Faelle/BU-F-11-T09-Schaden-Wikri_xls.xlsx?__blob=publicationFile&v=3;Bundeskriminalamt;2023;;2026-08-26;23423;150658ebd8a2d493079f0d9557a0ac6060856175ec280a1e595c17ac8d627308;dl-de/by-2-0;xlsx;faelle bund
BU-F-12-T05-TM-Internet_xls.xlsx;data/raw/pks/bund/2023/BU-F-12-T05-TM-Internet_xls.xlsx;https://www.bka.de/SharedDocs/Downloads/DE/Publikationen/PolizeilicheKriminalstatistik/2023/Bund/Faelle/BU-F-12-T05-TM-Internet_xls.xlsx?__blob=publicationFile&v=3;Bundeskriminalamt;2023;;2026-08-26;146460;ed37ff705ca823435516f3b5f1baab882468734731e0e09d4c332ab6473fb11b;dl-de/by-2-0;xlsx;faelle bund
BU-F-13-T05-TM-Internet-Fallentw_xls.xlsx;data/raw/pks/bund/2023/BU-F-13-T05-TM-Internet-Fallentw_xls.xlsx;https://www.bka.de/SharedDocs/Downloads/DE/Publikationen/PolizeilicheKriminalstatistik/2023/Bund/Faelle/BU-F-13-T05-TM-Internet-Fallentw_xls.xlsx?__blob=publicationFile&v=3;Bundeskriminalamt;2023;;2026-08-26;131406;2312d2908fb756198f4813b18ac58ed2db3fed8afe372f96c8528283f5e84094;dl-de/by-2-0;xlsx;faelle bund
BU-F-14-T03-Faelle-BP_xls.xlsx;data/raw/pks/bund/2023/BU-F-14-T03-Faelle-BP_xls.xlsx;https://www.bka.de/SharedDocs/Downloads/DE/Publikationen/PolizeilicheKriminalstatistik/2023/Bund/Faelle/BU-F-14-T03-Faelle-BP_xls.xlsx?__blob=publicationFile&v=3;Bundeskriminalamt;2023;;2026-08-26;147522;326bb5a630766d09031cc6cb6b94ed079c475a38a36092367f673b78026f032f;dl-de/by-2-0;xlsx;faelle bund
LA-F-01-T01-Laender-Faelle_xls.xlsx;data/raw/pks/laender/2023/LA-F-01-T01-Laender-Faelle_xls.xlsx;https://www.bka.de/SharedDocs/Downloads/DE/Publikationen/PolizeilicheKriminalstatistik/2023/Land/Faelle/LA-F-01-T01-Laender-Faelle_xls.xlsx?__blob=publicationFile&v=5;Bundeskriminalamt;2023;;2026-08-26;2274796;767348fa2f76ca0b7d2af4c715acd93b4d63aa9c6f1e2f3c7a901f467c23930a;dl-de/by-2-0;xlsx;faelle laender
LA-F-02-T01-Laender-Faelle-HZ_xls.xlsx;data/raw/pks/laender/2023/LA-F-02-T01-Laender-Faelle-HZ_xls.xlsx;https://www.bka.de/SharedDocs/Downloads/DE/Publikationen/PolizeilicheKriminalstatistik/2023/Land/Faelle/LA-F-02-T01-Laender-Faelle-HZ_xls.xlsx?__blob=publicationFile&v=4;Bundeskriminalamt;2023;;2026-08-26;1737639;4d1e315f08a09da07e71a467dfc4e107956a8de086be6c08398eba5750437979;dl-de/by-2-0;xlsx;faelle laender
LA-F-03-T01-Laender-Fallentw_xls.xlsx;data/raw/pks/laender/2023/LA-F-03-T01-Laender-Fallentw_xls.xlsx;https://www.bka.de/SharedDocs/Downloads/DE/Publikationen/PolizeilicheKriminalstatistik/2023/Land/Faelle/LA-F-03-T01-Laender-Fallentw_xls.xlsx?__blob=publicationFile&v=4;Bundeskriminalamt;2023;;2026-08-26;1908916;da82b60ba846287a8350eec89db205b43c5e2ea354f250119b8886541097b533;dl-de/by-2-0;xlsx;faelle laender
LA-F-04-T07-Laender-Schaden_xls.xlsx;data/raw/pks/laender/2023/LA-F-04-T07-Laender-Schaden_xls.xlsx;https://www.bka.de/SharedDocs/Downloads/DE/Publikationen/PolizeilicheKriminalstatistik/2023/Land/Faelle/LA-F-04-T07-Laender-Schaden_xls.xlsx?__blob=publicationFile&v=4;Bundeskriminalamt;2023;;2026-08-26;696974;75033d10c9a243c4ffabbe454922f8d19968a8415ee86093f703d7ec4d303740;dl-de/by-2-0;xlsx;faelle laender
LA-F-05-T02-Laender-Faelle-Wikri_xls.xlsx;data/raw/pks/laender/2023/LA-F-05-T02-Laender-Faelle-Wikri_xls.xlsx;https://www.bka.de/SharedDocs/Downloads/DE/Publikationen/PolizeilicheKriminalstatistik/2023/Land/Faelle/LA-F-05-T02-Laender-Faelle-Wikri_xls.xlsx?__blob=publicationFile&v=4;Bundeskriminalamt;2023;;2026-08-26;598011;241489ca0daa53a5176cea940b88e357b2ddcc6b673eb402c8f5496366bfaee3;dl-de/by-2-0;xlsx;faelle laender
LA-F-06-T02-Laender-Faelle-Wikri-HZ_xls.xlsx;data/raw/pks/laender/2023/LA-F-06-T02-Laender-Faelle-Wikri-HZ_xls.xlsx;https://www.bka.de/SharedDocs/Downloads/DE/Publikationen/PolizeilicheKriminalstatistik/2023/Land/Faelle/LA-F-06-T02-Laender-Faelle-Wikri-HZ_xls.xlsx?__blob=publicationFile&v=4;Bundeskriminalamt;2023;;2026-08-26;380170;7c7bb14e7536cd3bc2fd0d635e20c1ce9dd5a3b4d6db64aa874ac796e6ad003c;dl-de/by-2-0;xlsx;faelle laender
LA-F-07-T02-Laender-Wikri-Fallentw_xls.xlsx;data/raw/pks/laender/2023/LA-F-07-T02-Laender-Wikri-Fallentw_xls.xlsx;https://www.bka.de/SharedDocs/Downloads/DE/Publikationen/PolizeilicheKriminalstatistik/2023/Land/Faelle/LA-F-07-T02-Laender-Wikri-Fallentw_xls.xlsx?__blob=publicationFile&v=4;Bundeskriminalamt;2023;;2026-08-26;445925;75ebcbebc02cb1d8190fcd1fe8adb1c7e77cba58682bf2e40cff2d4a912e7771;dl-de/by-2-0;xlsx;faelle laender
LA-F-08-T09-Laender-Schaden-Wikri_xls.xlsx;data/raw/pks/laender/2023/LA-F-08-T09-Laender-Schaden-Wikri_xls.xlsx;https://www.bka.de/SharedDocs/Downloads/DE/Publikationen/PolizeilicheKriminalstatistik/2023/Land/Faelle/LA-F-08-T09-Laender-Schaden-Wikri_xls.xlsx?__blob=publicationFile&v=5;Bundeskriminalamt;2023;;2026-08-26;157017;95abb03a29972a0a703211182ffcc86c653222af6573ec3efe149d1290279315;dl-de/by-2-0;xlsx;faelle laender
LA-F-09-T05-Laender-Faelle-TM-Internet-HZ_xls.xlsx;data/raw/pks/laender/2023/LA-F-09-T05-Laender-Faelle-TM-Internet-HZ_xls.xlsx;https://www.bka.de/SharedDocs/Downloads/DE/Publikationen/PolizeilicheKriminalstatistik/2023/Land/Faelle/LA-F-09-T05-Laender-Faelle-TM-Internet-HZ_xls.xlsx?__blob=publicationFile&v=4;Bundeskriminalamt;2023;;2026-08-26;1099476;92100ec8efe8138947fec3f64d069740d76b8cc0b8ce957612018d64bf5a4930;dl-de/by-2-0;xlsx;faelle laender
LA-F-10-T05-Laender-TM-Fallentw_xls.xlsx;data/raw/pks/laender/2023/LA-F-10-T05-Laender-TM-Fallentw_xls.xlsx;https://www.bka.de/SharedDocs/Downloads/DE/Publikationen/PolizeilicheKriminalstatistik/2023/Land/Faelle/LA-F-10-T05-Laender-TM-Fallentw_xls.xlsx?__blob=publicationFile&v=4;Bundeskriminalamt;2023;;2026-08-26;1291424;ce9bd982432a8a153b9ad31b0fafe111e5b30d7386c53357aace9c698d8b20f1;dl-de/by-2-0;xlsx;faelle laender
BU-O-01-T91-Opfer_xls.xlsx;data/raw/pks/bund/2023/BU-O-01-T91-Opfer_xls.xlsx;https://www.bka.de/SharedDocs/Downloads/DE/Publikationen/PolizeilicheKriminalstatistik/2023/Bund/Opfer/BU-O-01-T91-Opfer_xls.xlsx?__blob=publicationFile&v=3;Bundeskriminalamt;2023;;2026-08-26;107138;c0b3d4db03554b2d656ab10e10001df951d302a4f3398f4fd54caa34b47055b0;dl-de/by-2-0;xlsx;opfer bund
BU-O-02-T91-Alter-erw_xls.xlsx;data/raw/pks/bund/2023/BU-O-02-T91-Alter-erw_xls.xlsx;https://www.bka.de/SharedDocs/Downloads/DE/Publikationen/PolizeilicheKriminalstatistik/2023/Bund/Opfer/BU-O-02-T91-Alter-erw_xls.xlsx?__blob=publicationFile&v=3;Bundeskriminalamt;2023;;2026-08-26;196113;c0916f92c0ea614521d15c729445c4f4d994b78e6b51337fc27d510dd36591cf;dl-de/by-2-0;xlsx;opfer bund
BU-O-03-T91-Opfer-ab-60J_xls.xlsx;data/raw/pks/bund/2023/BU-O-03-T91-Opfer-ab-60J_xls.xlsx;https://www.bka.de/SharedDocs/Downloads/DE/Publikationen/PolizeilicheKriminalstatistik/2023/Bund/Opfer/BU-O-03-T91-Opfer-ab-60J_xls.xlsx?__blob=publicationFile&v=3;Bundeskriminalamt;2023;;2026-08-26;91135;8d7868611f19f99c1b9c366f807e960beb4e82a254390ed20bbe3dd67296b621;dl-de/by-2-0;xlsx;opfer bund
BU-O-04-T911-O-Staatsangehoerigkeiten_xls.xlsx;data/raw/pks/bund/2023/BU-O-04-T911-O-Staatsangehoerigkeiten_xls.xlsx;https://www.bka.de/SharedDocs/Downloads/DE/Publikationen/PolizeilicheKriminalstatistik/2023/Bund/Opfer/BU-O-04-T911-O-Staatsangehoerigkeiten_xls.xlsx?__blob=publicationFile&v=3;Bundeskriminalamt;2023;;2026-08-26;463750;b6982745fb5b8a6a02f3ab5e3fde756e1d0c121ac330dfb4895e076ae4ffd310;dl-de/by-2-0;xlsx;opfer bund
BU-O-05-T92-O-TV-Bez_xls.xlsx;data/raw/pks/bund/2023/BU-O-05-T92-O-TV-Bez_xls.xlsx;https://www.bka.de/SharedDocs/Downloads/DE/Publikationen/PolizeilicheKriminalstatistik/2023/Bund/Opfer/BU-O-05-T92-O-TV-Bez_xls.xlsx?__blob=publicationFile&v=3;Bundeskriminalamt;2023;;2026-08-26;83718;8fa7d8bf41ddf92eff8e78d3c9ebbad7df68feaab958eb30158b543eb8b0c03e;dl-de/by-2-0;xlsx;opfer bund
BU-O-06-T921-O-TV-Partner_xls.xlsx;data/raw/pks/bund/2023/BU-O-06-T921-O-TV-Partner_xls.xlsx;https://www.bka.de/SharedDocs/Downloads/DE/Publikationen/PolizeilicheKriminalstatistik/2023/Bund/Opfer/BU-O-06-T921-O-TV-Partner_xls.xlsx?__blob=publicationFile&v=3;Bundeskriminalamt;2023;;2026-08-26;76707;281b0392da13e9d1dea136cd0e50b9b82b74c6e5a30edf8173685691373c0e9d;dl-de/by-2-0;xlsx;opfer bund
BU-O-07-T922-O-TV-Familie_xls.xlsx;data/raw/pks/bund/2023/BU-O-07-T922-O-TV-Familie_xls.xlsx;https://www.bka.de/SharedDocs/Downloads/DE/Publikationen/PolizeilicheKriminalstatistik/2023/Bund/Opfer/BU-O-07-T922-O-TV-Familie_xls.xlsx?__blob=publicationFile&v=3;Bundeskriminalamt;2023;;2026-08-26;98254;a4ec84f24289af28ecba6d4f92aa1404e1c17a01b105279c61c4f14bb2fd8b89;dl-de/by-2-0;xlsx;opfer bund
BU-O-08-T923-O-TV-informell_xls.xlsx;data/raw/pks/bund/2023/BU-O-08-T923-O-TV-informell_xls.xlsx;https://www.bka.de/SharedDocs/Downloads/DE/Publikationen/PolizeilicheKriminalstatistik/2023/Bund/Opfer/BU-O-08-T923-O-TV-informell_xls.xlsx?__blob=publicationFile&v=3;Bundeskriminalamt;2023;;2026-08-26;66494;91794aeaadec9a4d08ce3b31519504c3e4cc9f3ec0102b2d8268bbeb4ea7e3fd;dl-de/by-2-0;xlsx;opfer bund
BU-O-09-T93-O-TV-raeumlich-sozial_xls.xlsx;data/raw/pks/bund/2023/BU-O-09-T93-O-TV-raeumlich-sozial_xls.xlsx;https://www.bka.de/SharedDocs/Downloads/DE/Publikationen/PolizeilicheKriminalstatistik/2023/Bund/Opfer/BU-O-09-T93-O-TV-raeumlich-sozial_xls.xlsx?__blob=publicationFile&v=3;Bundeskriminalamt;2023;;2026-08-26;88218;c17c1b38df56948f6495ffcb0dd19194e483f911edc9cfbb1297e5717e7cea84;dl-de/by-2-0;xlsx;opfer bund
BU-O-10-T931-O-TV-raeumlich-sozial-a_xls.xlsx;data/raw/pks/bund/2023/BU-O-10-T931-O-TV-raeumlich-sozial-a_xls.xlsx;https://www.bka.de/SharedDocs/Downloads/DE/Publikationen/PolizeilicheKriminalstatistik/2023/Bund/Opfer/BU-O-10-T931-O-TV-raeumlich-sozial-a_xls.xlsx?__blob=publicationFile&v=3;Bundeskriminalamt;2023;;2026-08-26;86278;fdfe9129f29e58bf007d6a9b75f18dcd0d1e86775eb71bc70d8d9543ac129658;dl-de/by-2-0;xlsx;opfer bund
BU-O-11-T932-O-TV-raeumlich-sozial-b_xls.xlsx;data/raw/pks/bund/2023/BU-O-11-T932-O-TV-raeumlich-sozial-b_xls.xlsx;https://www.bka.de/SharedDocs/Downloads/DE/Publikationen/PolizeilicheKriminalstatistik/2023/Bund/Opfer/BU-O-11-T932-O-TV-raeumlich-sozial-b_xls.xlsx?__blob=publicationFile&v=3;Bundeskriminalamt;2023;;2026-08-26;68092;047587c3842cb41b0697d4c6f894de907f80aed37d958738795f06c068000986;dl-de/by-2-0;xlsx;opfer bund
BU-O-12-T933-O-TV-raeumlich-sozial-c_xls.xlsx;data/raw/pks/bund/2023/BU-O-12-T933-O-TV-raeumlich-sozial-c_xls.xlsx;https://www.bka.de/SharedDocs/Downloads/DE/Publikationen/PolizeilicheKriminalstatistik/2023/Bund/Opfer/BU-O-12-T933-O-TV-raeumlich-sozial-c_xls.xlsx?__blob=publicationFile&v=3;Bundeskriminalamt;2023;;2026-08-26;79093;84ad0d6dc1dfae5cdd36b1bdf2ecdc126d171cad163c787a96fadff1fef276a7;dl-de/by-2-0;xlsx;opfer bund
BU-O-13-T94-Opferspezifik_xls.xlsx;data/raw/pks/bund/2023/BU-O-13-T94-Opferspezifik_xls.xlsx;https://www.bka.de/SharedDocs/Downloads/DE/Publikationen/PolizeilicheKriminalstatistik/2023/Bund/Opfer/BU-O-13-T94-Opferspezifik_xls.xlsx?__blob=publicationFile&v=3;Bundeskriminalamt;2023;;2026-08-26;77509;9bccbb1d1006aec688094e8860c1fd60f9c538f1cf32646579e099bd17ef620f;dl-de/by-2-0;xlsx;opfer bund
BU-O-14-T941-Beeintraechtigung_xls.xlsx;data/raw/pks/bund/2023/BU-O-14-T941-Beeintraechtigung_xls.xlsx;https://www.bka.de/SharedDocs/Downloads/DE/Publikationen/PolizeilicheKriminalstatistik/2023/Bund/Opfer/BU-O-14-T941-Beeintraechtigung_xls.xlsx?__blob=publicationFile&v=3;Bundeskriminalamt;2023;;2026-08-26;93301;4501dfadc0d3ff609a4712c715838005c081ac5c4ec69b42ebf6465621bd2fe8;dl-de/by-2-0;xlsx;opfer bund
BU-O-15-T942-Beruf-Taetigkeit-1_xls.xlsx;data/raw/pks/bund/2023/BU-O-15-T942-Beruf-Taetigkeit-1_xls.xlsx;https://www.bka.de/SharedDocs/Downloads/DE/Publikationen/PolizeilicheKriminalstatistik/2023/Bund/Opfer/BU-O-15-T942-Beruf-Taetigkeit-1_xls.xlsx?__blob=publicationFile&v=3;Bundeskriminalamt;2023;;2026-08-26;77815;62e7bf634e26d1eb55955aaad9ad584ef2a83c81cd2d307d85afb344753526a1;dl-de/by-2-0;xlsx;opfer bund
BU-O-16-T943-Beruf-Taetigkeit-2_xls.xlsx;data/raw/pks/bund/2023/BU-O-16-T943-Beruf-Taetigkeit-2_xls.xlsx;https://www.bka.de/SharedDocs/Downloads/DE/Publikationen/PolizeilicheKriminalstatistik/2023/Bund/Opfer/BU-O-16-T943-Beruf-Taetigkeit-2_xls.xlsx?__blob=publicationFile&v=3;Bundeskriminalamt;2023;;2026-08-26;100270;61561db3adb9dabce7d4e9d5adaab878fd82f25a9bc6a64deda99a3970e84d32;dl-de/by-2-0;xlsx;opfer bund
BU-F-01-T01-Faelle_xls.xlsx;data/raw/pks/bund/2024/BU-F-01-T01-Faelle_xls.xlsx;https://www.bka.de/SharedDocs/Downloads/DE/Publikationen/PolizeilicheKriminalstatistik/2024/Bund/Faelle/BU-F-01-T01-Faelle_xls.xlsx?__blob=publicationFile&v=3;Bundeskriminalamt;2024;;2026-08-26;168389;8af1ad89df843eb15143d69b16806a32424f5dba1a3364a840071dd4f74759b7;dl-de/by-2-0;xlsx;faelle bund
BU-F-02-T01-Fallentw_xls.xlsx;data/raw/pks/bund/2024/BU-F-02-T01-Fallentw_xls.xlsx;https://www.bka.de/SharedDocs/Downloads/DE/Publikationen/PolizeilicheKriminalstatistik/2024/Bund/Faelle/BU-F-02-T01-Fallentw_xls.xlsx?__blob=publicationFile&v=3;Bundeskriminalamt;2024;;2026-08-26;178512;78837a378600b441dd8ed48e03bdad0199f11f139a2673b5fd831baff49c3fc2;dl-de/by-2-0;xlsx;faelle bund
BU-F-03-T01-vollendete-Faelle_xls.xlsx;data/raw/pks/bund/2024/BU-F-03-T01-vollendete-Faelle_xls.xlsx;https://www.bka.de/SharedDocs/Downloads/DE/Publikationen/PolizeilicheKriminalstatistik/2024/Bund/Faelle/BU-F-03-T01-vollendete-Faelle_xls.xlsx?__blob=publicationFile&v=2;Bundeskriminalamt;2024;;2026-08-26;157892;9addbcdb191dd9f361335586550e9722822579cccac6d3e4c8afbf11d94ffcbc;dl-de/by-2-0;xlsx;faelle bund
BU-F-04-T01-Tatortverteilung-Prozent_xls.xlsx;data/raw/pks/bund/2024/BU-F-04-T01-Tatortverteilung-Prozent_xls.xlsx;https://www.bka.de/SharedDocs/Downloads/DE/Publikationen/PolizeilicheKriminalstatistik/2024/Bund/Faelle/BU-F-04-T01-Tatortverteilung-Prozent_xls.xlsx?__blob=publicationFile&v=2;Bundeskriminalamt;2024;;2026-08-26;133564;69c2a7581099a2f993319a476ad6225b2c562d09ba0b829f49a9f3c923ded78d;dl-de/by-2-0;xlsx;faelle bund
BU-F-05-T01-Tatzeit-vor-Berichtsjahr_xls.xlsx;data/raw/pks/bund/2024/BU-F-05-T01-Tatzeit-vor-Berichtsjahr_xls.xlsx;https://www.bka.de/SharedDocs/Downloads/DE/Publikationen/PolizeilicheKriminalstatistik/2024/Bund/Faelle/BU-F-05-T01-Tatzeit-vor-Berichtsjahr_xls.xlsx?__blob=publicationFile&v=4;Bundeskriminalamt;2024;;2026-08-26;214986;a0d38def80e652868241d593033f0ca495e950ed323b7890925810543f38dead;dl-de/by-2-0;xlsx;faelle bund
BU-F-06-T12-aufgeklaert_xls.xlsx;data/raw/pks/bund/2024/BU-F-06-T12-aufgeklaert_xls.xlsx;https://www.bka.de/SharedDocs/Downloads/DE/Publikationen/PolizeilicheKriminalstatistik/2024/Bund/Faelle/BU-F-06-T12-aufgeklaert_xls.xlsx?__blob=publicationFile&v=2;Bundeskriminalamt;2024;;2026-08-26;162117;29f25b7359cfaab3b8a9431cf15878574737d719780135e10b8e5b043d9b02e4;dl-de/by-2-0;xlsx;faelle bund
BU-F-07-T07-Schaden_xls.xlsx;data/raw/pks/bund/2024/BU-F-07-T07-Schaden_xls.xlsx;https://www.bka.de/SharedDocs/Downloads/DE/Publikationen/PolizeilicheKriminalstatistik/2024/Bund/Faelle/BU-F-07-T07-Schaden_xls.xlsx?__blob=publicationFile&v=2;Bundeskriminalamt;2024;;2026-08-26;62723;8ae283cd1aa713ced418ca29dd4e2301e60c4bd587e421d3c6716adbb09abcc6;dl-de/by-2-0;xlsx;faelle bund
BU-F-09-T02-Wikri_xls.xlsx;data/raw/pks/bund/2024/BU-F-09-T02-Wikri_xls.xlsx;https://www.bka.de/SharedDocs/Downloads/DE/Publikationen/PolizeilicheKriminalstatistik/2024/Bund/Faelle/BU-F-09-T02-Wikri_xls.xlsx?__blob=publicationFile&v=2;Bundeskriminalamt;2024;;2026-08-26;54941;2e02ac7f86c9a2d3b0236e487b15c20cf7a1f292b4cb1159d0bd8e23883d2da4;dl-de/by-2-0;xlsx;faelle bund
BU-F-10-T02-Wikri-Fallentw_xls.xlsx;data/raw/pks/bund/2024/BU-F-10-T02-Wikri-Fallentw_xls.xlsx;https://www.bka.de/SharedDocs/Downloads/DE/Publikationen/PolizeilicheKriminalstatistik/2024/Bund/Faelle/BU-F-10-T02-Wikri-Fallentw_xls.xlsx?__blob=publicationFile&v=2;Bundeskriminalamt;2024;;2026-08-26;56011;f46b4dc7a6ad169d7191edbae718586b5ebd4f0e8c9f9bce14d032b51eb0d63e;dl-de/by-2-0;xlsx;faelle bund
BU-F-11-T09-Schaden-Wikri_xls.xlsx;data/raw/pks/bund/2024/BU-F-11-T09-Schaden-Wikri_xls.xlsx;https://www.bka.de/SharedDocs/Downloads/DE/Publikationen/PolizeilicheKriminalstatistik/2024/Bund/Faelle/BU-F-11-T09-Schaden-Wikri_xls.xlsx?__blob=publicationFile&v=2;Bundeskriminalamt;2024;;2026-08-26;22939;377a17202c955b30682a42c7cb98c0d72183f92d84b5a9af382979b4850b5620;dl-de/by-2-0;xlsx;faelle bund
BU-F-12-T05-TM-Internet_xls.xlsx;data/raw/pks/bund/2024/BU-F-12-T05-TM-Internet_xls.xlsx;https://www.bka.de/SharedDocs/Downloads/DE/Publikationen/PolizeilicheKriminalstatistik/2024/Bund/Faelle/BU-F-12-T05-TM-Internet_xls.xlsx?__blob=publicationFile&v=2;Bundeskriminalamt;2024;;2026-08-26;146921;7706d5d77ecb032ca373206c30e79e9e9f0e9518de8dea5824f7a958197594a8;dl-de/by-2-0;xlsx;faelle bund
BU-F-13-T05-TM-Internet-Fallentw_xls.xlsx;data/raw/pks/bund/2024/BU-F-13-T05-TM-Internet-Fallentw_xls.xlsx;https://www.bka.de/SharedDocs/Downloads/DE/Publikationen/PolizeilicheKriminalstatistik/2024/Bund/Faelle/BU-F-13-T05-TM-Internet-Fallentw_xls.xlsx?__blob=publicationFile&v=2;Bundeskriminalamt;2024;;2026-08-26;137065;b9fe65c4ee14195a84bf29b21b8933b20c3d814243da802651a5652bee757e85;dl-de/by-2-0;xlsx;faelle bund
BU-F-14-T03-Faelle-BP_xls.xlsx;data/raw/pks/bund/2024/BU-F-14-T03-Faelle-BP_xls.xlsx;https://www.bka.de/SharedDocs/Downloads/DE/Publikationen/PolizeilicheKriminalstatistik/2024/Bund/Faelle/BU-F-14-T03-Faelle-BP_xls.xlsx?__blob=publicationFile&v=2;Bundeskriminalamt;2024;;2026-08-26;139522;0e0c84304ff581160aa0c3c578214f07ede5190acab3eb47c9d7269723631629;dl-de/by-2-0;xlsx;faelle bund
LA-F-01-T01-Laender-Faelle_xls.xlsx;data/raw/pks/laender/2024/LA-F-01-T01-Laender-Faelle_xls.xlsx;https://www.bka.de/SharedDocs/Downloads/DE/Publikationen/PolizeilicheKriminalstatistik/2024/Land/Faelle/LA-F-01-T01-Laender-Faelle_xls.xlsx?__blob=publicationFile&v=5;Bundeskriminalamt;2024;;2026-08-26;2513455;dfde8e5874d11c6ab60c715a82516d1fb6b486122737c8d93f9f5b020ed96acc;dl-de/by-2-0;xlsx;faelle laender
LA-F-02-T01-Laender-Faelle-HZ_xls.xlsx;data/raw/pks/laender/2024/LA-F-02-T01-Laender-Faelle-HZ_xls.xlsx;https://www.bka.de/SharedDocs/Downloads/DE/Publikationen/PolizeilicheKriminalstatistik/2024/Land/Faelle/LA-F-02-T01-Laender-Faelle-HZ_xls.xlsx?__blob=publicationFile&v=6;Bundeskriminalamt;2024;;2026-08-26;1860130;fc17a6fbf2658700e8535e1a0b83c85bc79b16c34b004c98c8e7f70816ff163c;dl-de/by-2-0;xlsx;faelle laender
LA-F-03-T01-Laender-Fallentw_xls.xlsx;data/raw/pks/laender/2024/LA-F-03-T01-Laender-Fallentw_xls.xlsx;https://www.bka.de/SharedDocs/Downloads/DE/Publikationen/PolizeilicheKriminalstatistik/2024/Land/Faelle/LA-F-03-T01-Laender-Fallentw_xls.xlsx?__blob=publicationFile&v=7;Bundeskriminalamt;2024;;2026-08-26;1885717;bce99a8b9333ece77d71c6c3c49cc734278817f5500ce954bfe4ed03c107cf0d;dl-de/by-2-0;xlsx;faelle laender
LA-F-04-T07-Laender-Schaden_xls.xlsx;data/raw/pks/laender/2024/LA-F-04-T07-Laender-Schaden_xls.xlsx;https://www.bka.de/SharedDocs/Downloads/DE/Publikationen/PolizeilicheKriminalstatistik/2024/Land/Faelle/LA-F-04-T07-Laender-Schaden_xls.xlsx?__blob=publicationFile&v=5;Bundeskriminalamt;2024;;2026-08-26;17746636;d4bd703377a3e48d084e5bc8091258f99c5c09e88bb189eee52dbe5ccaf48764;dl-de/by-2-0;xlsx;faelle laender
LA-F-05-T02-Laender-Faelle-Wikri_xls.xlsx;data/raw/pks/laender/2024/LA-F-05-T02-Laender-Faelle-Wikri_xls.xlsx;https://www.bka.de/SharedDocs/Downloads/DE/Publikationen/PolizeilicheKriminalstatistik/2024/Land/Faelle/LA-F-05-T02-Laender-Faelle-Wikri_xls.xlsx?__blob=publicationFile&v=5;Bundeskriminalamt;2024;;2026-08-26;614325;93d86ba3e50c9e79cd454318d14151014beb4d2930875bf67c148b8e9dbc3c60;dl-de/by-2-0;xlsx;faelle laender
LA-F-06-T02-Laender-Faelle-Wikri-HZ_xls.xlsx;data/raw/pks/laender/2024/LA-F-06-T02-Laender-Faelle-Wikri-HZ_xls.xlsx;https://www.bka.de/SharedDocs/Downloads/DE/Publikationen/PolizeilicheKriminalstatistik/2024/Land/Faelle/LA-F-06-T02-Laender-Faelle-Wikri-HZ_xls.xlsx?__blob=publicationFile&v=4;Bundeskriminalamt;2024;;2026-08-26;369159;5a34a41e9f964bf6c3ab58352f324f63b3212d197c844eaabcc63d469f78b62e;dl-de/by-2-0;xlsx;faelle laender
LA-F-08-T09-Laender-Schaden-Wikri_xls.xlsx;data/raw/pks/laender/2024/LA-F-08-T09-Laender-Schaden-Wikri_xls.xlsx;https://www.bka.de/SharedDocs/Downloads/DE/Publikationen/PolizeilicheKriminalstatistik/2024/Land/Faelle/LA-F-08-T09-Laender-Schaden-Wikri_xls.xlsx?__blob=publicationFile&v=4;Bundeskriminalamt;2024;;2026-08-26;162703;1ff1caacd2fcb174f5d5fd990f15e9a2028a0f16950a593d5768c6717f0b97b9;dl-de/by-2-0;xlsx;faelle laender
LA-F-09-T05-Laender-Faelle-TM-Internet-HZ_xls.xlsx;data/raw/pks/laender/2024/LA-F-09-T05-Laender-Faelle-TM-Internet-HZ_xls.xlsx;https://www.bka.de/SharedDocs/Downloads/DE/Publikationen/PolizeilicheKriminalstatistik/2024/Land/Faelle/LA-F-09-T05-Laender-Faelle-TM-Internet-HZ_xls.xlsx?__blob=publicationFile&v=4;Bundeskriminalamt;2024;;2026-08-26;1502010;11e52891ee3bdfe941cd2d067095ffb21689f100c965ac4b4b9997aaca3fb344;dl-de/by-2-0;xlsx;faelle laender
LA-F-10-T05-Laender-TM-Fallentw_xls.xlsx;data/raw/pks/laender/2024/LA-F-10-T05-Laender-TM-Fallentw_xls.xlsx;https://www.bka.de/SharedDocs/Downloads/DE/Publikationen/PolizeilicheKriminalstatistik/2024/Land/Faelle/LA-F-10-T05-Laender-TM-Fallentw_xls.xlsx?__blob=publicationFile&v=4;Bundeskriminalamt;2024;;2026-08-26;1375094;60a55defdb3e55d945c12909e1d623860c5c56b23b5db273a69b9cd2c005a86e;dl-de/by-2-0;xlsx;faelle laender
BU-O-01-T91-Opfer_xls.xlsx;data/raw/pks/bund/2024/BU-O-01-T91-Opfer_xls.xlsx;https://www.bka.de/SharedDocs/Downloads/DE/Publikationen/PolizeilicheKriminalstatistik/2024/Bund/Opfer/BU-O-01-T91-Opfer_xls.xlsx?__blob=publicationFile&v=2;Bundeskriminalamt;2024;;2026-08-26;108965;d0486a5af0639e2ba338948a21e7c1029c09743c2dac0af777cd8002c1acdea3;dl-de/by-2-0;xlsx;opfer bund
BU-O-02-T91-Alter-erw_xls.xlsx;data/raw/pks/bund/2024/BU-O-02-T91-Alter-erw_xls.xlsx;https://www.bka.de/SharedDocs/Downloads/DE/Publikationen/PolizeilicheKriminalstatistik/2024/Bund/Opfer/BU-O-02-T91-Alter-erw_xls.xlsx?__blob=publicationFile&v=3;Bundeskriminalamt;2024;;2026-08-26;200083;fc7cecb6f0a60d50264e4ae7689fe3c35527825a18e1806f1bf72e482d671644;dl-de/by-2-0;xlsx;opfer bund
BU-O-03-T91-Opfer-ab-60J_xls.xlsx;data/raw/pks/bund/2024/BU-O-03-T91-Opfer-ab-60J_xls.xlsx;https://www.bka.de/SharedDocs/Downloads/DE/Publikationen/PolizeilicheKriminalstatistik/2024/Bund/Opfer/BU-O-03-T91-Opfer-ab-60J_xls.xlsx?__blob=publicationFile&v=2;Bundeskriminalamt;2024;;2026-08-26;93378;7cbb18e3a885da107dfce7e59420f13c6ed2e234224ff203049856c915473c00;dl-de/by-2-0;xlsx;opfer bund
BU-O-04-T911-O-Staatsangehoerigkeiten_xls.xlsx;data/raw/pks/bund/2024/BU-O-04-T911-O-Staatsangehoerigkeiten_xls.xlsx;https://www.bka.de/SharedDocs/Downloads/DE/Publikationen/PolizeilicheKriminalstatistik/2024/Bund/Opfer/BU-O-04-T911-O-Staatsangehoerigkeiten_xls.xlsx?__blob=publicationFile&v=3;Bundeskriminalamt;2024;;2026-08-26;473083;19317cbcf8ecb9d4ef6f1e11522d091fc47edcd9056bf9b75e7e3af94ca656a0;dl-de/by-2-0;xlsx;opfer bund
BU-O-05-T92-O-TV-Bez_xls.xlsx;data/raw/pks/bund/2024/BU-O-05-T92-O-TV-Bez_xls.xlsx;https://www.bka.de/SharedDocs/Downloads/DE/Publikationen/PolizeilicheKriminalstatistik/2024/Bund/Opfer/BU-O-05-T92-O-TV-Bez_xls.xlsx?__blob=publicationFile&v=2;Bundeskriminalamt;2024;;2026-08-26;86444;86e777a69555e3a66d7229593871709eb957864fc318abf23ff05fa6d97b2e94;dl-de/by-2-0;xlsx;opfer bund
BU-O-06-T921-O-TV-Partner_xls.xlsx;data/raw/pks/bund/2024/BU-O-06-T921-O-TV-Partner_xls.xlsx;https://www.bka.de/SharedDocs/Downloads/DE/Publikationen/PolizeilicheKriminalstatistik/2024/Bund/Opfer/BU-O-06-T921-O-TV-Partner_xls.xlsx?__blob=publicationFile&v=2;Bundeskriminalamt;2024;;2026-08-26;80599;361ac1253b8c89b44208a84e6ab4fe9668bb15606812b8a2966941b2815d3378;dl-de/by-2-0;xlsx;opfer bund
BU-O-07-T922-O-TV-Familie_xls.xlsx;data/raw/pks/bund/2024/BU-O-07-T922-O-TV-Familie_xls.xlsx;https://www.bka.de/SharedDocs/Downloads/DE/Publikationen/PolizeilicheKriminalstatistik/2024/Bund/Opfer/BU-O-07-T922-O-TV-Familie_xls.xlsx?__blob=publicationFile&v=2;Bundeskriminalamt;2024;;2026-08-26;101343;7ba93b4eb20006304b1f41a3f945c610dbcf392c33b49f9041ac702f821d4976;dl-de/by-2-0;xlsx;opfer bund
BU-O-08-T923-O-TV-informell_xls.xlsx;data/raw/pks/bund/2024/BU-O-08-T923-O-TV-informell_xls.xlsx;https://www.bka.de/SharedDocs/Downloads/DE/Publikationen/PolizeilicheKriminalstatistik/2024/Bund/Opfer/BU-O-08-T923-O-TV-informell_xls.xlsx?__blob=publicationFile&v=2;Bundeskriminalamt;2024;;2026-08-26;68861;1dc64a9a9ca3545d47800b99c4a2a364389fb13501c029ef8bd42e5cf26fc9ae;dl-de/by-2-0;xlsx;opfer bund
BU-O-09-T93-O-TV-raeumlich-sozial_xls.xlsx;data/raw/pks/bund/2024/BU-O-09-T93-O-TV-raeumlich-sozial_xls.xlsx;https://www.bka.de/SharedDocs/Downloads/DE/Publikationen/PolizeilicheKriminalstatistik/2024/Bund/Opfer/BU-O-09-T93-O-TV-raeumlich-sozial_xls.xlsx?__blob=publicationFile&v=2;Bundeskriminalamt;2024;;2026-08-26;89858;a366d5485d2645e0d7c346d729d11f486fe2615fea47906ad29bb228aec614d9;dl-de/by-2-0;xlsx;opfer bund
BU-O-10-T931-O-TV-raeumlich-sozial-a_xls.xlsx;data/raw/pks/bund/2024/BU-O-10-T931-O-TV-raeumlich-sozial-a_xls.xlsx;https://www.bka.de/SharedDocs/Downloads/DE/Publikationen/PolizeilicheKriminalstatistik/2024/Bund/Opfer/BU-O-10-T931-O-TV-raeumlich-sozial-a_xls.xlsx?__blob=publicationFile&v=3;Bundeskriminalamt;2024;;2026-08-26;89550;ae77192043ce047ed91ef3e46e85c1344a705772c589fb6ce1875e41d2b55a35;dl-de/by-2-0;xlsx;opfer bund
BU-O-11-T932-O-TV-raeumlich-sozial-b_xls.xlsx;data/raw/pks/bund/2024/BU-O-11-T932-O-TV-raeumlich-sozial-b_xls.xlsx;https://www.bka.de/SharedDocs/Downloads/DE/Publikationen/PolizeilicheKriminalstatistik/2024/Bund/Opfer/BU-O-11-T932-O-TV-raeumlich-sozial-b_xls.xlsx?__blob=publicationFile&v=2;Bundeskriminalamt;2024;;2026-08-26;69511;d9cf167b15d7bddc69c87d316c27a3e12d7cca027587003029e81d2b1d97a676;dl-de/by-2-0;xlsx;opfer bund
BU-O-12-T933-O-TV-raeumlich-sozial-c_xls.xlsx;data/raw/pks/bund/2024/BU-O-12-T933-O-TV-raeumlich-sozial-c_xls.xlsx;https://www.bka.de/SharedDocs/Downloads/DE/Publikationen/PolizeilicheKriminalstatistik/2024/Bund/Opfer/BU-O-12-T933-O-TV-raeumlich-sozial-c_xls.xlsx?__blob=publicationFile&v=2;Bundeskriminalamt;2024;;2026-08-26;87841;b2805b471295093bbbc1b8bc85394eafcb007755f85bd92b3c065095fff20bc9;dl-de/by-2-0;xlsx;opfer bund
BU-O-13-T94-Opferspezifik_xls.xlsx;data/raw/pks/bund/2024/BU-O-13-T94-Opferspezifik_xls.xlsx;https://www.bka.de/SharedDocs/Downloads/DE/Publikationen/PolizeilicheKriminalstatistik/2024/Bund/Opfer/BU-O-13-T94-Opferspezifik_xls.xlsx?__blob=publicationFile&v=2;Bundeskriminalamt;2024;;2026-08-26;79166;04bd04a9cc58739a1ac808c8b2d26c9ea69787df96df689e922db51d6135536a;dl-de/by-2-0;xlsx;opfer bund
BU-O-14-T941-Beeintraechtigung_xls.xlsx;data/raw/pks/bund/2024/BU-O-14-T941-Beeintraechtigung_xls.xlsx;https://www.bka.de/SharedDocs/Downloads/DE/Publikationen/PolizeilicheKriminalstatistik/2024/Bund/Opfer/BU-O-14-T941-Beeintraechtigung_xls.xlsx?__blob=publicationFile&v=2;Bundeskriminalamt;2024;;2026-08-26;93987;057474a833fbaf53f05828ab28ae2e2c70a8fcdb62836f20a779c1f47b5ca853;dl-de/by-2-0;xlsx;opfer bund
BU-O-15-T942-Beruf-Taetigkeit-1_xls.xlsx;data/raw/pks/bund/2024/BU-O-15-T942-Beruf-Taetigkeit-1_xls.xlsx;https://www.bka.de/SharedDocs/Downloads/DE/Publikationen/PolizeilicheKriminalstatistik/2024/Bund/Opfer/BU-O-15-T942-Beruf-Taetigkeit-1_xls.xlsx?__blob=publicationFile&v=3;Bundeskriminalamt;2024;;2026-08-26;79375;41d59a587467c5e11d80d02c467d552471d108ce683ec481708e54da1386ee98;dl-de/by-2-0;xlsx;opfer bund
BU-O-16-T943-Beruf-Taetigkeit-2_xls.xlsx;data/raw/pks/bund/2024/BU-O-16-T943-Beruf-Taetigkeit-2_xls.xlsx;https://www.bka.de/SharedDocs/Downloads/DE/Publikationen/PolizeilicheKriminalstatistik/2024/Bund/Opfer/BU-O-16-T943-Beruf-Taetigkeit-2_xls.xlsx?__blob=publicationFile&v=2;Bundeskriminalamt;2024;;2026-08-26;102309;d6026d080890afa8451253feb069c67b319c9fa849795796574a5a30c8976ab8;dl-de/by-2-0;xlsx;opfer bund
Ergebnisbericht.pdf;data/raw/skid/Ergebnisbericht.pdf;https://www.bka.de/DE/UnsereAufgaben/Forschung/ForschungsprojekteUndErgebnisse/Dunkelfeldforschung/SKiD/Ergebnisse/Ergebnisbericht.pdf?__blob=publicationFile&v=5;Bundeskriminalamt;2024;;2026-08-26;4967880;e1e43db4433c4f984098d29204ceef845cf83c42f039f58548a7f835d00b2b9a;dl-de/by-2-0;pdf;SKiD 2024 Ergebnisbericht
Factsheet_Polizei.pdf;data/raw/skid/Factsheet_Polizei.pdf;https://www.bka.de/DE/UnsereAufgaben/Forschung/ForschungsprojekteUndErgebnisse/Dunkelfeldforschung/SKiD/Ergebnisse/Factsheet_Polizei.pdf?__blob=publicationFile&v=2;Bundeskriminalamt;2024;;2026-08-26;248343;bda0502fec0a5d194329f05670810f5b1c7091c4a0bbc58c3c1570054e79f291;dl-de/by-2-0;pdf;SKiD 2024 Factsheet Polizei (Kernergebnisse)
SKiD2020_Ergebnisse_V1.4.pdf;data/raw/skid/SKiD2020_Ergebnisse_V1.4.pdf;https://www.bka.de/SharedDocs/Downloads/DE/Publikationen/Publikationsreihen/Forschungsergebnisse/SKiD2020_Ergebnisse_V1.4.pdf?__blob=publicationFile&v=24;Bundeskriminalamt;2020;;2026-08-26;10083478;a79c7b370d7e5c7111105db0f825473be364cc7042e179ac6240cdc3b99484c6;dl-de/by-2-0;pdf;SKiD 2020 Ergebnisbericht (bundesweite Kernbefunde)
2014DeutscherViktimisierungssurvey2012.pdf;data/raw/dvs/2014DeutscherViktimisierungssurvey2012.pdf;https://www.bka.de/SharedDocs/Downloads/DE/Publikationen/Publikationsreihen/Forschungsergebnisse/2014DeutscherViktimisierungssurvey2012.pdf?__blob=publicationFile&v=4;Bundeskriminalamt;2012;;2026-08-26;6540484;3b5600a8bc432010dfa66f1329167a9b297ac0e98a715e1f8173893eb6963f17;dl-de/by-2-0;pdf;DVS 2012 Ergebnisbericht
2013MethodenberichtZumDeutschenViktimisierungssurvey2012.pdf;data/raw/dvs/2013MethodenberichtZumDeutschenViktimisierungssurvey2012.pdf;https://www.bka.de/SharedDocs/Downloads/DE/Publikationen/Publikationsreihen/Forschungsergebnisse/2013MethodenberichtZumDeutschenViktimisierungssurvey2012.pdf?__blob=publicationFile&v=5;Bundeskriminalamt;2012;;2026-08-26;989892;9a22b54d5366519ee3be8ea69aa205e6d8a5c67b52fed1c92905a87d847e5bd5;dl-de/by-2-0;pdf;DVS 2012 Methodenbericht
2018ersteErgebnisseDVS2017.pdf;data/raw/dvs/2018ersteErgebnisseDVS2017.pdf;https://www.bka.de/SharedDocs/Downloads/DE/Publikationen/Publikationsreihen/Forschungsergebnisse/2018ersteErgebnisseDVS2017.pdf?__blob=publicationFile&v=14;Bundeskriminalamt;2017;;2026-08-26;3005268;6ccf4e02f2afccad9dda06a74e10204df9e594e8e9c2a60c7f2a8a6c6df4f073;dl-de/by-2-0;pdf;DVS 2017 Erste Ergebnisse
2019ersteErgebnisseDVS2017EN.pdf;data/raw/dvs/2019ersteErgebnisseDVS2017EN.pdf;https://www.bka.de/SharedDocs/Downloads/DE/Publikationen/Publikationsreihen/Forschungsergebnisse/2019ersteErgebnisseDVS2017EN.pdf?__blob=publicationFile&v=4;Bundeskriminalamt;2017;;2026-08-26;2146526;427b023ad5263ea51f728db9286c79e56b54eaedb74fbd8cc190a937d1c9bdb7;dl-de/by-2-0;pdf;DVS 2017 First findings (EN)
2018fragebogenDVS2017.pdf;data/raw/dvs/2018fragebogenDVS2017.pdf;https://www.bka.de/SharedDocs/Downloads/DE/Publikationen/Publikationsreihen/Forschungsergebnisse/2018fragebogenDVS2017.pdf?__blob=publicationFile&v=13;Bundeskriminalamt;2017;;2026-08-26;1856823;b62b6869271b5878a5c55a4e5d1b15157260b430c59f774d1514fbe8ef31edc8;dl-de/by-2-0;pdf;DVS 2017 Fragebogen
2018methodenberichtDVS2017.pdf;data/raw/dvs/2018methodenberichtDVS2017.pdf;https://www.bka.de/SharedDocs/Downloads/DE/Publikationen/Publikationsreihen/Forschungsergebnisse/2018methodenberichtDVS2017.pdf?__blob=publicationFile&v=10;Bundeskriminalamt;2017;;2026-08-26;1012471;c8fc484996ce0835d438479637f2682287ce2642bbdd25c9708c77ec158a7a43;dl-de/by-2-0;pdf;DVS 2017 Methodenbericht
2018aenderungsnachweisDVS2017.pdf;data/raw/dvs/2018aenderungsnachweisDVS2017.pdf;https://www.bka.de/SharedDocs/Downloads/DE/Publikationen/Publikationsreihen/Forschungsergebnisse/2018aenderungsnachweisDVS2017.pdf?__blob=publicationFile&v=5;Bundeskriminalamt;2017;;2026-08-26;120842;b59a748a1aae46dd15bcea5fda7e188f0a4171c4fd24a30e4aaf2111c095260c;dl-de/by-2-0;pdf;DVS 2017 Aenderungsnachweis
crim_off_cat.tsv;data/raw/eurostat/crim_off_cat.tsv;https://ec.europa.eu/eurostat/api/dissemination/sdmx/2.1/data/crim_off_cat?format=TSV;Eurostat;2008-2024;abruf aktuell;2026-08-26;194218;78069299993239d5a5be203db2abf0a9f457d03e47ac5901734536e4e74fea1a;Eurostat, freie Nutzung mit Quellenangabe (CC BY 4.0);tsv;Recorded offences by offence category - police data (2008-2024), alle Laender/Jahre, SDMX-API
crim_gen.tsv;data/raw/eurostat/crim_gen.tsv;https://ec.europa.eu/eurostat/api/dissemination/sdmx/2.1/data/crim_gen?format=TSV;Eurostat;1993-2007;abruf aktuell;2026-08-26;28931;7c19e23484192bdf41618efff1e2ea3c1a551a8af83a6a258e8d3ecdd07b587a;Eurostat, freie Nutzung mit Quellenangabe (CC BY 4.0);tsv;Crimes recorded by the police by offence category (historisch 1993-2007), SDMX-API
T20-ZR-Bund-TV-insg_xls.xlsx;data/raw/pks/zeitreihen/2025/ZR-TV-01-T20-TV-insg_xls.xlsx;https://www.bka.de/SharedDocs/Downloads/DE/Publikationen/PolizeilicheKriminalstatistik/2025/Interpretation/Tatverdaechtige/ZR-TV-01-T20-TV-insg_xls.xlsx?__blob=publicationFile&v=2;Bundeskriminalamt;2025;V1.0;2026-09-10;3588074;ae100d126717e91a0e185b30ac4aefd695b92055f8f783a36672afd78149aad6;dl-de/by-2-0;xlsx;zeitreihe_tatverdaechtige_insgesamt_ab1987
T40-ZR-Bund-TV-insg-deutsch_xls.xlsx;data/raw/pks/zeitreihen/2025/ZR-TV-04-T40-TV-insg-deutsch_xls.xlsx;https://www.bka.de/SharedDocs/Downloads/DE/Publikationen/PolizeilicheKriminalstatistik/2025/Interpretation/Tatverdaechtige/ZR-TV-04-T40-TV-insg-deutsch_xls.xlsx?__blob=publicationFile&v=2;Bundeskriminalamt;2025;V1.0;2026-09-10;3377768;0501fda54a6aa40b1ff9c69460ee5bf812dd25522025bd57d87535f06e8e4cce;dl-de/by-2-0;xlsx;zeitreihe_tatverdaechtige_deutsch_ab1987
T50-ZR-Bund-TV-insg-nichtdeutsch_xls.xlsx;data/raw/pks/zeitreihen/2025/ZR-TV-07-T50-TV-insg-nichtdeutsch_xls.xlsx;https://www.bka.de/SharedDocs/Downloads/DE/Publikationen/PolizeilicheKriminalstatistik/2025/Interpretation/Tatverdaechtige/ZR-TV-07-T50-TV-insg-nichtdeutsch_xls.xlsx?__blob=publicationFile&v=2;Bundeskriminalamt;2025;V1.0;2026-09-10;3170796;7a2e9a8c41ba89210291a4407769ad0def48d0c36638a30df41f9db84379b18c;dl-de/by-2-0;xlsx;zeitreihe_tatverdaechtige_nichtdeutsch_ab1987
T20-ZR-Bund-TVBZ-insg.xlsx;data/raw/pks/zeitreihen/2025/ZR-BZ-01-T20-TVBZinsgesamt2009_xls.xlsx;https://www.bka.de/SharedDocs/Downloads/DE/Publikationen/PolizeilicheKriminalstatistik/2025/Interpretation/Belastungszahlen/ZR-BZ-01-T20-TVBZinsgesamt2009_xls.xlsx?__blob=publicationFile&v=2;Bundeskriminalamt;2025;V1.0;2026-09-10;1902455;06ffa294c0f8a5b7471033811a085bebfed06d65148c1bfc552d92f43c31d7f8;dl-de/by-2-0;xlsx;tatverdaechtigenbelastungszahl_ab2009
T40-ZR-Bund-TVBZ-deutsch.xlsx;data/raw/pks/zeitreihen/2025/ZR-BZ-01-T40-TVBZ-insg-deutsch_xls.xlsx;https://www.bka.de/SharedDocs/Downloads/DE/Publikationen/PolizeilicheKriminalstatistik/2025/Interpretation/Belastungszahlen/ZR-BZ-01-T40-TVBZ-insg-deutsch_xls.xlsx?__blob=publicationFile&v=2;Bundeskriminalamt;2025;V1.0;2026-09-10;1912767;e46927797da23b051d129a1eecce9a000220e9bb204d7349df992a7de7c5b998;dl-de/by-2-0;xlsx;tvbz_deutsche_wohnbevoelkerung_ab2009
T50-ZR-Bund-TVBZ-nichtdeutsch.xlsx;data/raw/pks/zeitreihen/2025/ZR-BZ-01-T50-TVBZgesamtnichtdeutsch2009_xls.xlsx;https://www.bka.de/SharedDocs/Downloads/DE/Publikationen/PolizeilicheKriminalstatistik/2025/Interpretation/Belastungszahlen/ZR-BZ-01-T50-TVBZgesamtnichtdeutsch2009_xls.xlsx?__blob=publicationFile&v=2;Bundeskriminalamt;2025;V1.0;2026-09-10;1752110;2cbfb374ab8f7aa28070cf52f186691086d203707e10cd1b6375dbd3c713dead;dl-de/by-2-0;xlsx;tvbz_nichtdeutsche_wohnbevoelkerung_ab2009
2100300247005_SBb.xlsx;data/raw/destatis/2100300247005_SBb_Strafverfolgung_2024.xlsx;https://www.destatis.de/static/DE/dokumente/2100300247005_SBb.xlsx;Statistisches Bundesamt (Destatis);2024;;2026-09-10;34811613;d06759a393315f52a271656052c384beb64b4f44de12ad6badbd88f1eed362ea;dl-de/by-2-0;xlsx;strafverfolgungsstatistik_verurteilte_je_delikt_tabelle_24311-05
2100300237005_SB.xlsx;data/raw/destatis/2100300237005_SB_Strafverfolgung_2023.xlsx;https://www.destatis.de/static/DE/dokumente/2100300237005_SB.xlsx;Statistisches Bundesamt (Destatis);2023;;2026-09-10;30691652;fbf75488c009c7a85dc1e14efc66f4ad03976c7505d45f57ccf27dff6a78454b;dl-de/by-2-0;xlsx;strafverfolgungsstatistik_verurteilte_je_delikt_tabelle_24311-05
statistischer-bericht-strafverfolgung-2100300227005.xlsx;data/raw/destatis/2100300227005_SB_Strafverfolgung_2022.xlsx;https://www.destatis.de/DE/Themen/Staat/Justiz-Rechtspflege/Publikationen/Downloads-Strafverfolgung-Strafvollzug/statistischer-bericht-strafverfolgung-2100300227005.xlsx?__blob=publicationFile&v=3;Statistisches Bundesamt (Destatis);2022;;2026-09-10;25495275;80a4876e7cde39bfe1719563dab76b00808d5fc172676d49148f33802c87272c;dl-de/by-2-0;xlsx;strafverfolgungsstatistik_verurteilte_je_delikt_tabelle_24311-05
DIW_WR_2025-30_Kriminalitaetsfurcht.pdf;data/raw/soep_diw/DIW_WR_2025-30_Kriminalitaetsfurcht.pdf;https://www.diw.de/documents/publikationen/73/diw_01.c.969698.de/dwr_25-30-1.pdf;DIW Berlin;2025;;2026-09-10;1389862;6958a0a8d956df0afa6e41767b8de558ce3ef860c13d1d806868d0ee67217a9d;DIW (wissenschaftliche Nutzung, Quellenangabe);pdf;soep_soziale_und_personale_kriminalitaetsfurcht_datenanhang_nicht_frei
statistikportal_flaeche_bevoelkerung.html;data/raw/laender_indikatoren/statistikportal_flaeche_bevoelkerung.html;https://www.statistikportal.de/de/bevoelkerung/flaeche-und-bevoelkerung;Statistische Ämter des Bundes und der Länder;2025;Abruf 09/2026;2026-09-10;50064;c8034efbb42f4457a5cd7e2f12a1ad77728e0fadf356439e57be9d8c60cc59b3;dl-de/by-2-0;HTML;Bevölkerungsstand, Gebietsfläche, Bevölkerungsdichte je Bundesland
destatis_nationalitaet.html;data/raw/laender_indikatoren/destatis_nationalitaet.html;https://www.destatis.de/DE/Themen/Gesellschaft-Umwelt/Bevoelkerung/Bevoelkerungsstand/Tabellen/bevoelkerung-nichtdeutsch-laender-basis-2022.html;Statistisches Bundesamt (Destatis);2023;Basis Zensus 2022;2026-09-10;75474;3169dc957fed0048042a2f1857878132aea1c6567f9e9e15979217ba77c7a273;dl-de/by-2-0;HTML;Bevölkerung nach Nationalität je Bundesland
vgrdl_faltblatt_bs2025_0.pdf;data/raw/laender_indikatoren/vgrdl_faltblatt_2025.pdf;https://www.statistikportal.de/sites/default/files/2026-08/vgrdl_faltblatt_bs2025_0.pdf;Arbeitskreis VGR der Länder;2024;Ausgabe 2026;2026-09-10;1081212;41ff9e4f3f2aea333f5e058f1b571bb5dc9ae3bc8dbf08b0c9e35171079fa433;dl-de/by-2-0;PDF;BIP und verfügbares Einkommen je Einwohner nach Bundesland
NUTS_RG_20M_2021_4326.geojson;data/raw/laender_geo/NUTS_RG_20M_2021_4326.geojson;https://gisco-services.ec.europa.eu/distribution/v2/nuts/geojson/NUTS_RG_20M_2021_4326.geojson;Eurostat/GISCO;2021;Auflösung 1:20 Mio.;2026-09-10;3168009;65239ec4bfca335041535b8ad73328fcc47c2b3c1f232561f0f84a169714fcf9;CC BY 4.0;GeoJSON;Kartengeometrie der NUTS-1-Regionen (= Bundesländer)
Crime_Survey_2022_Hauptbericht.pdf;data/raw/ch/crime_survey/Crime_Survey_2022_Hauptbericht.pdf;https://www.unisg.ch/fileadmin/user_upload/HSG_ROOT/_Kernauftritt_HSG/Universitaet/Crime_Survey_2022_Hauptbericht.pdf;ZHAW / Universitaet St. Gallen (KKPKS);2022;;2026-09-11;960333;dc057d0d84ddf691143eeb2970c5e845aacae971333ccb730b06e82e37ccb3be;keine offene Lizenz, wissenschaftliche Nutzung mit Quellenangabe;pdf;swiss_crime_survey_2022_hauptbericht
Crime_Survey_2022_Zusatzbericht_Hate_Crime.pdf;data/raw/ch/crime_survey/Crime_Survey_2022_Zusatzbericht_Hate_Crime.pdf;https://www.unisg.ch/fileadmin/user_upload/HSG_ROOT/_Kernauftritt_HSG/Universitaet/Crime_Survey_2022_Zusatzbericht_Hate_Crime.pdf;ZHAW / Universitaet St. Gallen (KKPKS);2022;;2026-09-11;382099;0e8825f78299ac3070bbb307147e928b212041073f66cad0ced71ac51463718a;keine offene Lizenz, wissenschaftliche Nutzung mit Quellenangabe;pdf;swiss_crime_survey_2022_hate_crime
ICVS_2015_Bericht_National_DE_final.pdf;data/raw/ch/crime_survey/ICVS_2015_Bericht_National_DE_final.pdf;https://www.krc.ch/krcwp/wp-content/uploads/2016/02/ICVS_2015_Bericht_National_DE_final.pdf;Killias Research & Consulting, im Auftrag KKPKS;2015;;2026-09-11;1394256;a868443c694a91407e1ff9869bdec52879e98d3d7fe94108f26924be9ab61277;keine offene Lizenz, wissenschaftliche Nutzung mit Quellenangabe;pdf;schweizerische_sicherheitsbefragung_2015_nationalbericht
